customerID,gender,SeniorCitizen,Partner,Dependents,tenure,PhoneService,MultipleLines,InternetService,OnlineSecurity,OnlineBackup,DeviceProtection,TechSupport,StreamingTV,StreamingMovies,Contract,PaperlessBilling,PaymentMethod,MonthlyCharges,TotalCharges,Churn
7590-VHVEG,Male,0,y,No,1.0,No,No phone service,Fiberoptic,No,Yes,No,No,No,No,month to month,Yes,Electronic check,29.85,29.85,No
5575-GNVDE,m,0,NO,No,34.0,Yes,No,Fiberoptic,Yes,No,Yes,No,No,No,Two Year,No,Mailed check,56.95,1889.5,No
3668-QPYBK,Male,0,YES,No,2.0,Yes,No,dsl,Yes,Yes,No,No,No,No,2 Year,Yes,Mailed check,53.85,108.15,Yes
7795-CFOCW,Female,0,Yes,No,45.0,No,No phone service,DSL,Yes,No,Yes,Yes,No,No,1 year,No,Bank transfer (automatic),42.3,1840.75,No
9237-HQITU,Male,0,no,,2.0,Yes,No,fiber,No,No,No,No,No,No,Month-to-Month,Yes,Electronic check,70.7,151.65,Yes
9305-CDSKC,Female,0,y,No,8.0,Yes,Yes,DSL,No,No,Yes,No,Yes,Yes,2 Year,Yes,Electronic check,99.65,,Yes
1452-KIOVK,fe male,0,n,Yes,22.0,Yes,Yes,fiber optic,No,Yes,No,No,Yes,No,month to month,,Credit card (automatic),89.1,1949.4,No
6713-OKOMC,Male,0,Yes,No,10.0,No,No phone service,Dsl,Yes,No,No,No,No,No,One Year,No,Mailed check,29.75,301.9,No
7892-POOKP,FEMALE,0,YES,,28.0,Yes,Yes,fiber,No,No,Yes,Yes,Yes,Yes,1 Year,Yes,Electronic check,104.8,3046.05,Yes
6388-TABGU,m,0,Yes,Yes,62.0,Yes,No,Dsl,Yes,Yes,No,No,No,No,Two Year,No,Bank transfer (automatic),,3487.95,No
9763-GRSKD,FEMALE,0,Yes,Yes,13.0,Yes,No,fiber optic,Yes,No,No,No,No,No,1 year,Yes,Mailed check,49.95,587.45,No
7469-LKBCI,Male,0,YES,No,16.0,Yes,No,Dsl,No internet service,No internet service,No internet service,No internet service,No internet service,No internet service,1 Year,No,Credit card (automatic),18.95,326.8,No
8091-TTVAX,m,0,YES,No,58.0,Yes,Yes,fiber optic,No,No,Yes,No,Yes,Yes,1 Year,No,Credit card (automatic),,5681.1,No
0280-XJGEX,FEMALE,0,No,No,49.0,Yes,Yes,fiber optic,No,Yes,Yes,No,Yes,Yes,Two Year,Yes,Bank transfer (automatic),103.7,5036.3,Yes
5129-JLPIS,FEMALE,0,y,No,25.0,Yes,No,DSL,Yes,No,Yes,Yes,Yes,Yes,1 year,Yes,Electronic check,105.5,2686.05,No
3655-SNQYZ,Female,0,No,Yes,69.0,Yes,Yes,DSL,Yes,Yes,Yes,Yes,Yes,Yes,One Year,No,Credit card (automatic),113.25,7895.15,No
8191-XWSZG,Male,0,No,No,52.0,Yes,No,dsl,No internet service,No internet service,No internet service,No internet service,No internet service,No internet service,Two Year,No,Mailed check,20.65,1022.95,No
9959-WOFKT,fe male,0,YES,,71.0,Yes,Yes,dsl,Yes,No,Yes,No,Yes,Yes,Two Year,No,Bank transfer (automatic),106.7,7382.25,No
4190-MFLUW,fe male,0,NO,Yes,10.0,Yes,No,Fiberoptic,No,No,Yes,Yes,No,No,1 Year,No,Credit card (automatic),55.2,528.35,Yes
4183-MYFRB,m,0,y,No,21.0,Yes,No,fiber optic,No,Yes,Yes,No,No,Yes,Month-to-Month,Yes,Electronic check,90.05,1862.9,No
8779-QRDMV,FEMALE,1,Yes,No,1.0,No,No phone service,fiber,No,No,Yes,No,No,Yes,2 year,Yes,Electronic check,39.65,39.65,Yes
1680-VDCWW,FEMALE,0,YES,No,12.0,Yes,No,dsl,No internet service,No internet service,No internet service,No internet service,No internet service,No internet service,1 Year,No,Bank transfer (automatic),19.8,202.25,No
1066-JKSGK,Male,0,Yes,No,1.0,Yes,No,Dsl,No internet service,No internet service,No internet service,No internet service,No internet service,No internet service,One Year,No,Mailed check,20.15,20.15,Yes
3638-WEABW,Male,0,no,No,58.0,Yes,Yes,fiber,No,Yes,No,Yes,No,No,month to month,Yes,Credit card (automatic),59.9,3505.1,No
6322-HRPFA,Male,0,Yes,Yes,49.0,Yes,No,DSL,Yes,Yes,No,Yes,No,No,2 Year,No,Credit card (automatic),59.6,2970.3,No
6865-JZNKO,m,0,Yes,No,30.0,Yes,No,Fiberoptic,Yes,Yes,No,No,No,No,One Year,Yes,Bank transfer (automatic),55.3,1530.6,No
6467-CHFZW,Male,0,Yes,Yes,47.0,Yes,Yes,dsl,No,Yes,No,No,Yes,Yes,month to month,Yes,Electronic check,99.35,4749.15,Yes
8665-UTDHZ,f,0,No,Yes,,No,No phone service,fiber optic,No,Yes,No,No,No,No,month to month,No,Electronic check,30.2,30.2,Yes
5248-YGIJN,fe male,0,No,No,72.0,Yes,Yes,fiber optic,Yes,Yes,Yes,Yes,Yes,Yes,1 year,Yes,Credit card (automatic),90.25,6369.45,No
8773-HHUOZ,fe male,0,y,Yes,17.0,Yes,No,Fiber Optic,No,No,No,No,Yes,Yes,Two Year,Yes,Mailed check,64.7,1093.1,Yes
3841-NFECX,m,1,YES,No,71.0,Yes,Yes,Fiber Optic,Yes,Yes,Yes,Yes,No,No,1 Year,Yes,Credit card (automatic),96.35,6766.95,No
4929-XIHVW,m,1,Yes,No,2.0,Yes,No,Fiber Optic,No,No,Yes,No,Yes,Yes,2 Year,Yes,Credit card (automatic),95.5,181.65,No
6827-IEAUQ,fe male,0,YES,Yes,27.0,Yes,No,fiber optic,Yes,Yes,Yes,Yes,No,No,2 year,No,Mailed check,66.15,1874.45,No
7310-EGVHZ,Female,0,NO,No,1.0,Yes,No,Fiber Optic,No internet service,No internet service,No internet service,No internet service,No internet service,No internet service,1 year,No,Bank transfer (automatic),20.2,20.2,No
3413-BMNZE,Female,1,Yes,No,1.0,Yes,No,DSL,No,No,No,No,No,No,1 Year,No,Bank transfer (automatic),45.25,45.25,No
6234-RAAPL,Male,0,YES,Yes,72.0,Yes,Yes,DSL,Yes,Yes,No,Yes,Yes,No,month to month,No,Bank transfer (automatic),99.9,7251.7,No
6047-YHPVI,f,0,no,,5.0,Yes,No,fiber optic,No,No,No,No,No,No,1 Year,Yes,Electronic check,69.7,316.9,Yes
6572-ADKRS,f,0,n,No,46.0,Yes,No,DSL,No,No,Yes,No,No,No,month to month,Yes,Credit card (automatic),74.8,3548.3,No
5380-WJKOV,Male,0,n,No,34.0,Yes,Yes,Dsl,No,Yes,Yes,No,Yes,Yes,1 year,Yes,Electronic check,106.35,3549.25,Yes
8168-UQWWF,Male,0,Yes,No,11.0,Yes,Yes,Fiber Optic,No,No,Yes,No,Yes,Yes,1 year,,Bank transfer (automatic),,1105.4,Yes
8865-TNMNX,Male,0,n,Yes,10.0,Yes,No,fiber,No,Yes,No,No,No,No,2 year,No,Mailed check,49.55,475.7,No
9489-DEDVP,Male,0,No,Yes,70.0,Yes,Yes,Dsl,Yes,Yes,No,No,Yes,No,Two Year,Yes,Credit card (automatic),69.2,4872.35,No
9867-JCZSP,Female,0,NO,Yes,17.0,Yes,No,DSL,No internet service,No internet service,No internet service,No internet service,No internet service,No internet service,month to month,No,Mailed check,20.75,418.25,No
4671-VJLCL,Male,0,n,No,63.0,Yes,Yes,Fiberoptic,Yes,Yes,Yes,Yes,Yes,No,Month-to-Month,Yes,Credit card (automatic),79.85,4861.45,No
4080-IIARD,fe male,0,Yes,No,13.0,Yes,Yes,fiber optic,Yes,Yes,No,Yes,Yes,No,2 year,Yes,Electronic check,76.2,981.45,No
3714-NTNFO,FEMALE,0,NO,No,49.0,Yes,Yes,Fiber Optic,No,No,No,No,No,Yes,One Year,Yes,Electronic check,84.5,3906.7,No
5948-UJZLF,Male,0,NO,No,,Yes,No,Fiber Optic,No,Yes,No,No,No,No,1 Year,,Mailed check,49.25,97,No
7760-OYPDY,FEMALE,0,no,No,,Yes,No,Dsl,No,No,No,No,Yes,No,Two Year,Yes,Electronic check,80.65,144.15,Yes
7639-LIAYI,FEMALE,0,NO,No,52.0,Yes,Yes,Fiberoptic,Yes,No,No,Yes,Yes,Yes,month to month,Yes,Credit card (automatic),79.75,4217.8,No
2954-PIBKO,Male,0,Yes,Yes,69.0,Yes,Yes,fiber optic,Yes,No,Yes,Yes,No,No,Two Year,Yes,Credit card (automatic),64.15,4254.1,No
8012-SOUDQ,fe male,1,y,No,43.0,Yes,Yes,DSL,No,Yes,No,No,Yes,No,2 Year,Yes,Electronic check,90.25,3838.75,No
9420-LOJKX,m,0,YES,No,15.0,Yes,No,DSL,Yes,Yes,No,No,Yes,Yes,Month-to-Month,Yes,Credit card (automatic),99.1,1426.4,Yes
6575-SUVOI,Female,1,NO,No,25.0,Yes,Yes,Dsl,Yes,No,No,Yes,Yes,No,1 Year,Yes,Credit card (automatic),69.5,1752.65,No
7495-OOKFY,Male,1,Yes,No,8.0,Yes,Yes,DSL,No,Yes,No,No,No,No,2 Year,Yes,Credit card (automatic),80.65,633.3,Yes
4667-QONEA,f,1,NO,Yes,60.0,Yes,No,dsl,Yes,Yes,Yes,Yes,No,Yes,1 year,Yes,Credit card (automatic),74.85,4456.35,No
1658-BYGOY,Male,1,n,No,18.0,Yes,Yes,DSL,No,No,No,No,Yes,Yes,2 year,Yes,Electronic check,95.45,1752.55,Yes
8769-KKTPH,fe male,0,Yes,Yes,63.0,Yes,Yes,Fiberoptic,Yes,No,No,No,Yes,Yes,2 Year,Yes,Credit card (automatic),99.65,6311.2,No
5067-XJQFU,fe male,1,Yes,Yes,66.0,Yes,Yes,Fiberoptic,No,Yes,Yes,Yes,Yes,Yes,month to month,,Electronic check,108.45,7076.35,No
3957-SQXML,Female,0,Yes,Yes,34.0,Yes,Yes,fiber,No internet service,No internet service,No internet service,No internet service,No internet service,No internet service,month to month,No,Credit card (automatic),24.95,894.3,No
5954-BDFSG,fe male,0,No,No,72.0,Yes,Yes,Fiberoptic,No,No,Yes,Yes,Yes,Yes,2 Year,,Credit card (automatic),107.5,,No
0434-CSFON,fe male,0,n,No,,Yes,Yes,Fiber Optic,No,No,Yes,No,Yes,Yes,1 year,Yes,Electronic check,100.5,4707.1,No
1215-FIGMP,FEMALE,0,NO,No,60.0,Yes,Yes,dsl,No,Yes,No,No,Yes,No,Month-to-Month,,Bank transfer (automatic),89.9,5450.7,No
0526-SXDJP,Female,0,Yes,No,72.0,No,No phone service,Fiberoptic,Yes,Yes,Yes,No,No,No,1 Year,No,Bank transfer (automatic),42.1,2962,No
0557-ASKVU,Male,0,y,Yes,18.0,Yes,No,dsl,No,No,Yes,Yes,No,No,2 year,,Credit card (automatic),54.4,957.1,No
5698-BQJOH,f,0,Yes,No,9.0,Yes,Yes,Fiberoptic,No,No,No,No,Yes,Yes,month to month,No,Electronic check,94.4,857.25,Yes
5122-CYFXA,f,0,NO,No,,Yes,No,dsl,No,Yes,No,Yes,Yes,Yes,month to month,,Electronic check,75.3,244.1,No
8627-ZYGSZ,Female,0,Yes,No,47.0,Yes,Yes,fiber,No,Yes,No,No,No,No,month to month,Yes,Electronic check,,3650.35,No
3410-YOQBQ,Male,0,y,No,31.0,Yes,No,dsl,No,Yes,Yes,Yes,Yes,Yes,month to month,No,Mailed check,79.2,2497.2,No
3170-NMYVV,Female,0,No,Yes,50.0,Yes,No,fiber optic,No internet service,No internet service,No internet service,No internet service,No internet service,No internet service,month to month,No,Bank transfer (automatic),20.15,930.9,No
7410-OIEDU,Male,0,Yes,No,,Yes,No,dsl,Yes,No,Yes,No,No,No,1 Year,Yes,Mailed check,79.85,887.35,No
2273-QCKXA,fe male,0,No,No,1.0,Yes,No,DSL,No,No,No,Yes,No,No,1 year,No,Mailed check,,49.05,No
0731-EBJQB,FEMALE,0,Yes,Yes,52.0,Yes,No,Dsl,No internet service,No internet service,No internet service,No internet service,No internet service,No internet service,One Year,Yes,Electronic check,20.4,,No
1891-QRQSA,fe male,1,YES,Yes,64.0,Yes,Yes,Fiberoptic,Yes,No,Yes,Yes,Yes,Yes,2 year,Yes,Bank transfer (automatic),111.6,7099,No
8028-PNXHQ,f,0,y,Yes,62.0,Yes,Yes,fiber,No internet service,No internet service,No internet service,No internet service,No internet service,No internet service,Month-to-Month,Yes,Bank transfer (automatic),,1424.6,No
5630-AHZIL,fe male,0,No,Yes,3.0,Yes,No,Fiberoptic,Yes,No,No,Yes,No,Yes,Month-to-Month,Yes,Bank transfer (automatic),64.5,177.4,No
2673-CXQEU,f,1,YES,No,56.0,Yes,Yes,fiber optic,Yes,Yes,Yes,No,Yes,Yes,month to month,No,Electronic check,110.5,6139.5,No
6416-JNVRK,fe male,0,no,No,46.0,Yes,No,Fiberoptic,No,No,No,No,No,Yes,1 year,No,Credit card (automatic),55.65,2688.85,No
5590-ZSKRV,f,0,y,Yes,8.0,Yes,No,dsl,Yes,Yes,No,No,No,No,2 year,No,Mailed check,54.65,482.25,No
0191-ZHSKZ,m,1,n,No,30.0,Yes,No,Dsl,Yes,Yes,No,No,Yes,Yes,One Year,Yes,Electronic check,74.75,,No
3887-PBQAO,Female,0,NO,Yes,45.0,Yes,Yes,Fiber Optic,No internet service,No internet service,No internet service,No internet service,No internet service,No internet service,Month-to-Month,Yes,Credit card (automatic),25.9,1216.6,No
5919-TMRGD,fe male,0,Yes,Yes,1.0,Yes,No,fiber,No,No,No,No,Yes,No,One Year,,Electronic check,79.35,79.35,Yes
8108-UXRQN,FEMALE,0,no,Yes,11.0,No,No phone service,Fiberoptic,Yes,No,No,No,Yes,Yes,Month-to-Month,No,Electronic check,50.55,565.35,No
9191-MYQKX,Male,0,n,No,7.0,Yes,No,fiber,No,No,Yes,No,No,No,1 Year,Yes,Bank transfer (automatic),75.15,496.9,Yes
9919-YLNNG,fe male,0,n,No,42.0,Yes,No,DSL,No,Yes,Yes,Yes,Yes,Yes,1 year,Yes,Bank transfer (automatic),103.8,4327.5,No
0318-ZOPWS,f,0,NO,No,49.0,Yes,No,Fiber Optic,No internet service,No internet service,No internet service,No internet service,No internet service,No internet service,Two Year,Yes,Bank transfer (automatic),20.15,973.35,No
4445-ZJNMU,Male,0,YES,No,9.0,Yes,Yes,Fiber Optic,No,Yes,No,No,Yes,Yes,month to month,Yes,Credit card (automatic),99.3,918.75,No
4808-YNLEU,m,0,n,No,35.0,Yes,No,fiber,Yes,No,No,No,Yes,No,2 year,Yes,Bank transfer (automatic),,2215.45,No
1862-QRWPE,Male,0,Yes,Yes,48.0,Yes,No,Fiberoptic,No internet service,No internet service,No internet service,No internet service,No internet service,No internet service,1 year,No,Bank transfer (automatic),20.65,1057,No
2796-NNUFI,m,0,no,Yes,46.0,Yes,No,Fiberoptic,No internet service,No internet service,No internet service,No internet service,No internet service,No internet service,One Year,Yes,Mailed check,19.95,927.1,No
3016-KSVCP,m,0,Yes,No,29.0,No,No phone service,Fiberoptic,No,No,No,No,Yes,No,Month-to-Month,No,Mailed check,33.75,1009.25,No
4767-HZZHQ,Male,0,NO,Yes,30.0,Yes,No,fiber optic,No,Yes,Yes,No,No,No,One Year,No,Bank transfer (automatic),82.05,2570.2,No
2424-WVHPL,Female,1,y,No,1.0,Yes,No,dsl,No,No,No,Yes,No,No,1 Year,,Electronic check,74.7,74.7,No
7233-PAHHL,Male,0,No,Yes,66.0,Yes,Yes,Fiberoptic,Yes,No,Yes,Yes,Yes,Yes,One Year,Yes,Mailed check,84.0,5714.25,No
6067-NGCEU,Female,0,NO,No,65.0,Yes,Yes,Dsl,Yes,Yes,Yes,No,Yes,Yes,Two Year,Yes,Credit card (automatic),111.05,7107,No
9848-JQJTX,fe male,0,y,No,72.0,Yes,Yes,Fiber Optic,No,Yes,Yes,No,Yes,Yes,Two Year,Yes,Bank transfer (automatic),100.9,7459.05,No
8637-XJIVR,m,0,y,No,12.0,Yes,Yes,dsl,Yes,No,No,No,No,No,month to month,Yes,Electronic check,78.95,927.35,Yes
9803-FTJCG,f,0,NO,Yes,71.0,Yes,Yes,DSL,Yes,Yes,No,Yes,No,No,1 Year,Yes,Credit card (automatic),66.85,4748.7,No
0278-YXOOG,Male,0,no,No,5.0,Yes,No,fiber optic,No internet service,No internet service,No internet service,No internet service,No internet service,No internet service,2 Year,No,Mailed check,21.05,113.85,Yes
3212-KXOCR,Male,0,n,,52.0,Yes,No,fiber optic,No internet service,No internet service,No internet service,No internet service,No internet service,No internet service,One Year,No,Bank transfer (automatic),21.0,1107.2,No
4598-XLKNJ,Female,1,YES,,25.0,Yes,No,dsl,No,Yes,Yes,No,Yes,Yes,2 Year,Yes,Electronic check,98.5,2514.5,Yes
6380-ARCEH,f,0,no,No,1.0,Yes,No,Fiber Optic,No internet service,No internet service,No internet service,No internet service,No internet service,No internet service,Month-to-Month,No,Mailed check,20.2,20.2,No
3679-XASPY,FEMALE,0,YES,Yes,1.0,Yes,No,DSL,No internet service,No internet service,No internet service,No internet service,No internet service,No internet service,Two Year,No,Electronic check,19.45,19.45,No
7123-WQUHX,fe male,0,YES,No,,Yes,Yes,fiber,No,No,Yes,Yes,Yes,No,1 year,No,Bank transfer (automatic),95.0,3605.6,No
5386-THSLQ,fe male,1,NO,No,66.0,No,No phone service,Fiber Optic,No,Yes,Yes,No,Yes,No,Two Year,No,Bank transfer (automatic),45.55,3027.25,No
3192-NQECA,fe male,0,y,No,68.0,Yes,Yes,dsl,No,Yes,Yes,Yes,Yes,Yes,2 Year,Yes,Bank transfer (automatic),110.0,7611.85,Yes
6180-YBIQI,fe male,0,No,No,5.0,No,No phone service,dsl,No,No,No,No,No,No,2 year,No,Mailed check,,100.2,No
6728-DKUCO,Male,0,y,Yes,72.0,Yes,Yes,Dsl,Yes,Yes,No,No,Yes,Yes,month to month,Yes,Electronic check,104.15,7303.05,No
9750-BOOHV,Female,0,n,No,32.0,No,No phone service,fiber optic,Yes,No,No,No,No,No,month to month,No,Mailed check,30.15,927.65,No
8597-CWYHH,Female,0,No,No,43.0,Yes,Yes,Dsl,No,No,No,No,Yes,Yes,One Year,No,Mailed check,94.35,3921.3,No
2848-YXSMW,FEMALE,0,Yes,Yes,72.0,Yes,No,Fiber Optic,No internet service,No internet service,No internet service,No internet service,No internet service,No internet service,One Year,No,Credit card (automatic),,1363.25,No
0486-HECZI,Male,0,no,No,55.0,Yes,Yes,fiber optic,Yes,Yes,No,No,Yes,No,One Year,Yes,Electronic check,96.75,5238.9,Yes
4549-ZDQYY,FEMALE,0,YES,No,52.0,Yes,No,Dsl,Yes,No,Yes,Yes,No,No,Month-to-Month,No,Credit card (automatic),57.95,3042.25,No
5712-AHQNN,fe male,0,y,No,43.0,Yes,No,Dsl,No,Yes,Yes,No,Yes,No,One Year,Yes,Electronic check,91.65,3954.1,No
4846-WHAFZ,fe male,1,NO,No,,Yes,Yes,dsl,No,No,No,No,No,No,1 Year,Yes,Electronic check,76.5,2868.15,Yes
5256-SKJGO,FEMALE,0,y,Yes,64.0,No,No phone service,fiber,No,Yes,No,Yes,Yes,Yes,One Year,Yes,Electronic check,54.6,3423.5,No
3071-VBYPO,FEMALE,0,Yes,Yes,3.0,Yes,No,fiber,Yes,Yes,No,No,Yes,No,Two Year,No,Electronic check,89.85,248.4,No
9560-BBZXK,fe male,0,YES,No,,No,No phone service,Dsl,Yes,No,No,No,No,No,Month-to-Month,No,Bank transfer (automatic),31.05,1126.35,No
5299-RULOA,Female,0,No,Yes,10.0,Yes,Yes,Fiber Optic,Yes,No,No,No,Yes,Yes,2 Year,,Electronic check,100.25,1064.65,Yes
8402-OOOHJ,FEMALE,0,Yes,No,41.0,Yes,No,dsl,No internet service,No internet service,No internet service,No internet service,No internet service,No internet service,2 year,No,Mailed check,20.65,835.15,No
9445-ZUEQE,f,0,no,Yes,27.0,Yes,Yes,fiber optic,No,Yes,No,Yes,No,No,2 year,Yes,Credit card (automatic),85.2,2151.6,No
1091-SOZGA,Male,0,Yes,Yes,56.0,Yes,Yes,Fiber Optic,No,No,Yes,No,Yes,Yes,1 year,Yes,Credit card (automatic),99.8,,No
2928-HLDBA,Female,0,no,No,6.0,Yes,No,Fiber Optic,No internet service,No internet service,No internet service,No internet service,No internet service,No internet service,month to month,No,Mailed check,20.7,112.75,No
0404-SWRVG,FEMALE,0,y,No,3.0,Yes,Yes,Fiber Optic,No,No,No,No,No,No,One Year,Yes,Electronic check,74.4,229.55,Yes
6497-TILVL,Male,0,Yes,Yes,7.0,Yes,No,dsl,Yes,No,No,No,No,No,One Year,No,Mailed check,50.7,350.35,No
7219-TLZHO,Male,0,NO,Yes,4.0,Yes,No,fiber optic,No internet service,No internet service,No internet service,No internet service,No internet service,No internet service,1 year,No,Mailed check,20.85,,No
4622-YNKIJ,f,0,no,No,33.0,Yes,No,fiber optic,Yes,No,No,Yes,Yes,No,1 Year,Yes,Electronic check,88.95,3027.65,No
4412-YLTKF,Female,1,n,No,27.0,Yes,Yes,Fiber Optic,No,No,Yes,No,No,No,Month-to-Month,Yes,Electronic check,78.05,2135.5,Yes
6734-PSBAW,Male,0,Yes,No,,Yes,Yes,dsl,No internet service,No internet service,No internet service,No internet service,No internet service,No internet service,2 year,Yes,Bank transfer (automatic),23.55,1723.95,No
3930-ZGWVE,FEMALE,0,NO,No,1.0,Yes,No,dsl,No internet service,No internet service,No internet service,No internet service,No internet service,No internet service,Month-to-Month,No,Mailed check,19.75,19.75,No
2639-UGMAZ,f,1,n,No,71.0,No,No phone service,dsl,Yes,Yes,No,No,Yes,Yes,Month-to-Month,Yes,Electronic check,56.45,3985.35,No
2876-GZYZC,f,0,n,No,13.0,Yes,Yes,fiber,No,No,No,No,No,Yes,One Year,Yes,Electronic check,85.95,1215.65,No
6207-WIOLX,Male,0,No,Yes,25.0,No,No phone service,Fiber Optic,Yes,Yes,Yes,No,Yes,Yes,2 Year,,Credit card (automatic),58.6,1502.65,Yes
8587-XYZSF,m,0,NO,No,67.0,Yes,No,DSL,No,No,No,Yes,No,No,1 year,No,Bank transfer (automatic),50.55,3260.1,No
3091-FYHKI,f,0,n,No,1.0,No,No phone service,fiber,No,No,No,No,No,Yes,Two Year,Yes,Electronic check,35.45,35.45,Yes
2372-HWUHI,fe male,0,NO,No,2.0,Yes,No,Fiber Optic,No,No,No,No,No,No,Two Year,No,Electronic check,44.35,81.25,Yes
7799-LGRDP,Male,0,No,No,43.0,Yes,Yes,Fiber Optic,No internet service,No internet service,No internet service,No internet service,No internet service,No internet service,1 year,Yes,Credit card (automatic),25.7,1188.2,No
7850-VWJUU,f,0,NO,No,23.0,Yes,No,Fiberoptic,Yes,No,No,No,No,No,Two Year,Yes,Bank transfer (automatic),75.0,1778.5,No
3774-VBNXY,fe male,0,no,Yes,64.0,Yes,No,fiber,No internet service,No internet service,No internet service,No internet service,No internet service,No internet service,2 Year,No,Mailed check,20.2,1277.75,No
6217-KDYWC,f,0,y,Yes,57.0,Yes,No,Fiber Optic,No internet service,No internet service,No internet service,No internet service,No internet service,No internet service,1 Year,Yes,Mailed check,19.6,1170.55,No
0390-DCFDQ,FEMALE,1,Yes,No,1.0,Yes,No,fiber,No,No,No,No,No,No,2 year,Yes,Mailed check,70.45,70.45,Yes
3146-MSEGF,fe male,1,y,Yes,72.0,Yes,Yes,Dsl,Yes,Yes,Yes,Yes,Yes,Yes,1 year,Yes,Credit card (automatic),88.05,6425.65,No
4080-OGPJL,m,0,NO,,,Yes,Yes,Fiberoptic,Yes,No,No,Yes,No,Yes,1 Year,No,Electronic check,71.15,563.65,Yes
1095-WGNGG,FEMALE,0,Yes,No,61.0,Yes,Yes,fiber optic,No,Yes,No,No,Yes,Yes,One Year,Yes,Bank transfer (automatic),101.05,5971.25,No
2636-SJDOU,m,0,YES,No,64.0,Yes,Yes,Dsl,Yes,Yes,No,No,No,No,2 Year,Yes,Credit card (automatic),84.3,5289.05,No
1131-QQZEB,Male,1,NO,No,71.0,Yes,Yes,DSL,No internet service,No internet service,No internet service,No internet service,No internet service,No internet service,2 Year,No,Bank transfer (automatic),23.95,1756.2,No
5716-EZXZN,Male,0,YES,Yes,65.0,Yes,Yes,fiber optic,Yes,Yes,No,Yes,Yes,No,Two Year,,Credit card (automatic),99.05,6416.7,No
6837-BJYDQ,FEMALE,0,n,No,3.0,Yes,No,fiber optic,No internet service,No internet service,No internet service,No internet service,No internet service,No internet service,Month-to-Month,No,Mailed check,19.6,61.35,No
2135-RXIHG,FEMALE,0,no,No,1.0,Yes,No,fiber,No,No,No,No,No,No,1 Year,Yes,Electronic check,45.65,45.65,Yes
6440-DKQGE,fe male,0,n,Yes,30.0,Yes,No,DSL,No,Yes,Yes,No,Yes,No,Month-to-Month,No,Credit card (automatic),64.5,1929.95,No
3466-BYAVD,Female,0,no,Yes,15.0,Yes,No,Dsl,No,Yes,Yes,Yes,No,Yes,One Year,Yes,Mailed check,69.5,1071.4,No
3780-YVMFA,fe male,0,y,Yes,8.0,Yes,No,dsl,No,No,No,Yes,Yes,Yes,One Year,Yes,Electronic check,,564.35,No
3874-EQOEP,m,0,n,No,7.0,Yes,Yes,Fiberoptic,No,No,No,No,Yes,Yes,1 year,No,Mailed check,95.0,655.5,Yes
1679-JRFBR,FEMALE,0,Yes,Yes,70.0,Yes,Yes,dsl,Yes,Yes,Yes,No,Yes,Yes,month to month,Yes,Credit card (automatic),108.15,7930.55,No
9073-ZZIAY,Male,0,n,Yes,62.0,Yes,No,fiber,Yes,Yes,Yes,Yes,Yes,Yes,1 Year,No,Electronic check,86.1,5215.25,No
3077-RSNTJ,f,0,no,Yes,6.0,Yes,No,Fiberoptic,No internet service,No internet service,No internet service,No internet service,No internet service,No internet service,2 Year,No,Mailed check,19.7,113.5,No
6551-GNYDG,Male,0,n,Yes,14.0,Yes,No,Dsl,No,No,No,No,No,Yes,Two Year,Yes,Bank transfer (automatic),80.9,1152.8,No
9167-APMXZ,FEMALE,0,y,No,22.0,Yes,Yes,fiber,No,No,No,No,Yes,No,month to month,Yes,Bank transfer (automatic),84.15,1821.95,No
2749-CTKAJ,Male,0,n,Yes,22.0,Yes,No,Fiberoptic,No internet service,No internet service,No internet service,No internet service,No internet service,No internet service,Two Year,No,Mailed check,20.15,419.9,No
6371-NZYEG,f,0,NO,Yes,16.0,Yes,No,fiber optic,Yes,No,Yes,No,Yes,No,Month-to-Month,No,Mailed check,64.25,1024,No
7554-NEWDD,fe male,0,y,No,10.0,Yes,Yes,Fiberoptic,No internet service,No internet service,No internet service,No internet service,No internet service,No internet service,2 Year,No,Bank transfer (automatic),25.7,251.6,No
8992-VONJD,m,0,Yes,Yes,13.0,Yes,No,Fiberoptic,Yes,Yes,No,No,No,No,1 year,Yes,Electronic check,56.0,,No
0867-MKZVY,Male,0,no,No,20.0,Yes,Yes,fiber,Yes,No,No,No,No,No,2 year,No,Electronic check,82.4,1592.35,Yes
4482-EWFMI,fe male,0,No,No,2.0,Yes,No,fiber,No,No,No,No,No,No,One Year,Yes,Electronic check,69.7,135.2,No
4648-YPBTM,Male,0,Yes,No,53.0,Yes,Yes,dsl,No,Yes,Yes,Yes,No,Yes,1 year,Yes,Bank transfer (automatic),73.9,3958.25,No
2907-ILJBN,FEMALE,0,NO,Yes,11.0,Yes,No,fiber optic,No internet service,No internet service,No internet service,No internet service,No internet service,No internet service,2 Year,No,Mailed check,20.6,233.9,No
6345-FZOQH,fe male,0,YES,No,69.0,Yes,No,DSL,No internet service,No internet service,No internet service,No internet service,No internet service,No internet service,2 Year,No,Mailed check,19.9,1363.45,No
3376-BMGFE,f,0,Yes,No,4.0,Yes,No,dsl,No,No,No,No,No,No,Two Year,Yes,Bank transfer (automatic),70.9,273,Yes
5997-OPVFA,f,0,no,No,,Yes,Yes,fiber optic,Yes,Yes,Yes,Yes,Yes,Yes,One Year,Yes,Bank transfer (automatic),89.05,6254.45,No
3445-HXXGF,Female,1,No,No,58.0,No,No phone service,Dsl,No,Yes,Yes,No,No,Yes,Month-to-Month,Yes,Electronic check,45.3,2651.2,Yes
1159-WFSGR,fe male,0,Yes,Yes,16.0,Yes,No,DSL,No internet service,No internet service,No internet service,No internet service,No internet service,No internet service,2 year,No,Electronic check,20.4,321.4,No
7654-YWJUF,m,0,no,No,43.0,Yes,No,dsl,Yes,No,Yes,Yes,No,No,1 Year,Yes,Bank transfer (automatic),84.25,3539.25,No
1875-QIVME,f,0,y,No,2.0,Yes,Yes,fiber optic,No,No,Yes,Yes,Yes,Yes,2 year,Yes,Electronic check,104.4,,Yes
6727-IOTLZ,f,0,y,No,14.0,Yes,No,Dsl,No,Yes,Yes,Yes,Yes,Yes,month to month,No,Mailed check,81.95,1181.75,No
0691-JVSYA,FEMALE,0,Yes,No,53.0,Yes,No,Dsl,No,No,Yes,No,Yes,Yes,Month-to-Month,Yes,Bank transfer (automatic),94.85,5000.2,Yes
5918-VUKWP,Male,0,n,No,32.0,Yes,No,Dsl,No internet service,No internet service,No internet service,No internet service,No internet service,No internet service,month to month,No,Bank transfer (automatic),20.55,654.55,No
1744-JHKYS,Male,0,no,No,34.0,Yes,Yes,fiber optic,No internet service,No internet service,No internet service,No internet service,No internet service,No internet service,month to month,No,Electronic check,24.7,780.2,No
2656-FMOKZ,fe male,1,y,No,15.0,Yes,Yes,Dsl,No,No,No,No,No,No,Month-to-Month,Yes,Mailed check,74.45,1145.7,Yes
2070-FNEXE,f,1,Yes,No,7.0,Yes,No,fiber,Yes,No,No,No,No,No,1 Year,No,Bank transfer (automatic),76.45,503.6,Yes
5947-SGKCL,m,0,y,Yes,15.0,Yes,Yes,fiber optic,No,Yes,Yes,No,Yes,Yes,One Year,Yes,Bank transfer (automatic),105.35,1559.25,No
3712-PKXZA,Male,0,Yes,No,61.0,Yes,No,Fiber Optic,No internet service,No internet service,No internet service,No internet service,No internet service,No internet service,1 year,Yes,Credit card (automatic),20.55,,No
6317-YPKDH,m,0,no,No,1.0,No,No phone service,Fiberoptic,No,Yes,No,No,No,No,1 Year,,Bank transfer (automatic),29.95,29.95,Yes
6582-OIVSP,f,0,NO,No,1.0,Yes,No,dsl,No,No,No,No,No,No,1 Year,No,Mailed check,45.3,45.3,No
9367-WXLCH,m,0,n,No,8.0,Yes,Yes,Fiber Optic,No,No,No,No,No,Yes,Month-to-Month,No,Bank transfer (automatic),84.5,662.65,Yes
5524-KHNJP,Female,0,YES,Yes,33.0,Yes,No,Dsl,Yes,No,Yes,No,Yes,Yes,1 Year,No,Credit card (automatic),74.75,2453.3,No
1918-ZBFQJ,m,0,Yes,No,13.0,Yes,No,fiber optic,No,Yes,Yes,No,No,No,Two Year,Yes,Electronic check,79.25,1111.65,Yes
1024-GUALD,Female,0,NO,,1.0,No,No phone service,fiber,No,No,No,No,No,No,One Year,,Electronic check,24.8,24.8,Yes
4827-USJHP,FEMALE,0,Yes,No,20.0,Yes,No,dsl,No,Yes,No,No,No,No,2 Year,Yes,Mailed check,51.8,1023.85,No
8167-GJLRN,Male,0,n,No,3.0,No,No phone service,dsl,No,No,No,Yes,No,No,2 Year,No,Electronic check,30.4,82.15,No
0956-SYCWG,f,0,YES,No,13.0,Yes,No,DSL,No internet service,No internet service,No internet service,No internet service,No internet service,No internet service,1 Year,,Electronic check,19.65,244.8,No
8017-UVSZU,fe male,0,Yes,No,40.0,Yes,Yes,dsl,No,Yes,No,No,No,No,month to month,No,Credit card (automatic),56.6,,No
7100-FQPRV,Male,0,Yes,Yes,43.0,Yes,Yes,Fiberoptic,Yes,No,No,Yes,No,Yes,1 Year,Yes,Credit card (automatic),71.9,3173.35,No
2472-OVKUP,m,0,no,No,6.0,Yes,No,Fiberoptic,No,Yes,Yes,No,No,Yes,1 year,Yes,Electronic check,91.0,531,Yes
2984-RGEYA,f,0,Yes,Yes,,Yes,No,DSL,No internet service,No internet service,No internet service,No internet service,No internet service,No internet service,month to month,No,Bank transfer (automatic),19.75,1375.4,No
9680-NIAUV,FEMALE,0,Yes,Yes,72.0,Yes,Yes,fiber optic,Yes,Yes,Yes,No,Yes,Yes,One Year,No,Credit card (automatic),109.7,8129.3,No
2146-EGVDT,Male,0,No,Yes,59.0,Yes,No,fiber,No internet service,No internet service,No internet service,No internet service,No internet service,No internet service,2 year,No,Credit card (automatic),19.3,1192.7,No
2604-IJPDU,Female,0,YES,No,20.0,Yes,No,Dsl,Yes,Yes,No,Yes,Yes,No,One Year,Yes,Electronic check,96.55,1901.65,No
9178-JHUVJ,FEMALE,0,NO,Yes,24.0,Yes,Yes,DSL,No internet service,No internet service,No internet service,No internet service,No internet service,No internet service,1 Year,Yes,Bank transfer (automatic),24.1,587.4,No
6168-YBYNP,FEMALE,0,Yes,No,59.0,Yes,Yes,DSL,No,Yes,Yes,Yes,Yes,Yes,month to month,Yes,Electronic check,111.35,6519.75,No
7255-SSFBC,Male,0,Yes,Yes,72.0,Yes,Yes,Fiber Optic,No,Yes,Yes,Yes,Yes,Yes,2 Year,Yes,Bank transfer (automatic),112.25,8041.65,No
3645-DEYGF,Male,0,Yes,Yes,1.0,Yes,No,Dsl,No internet service,No internet service,No internet service,No internet service,No internet service,No internet service,One Year,No,Mailed check,20.75,20.75,No
9323-HGFWY,Male,0,y,No,27.0,Yes,No,fiber optic,Yes,No,No,Yes,Yes,Yes,Month-to-Month,Yes,Credit card (automatic),101.9,2681.15,No
8544-GOQSH,m,0,NO,No,14.0,Yes,No,Dsl,No,Yes,No,Yes,No,No,Month-to-Month,Yes,Credit card (automatic),80.05,1112.3,No
3363-DTIVD,fe male,0,n,Yes,71.0,Yes,Yes,fiber,Yes,No,Yes,No,Yes,Yes,1 Year,No,Electronic check,105.55,7405.5,No
7018-WBJNK,FEMALE,0,Yes,Yes,13.0,Yes,No,Fiber Optic,No,No,No,No,Yes,No,1 Year,Yes,Credit card (automatic),78.3,,No
9142-KZXOP,Male,0,NO,No,44.0,Yes,No,Fiber Optic,No,No,No,No,No,No,1 year,No,Credit card (automatic),68.85,2958.95,No
7674-YTAFD,FEMALE,0,No,No,33.0,Yes,No,Dsl,No,Yes,No,Yes,No,No,Two Year,Yes,Bank transfer (automatic),79.95,2684.85,No
6348-SNFUS,Male,0,n,Yes,72.0,No,No phone service,Fiber Optic,Yes,Yes,Yes,Yes,No,Yes,1 Year,Yes,Credit card (automatic),55.45,,No
1285-OKIPP,FEMALE,0,Yes,No,1.0,Yes,No,Fiberoptic,No,No,No,No,No,Yes,Month-to-Month,,Electronic check,79.9,79.9,Yes
7825-ECJRF,f,0,No,No,19.0,Yes,No,Dsl,Yes,No,Yes,Yes,Yes,Yes,One Year,Yes,Electronic check,106.6,1934.45,Yes
1347-KTTTA,f,0,NO,,64.0,Yes,No,fiber,No,Yes,Yes,Yes,Yes,Yes,month to month,Yes,Credit card (automatic),102.45,6654.1,No
7841-TZDMQ,Male,0,Yes,,2.0,Yes,No,DSL,No,No,No,No,No,No,2 Year,Yes,Credit card (automatic),46.0,84.5,Yes
4195-NZGTA,m,0,no,No,1.0,No,No phone service,Dsl,No,No,No,No,No,No,Month-to-Month,No,Electronic check,25.25,25.25,No
7157-SMCFK,Male,0,no,Yes,61.0,Yes,No,dsl,No internet service,No internet service,No internet service,No internet service,No internet service,No internet service,2 year,No,Mailed check,19.75,,No
4709-LKHYG,FEMALE,0,n,,29.0,Yes,No,Fiber Optic,No internet service,No internet service,No internet service,No internet service,No internet service,No internet service,1 Year,,Electronic check,20.0,540.05,No
2504-DSHIH,Male,1,n,No,23.0,Yes,Yes,Fiberoptic,No,No,No,No,No,Yes,2 year,No,Electronic check,,1975.85,No
0699-NDKJM,m,0,no,No,57.0,No,No phone service,DSL,Yes,Yes,Yes,No,Yes,Yes,month to month,Yes,Bank transfer (automatic),58.75,3437.45,No
9286-BHDQG,fe male,0,NO,Yes,72.0,No,No phone service,fiber,Yes,Yes,Yes,Yes,No,No,2 Year,No,Credit card (automatic),45.25,3139.8,No
0230-WEQUW,f,0,No,No,66.0,No,No phone service,DSL,Yes,Yes,Yes,Yes,Yes,No,2 year,Yes,Bank transfer (automatic),56.6,3789.2,No
2040-LDIWQ,Female,0,No,Yes,65.0,Yes,Yes,Dsl,No,Yes,Yes,Yes,Yes,Yes,One Year,Yes,Bank transfer (automatic),84.2,5324.5,No
6496-JDSSB,f,0,Yes,No,8.0,Yes,No,fiber optic,No,No,No,No,Yes,No,1 Year,,Bank transfer (automatic),80.0,624.6,No
9408-SSNVZ,FEMALE,0,n,No,4.0,Yes,No,fiber optic,No,No,No,No,No,No,One Year,Yes,Electronic check,,268.35,Yes
4443-EMBNA,FEMALE,0,Yes,No,71.0,Yes,Yes,DSL,No internet service,No internet service,No internet service,No internet service,No internet service,No internet service,2 year,No,Bank transfer (automatic),24.75,1836.9,No
6469-MRVET,m,0,Yes,Yes,1.0,Yes,No,DSL,No internet service,No internet service,No internet service,No internet service,No internet service,No internet service,Month-to-Month,Yes,Electronic check,20.2,20.2,No
0742-MOABM,FEMALE,0,Yes,,4.0,Yes,No,dsl,No,No,No,Yes,No,No,1 Year,No,Mailed check,50.05,179.35,Yes
5961-VUSRV,Female,0,Yes,No,12.0,Yes,No,Fiberoptic,No internet service,No internet service,No internet service,No internet service,No internet service,No internet service,month to month,Yes,Bank transfer (automatic),19.35,219.35,No
6778-JFCMK,f,0,no,No,24.0,No,No phone service,dsl,Yes,No,No,No,Yes,Yes,month to month,Yes,Mailed check,50.6,1288.75,No
6341-JVQGF,fe male,0,NO,Yes,31.0,Yes,No,fiber optic,Yes,No,Yes,Yes,Yes,Yes,month to month,Yes,Mailed check,81.15,2545.75,No
2232-DMLXU,fe male,0,NO,No,1.0,Yes,No,dsl,No,No,No,No,Yes,No,Month-to-Month,No,Mailed check,55.2,55.2,Yes
4811-JBUVU,Male,0,YES,No,30.0,Yes,Yes,DSL,No,No,No,Yes,No,Yes,1 Year,Yes,Credit card (automatic),89.9,2723.15,No
0945-TSONX,f,0,No,Yes,47.0,Yes,Yes,Fiberoptic,Yes,Yes,No,Yes,Yes,Yes,1 year,Yes,Credit card (automatic),85.3,4107.25,No
2651-ZCBXV,Male,0,Yes,,54.0,Yes,Yes,fiber,Yes,Yes,No,Yes,Yes,Yes,1 year,Yes,Credit card (automatic),108.0,5760.65,No
3316-UWXUY,f,0,Yes,No,50.0,Yes,No,fiber,Yes,Yes,No,Yes,No,Yes,1 year,Yes,Credit card (automatic),93.5,4747.5,No
8937-RDTHP,fe male,0,Yes,No,1.0,Yes,No,DSL,Yes,No,No,No,No,Yes,Month-to-Month,Yes,Mailed check,84.6,84.6,Yes
7083-MIOPC,m,0,no,No,72.0,Yes,No,Fiberoptic,No internet service,No internet service,No internet service,No internet service,No internet service,No internet service,2 year,No,Credit card (automatic),20.25,1566.9,No
1984-GPTEH,Female,0,YES,No,29.0,Yes,Yes,fiber optic,No internet service,No internet service,No internet service,No internet service,No internet service,No internet service,1 Year,No,Electronic check,25.15,702,No
1251-KRREG,fe male,0,Yes,No,2.0,Yes,Yes,dsl,No,Yes,No,No,No,No,1 Year,Yes,Mailed check,54.4,114.1,Yes
0621-JFHOL,Female,0,NO,No,10.0,No,No phone service,fiber,No,No,No,Yes,No,No,month to month,Yes,Mailed check,29.6,299.05,No
9903-LYSAB,f,0,y,No,18.0,Yes,Yes,Fiberoptic,No,No,No,No,No,No,Two Year,Yes,Electronic check,73.15,1305.95,No
0094-OIFMO,FEMALE,1,no,No,,Yes,No,fiber,No,Yes,No,No,Yes,Yes,One Year,Yes,Electronic check,95.0,1120.3,Yes
9227-UAQFT,Male,0,YES,No,,Yes,No,Fiber Optic,No internet service,No internet service,No internet service,No internet service,No internet service,No internet service,2 Year,No,Mailed check,19.75,284.35,No
7301-ABVAD,fe male,0,no,No,,Yes,Yes,Fiber Optic,No,Yes,Yes,Yes,Yes,Yes,1 Year,No,Bank transfer (automatic),86.6,6350.5,No
6614-FHDBO,fe male,0,Yes,No,72.0,Yes,Yes,dsl,No,Yes,Yes,Yes,Yes,Yes,Two Year,No,Bank transfer (automatic),109.2,7878.3,No
7576-ASEJU,Male,0,no,Yes,41.0,Yes,No,fiber optic,Yes,No,No,Yes,Yes,Yes,1 year,Yes,Credit card (automatic),74.7,3187.65,No
9058-HRZSV,m,1,y,No,65.0,Yes,No,fiber,Yes,Yes,Yes,No,No,Yes,One Year,No,Electronic check,94.4,6126.15,No
4522-AKYLR,Male,1,No,No,13.0,Yes,No,DSL,No,Yes,Yes,No,No,No,1 year,Yes,Electronic check,54.8,731.3,No
0221-WMXNQ,f,1,YES,No,4.0,Yes,No,dsl,Yes,No,No,No,No,No,Two Year,,Electronic check,75.35,,No
0303-UNCIP,Male,0,no,No,41.0,Yes,Yes,dsl,No,No,Yes,No,No,Yes,Month-to-Month,No,Mailed check,65.0,2531.8,No
9947-OTFQU,Female,1,NO,No,15.0,Yes,No,Dsl,No,Yes,No,No,No,No,1 Year,Yes,Electronic check,74.4,1074.3,Yes
0322-YINQP,Male,0,y,No,1.0,Yes,No,Dsl,Yes,No,No,No,No,No,Month-to-Month,Yes,Mailed check,48.55,48.55,Yes
0959-WHOKV,Male,0,NO,No,42.0,Yes,Yes,Fiber Optic,Yes,Yes,Yes,No,No,Yes,2 year,Yes,Electronic check,99.0,4298.45,No
4075-JFPGR,m,0,no,No,,Yes,No,Fiber Optic,Yes,Yes,Yes,No,Yes,No,1 Year,Yes,Electronic check,93.5,4619.55,No
4629-NRXKX,m,0,Yes,Yes,2.0,Yes,No,DSL,No,No,No,No,No,No,Two Year,No,Electronic check,70.4,147.15,Yes
9514-JDSKI,Male,1,Yes,No,1.0,No,No phone service,fiber,No,Yes,No,No,Yes,No,1 Year,No,Electronic check,40.2,40.2,Yes
3282-ZISZV,Female,0,Yes,Yes,32.0,Yes,Yes,Fiber Optic,No,Yes,Yes,Yes,Yes,Yes,2 year,No,Credit card (automatic),83.7,2633.3,No
3675-YDUPJ,Female,0,n,No,10.0,Yes,No,Fiber Optic,No internet service,No internet service,No internet service,No internet service,No internet service,No internet service,2 year,Yes,Mailed check,19.85,193.05,No
4111-BNXIF,Female,0,NO,Yes,67.0,No,No phone service,Fiberoptic,No,Yes,Yes,Yes,Yes,Yes,Two Year,Yes,Electronic check,59.55,4103.9,No
7017-VFHAY,Male,0,n,Yes,61.0,Yes,Yes,Dsl,Yes,Yes,Yes,Yes,Yes,Yes,Two Year,No,Credit card (automatic),115.1,,No
6655-LHBYW,fe male,0,no,No,50.0,Yes,Yes,fiber optic,Yes,Yes,Yes,Yes,Yes,Yes,One Year,No,Credit card (automatic),114.35,,No
4959-JOSRX,Male,0,Yes,No,2.0,Yes,No,Dsl,No,No,No,No,No,No,One Year,Yes,Credit card (automatic),44.6,80.55,Yes
5046-NUHWD,Female,1,YES,No,29.0,No,No phone service,fiber,Yes,No,Yes,No,No,Yes,Month-to-Month,Yes,Electronic check,45.0,1228.65,No
7273-TEFQD,Male,1,no,No,3.0,No,No phone service,fiber optic,No,No,Yes,No,No,Yes,1 Year,Yes,Electronic check,,132.2,Yes
3606-TWKGI,Male,1,Yes,No,13.0,Yes,Yes,fiber optic,No,Yes,Yes,No,Yes,Yes,1 Year,,Electronic check,106.9,1364.3,Yes
7529-ZDFXI,FEMALE,1,n,No,57.0,Yes,Yes,fiber optic,No,Yes,No,No,No,Yes,2 year,Yes,Electronic check,89.85,4925.35,No
7605-BDWDC,Female,0,NO,No,31.0,No,No phone service,fiber,Yes,Yes,No,Yes,No,Yes,Two Year,Yes,Bank transfer (automatic),49.85,1520.1,No
1950-KSVVJ,fe male,0,n,No,45.0,Yes,Yes,Fiber Optic,Yes,Yes,Yes,Yes,Yes,Yes,2 Year,No,Mailed check,113.3,5032.25,No
0123-CRBRT,m,0,Yes,Yes,61.0,Yes,Yes,Fiberoptic,Yes,Yes,Yes,Yes,Yes,Yes,1 year,No,Mailed check,88.1,5526.75,No
6292-TOSSS,Male,0,n,No,50.0,Yes,Yes,dsl,No internet service,No internet service,No internet service,No internet service,No internet service,No internet service,2 Year,No,Bank transfer (automatic),24.9,1195.25,No
3197-ARFOY,Male,1,y,,19.0,Yes,No,fiber optic,Yes,Yes,No,Yes,Yes,Yes,1 Year,Yes,Mailed check,105.0,,No
6323-AYBRX,Female,0,Yes,No,59.0,Yes,No,dsl,No internet service,No internet service,No internet service,No internet service,No internet service,No internet service,Two Year,,Mailed check,19.35,1099.6,Yes
7014-ZZXAW,Male,0,Yes,No,71.0,Yes,Yes,fiber optic,No internet service,No internet service,No internet service,No internet service,No internet service,No internet service,Two Year,Yes,Credit card (automatic),24.25,1732.95,No
4385-GZQXV,m,1,no,No,16.0,Yes,No,dsl,No,No,No,Yes,Yes,Yes,1 Year,Yes,Electronic check,94.45,1511.2,Yes
7633-MVPUY,FEMALE,0,n,No,57.0,Yes,No,fiber,Yes,Yes,No,Yes,No,No,One Year,Yes,Electronic check,59.75,3450.15,No
6366-ZGQGL,fe male,0,Yes,No,1.0,No,No phone service,dsl,No,No,No,No,No,No,2 Year,No,Bank transfer (automatic),24.8,24.8,Yes
4716-HHKQH,m,1,No,No,20.0,Yes,Yes,fiber optic,No,Yes,No,Yes,Yes,Yes,2 year,No,Electronic check,107.05,2172.05,No
5940-AHUHD,Male,0,no,No,1.0,Yes,No,Fiber Optic,No,No,No,No,No,No,Month-to-Month,No,Mailed check,70.6,70.6,Yes
6432-TWQLB,m,0,y,No,,Yes,Yes,dsl,No,Yes,No,Yes,No,No,Two Year,,Electronic check,85.4,401.1,Yes
4484-GLZOU,FEMALE,0,no,No,52.0,Yes,Yes,dsl,No,Yes,Yes,No,Yes,Yes,Two Year,Yes,Electronic check,105.05,5624.85,Yes
3179-GBRWV,m,1,NO,No,21.0,Yes,No,fiber,Yes,Yes,No,No,No,Yes,2 year,Yes,Bank transfer (automatic),64.95,1339.8,No
8645-KWHJO,m,0,YES,No,14.0,No,No phone service,Fiberoptic,No,No,Yes,Yes,Yes,Yes,month to month,Yes,Electronic check,55.0,771.95,No
4130-MZLCC,Male,0,NO,No,5.0,Yes,No,Fiber Optic,No,Yes,No,No,No,No,Two Year,No,Bank transfer (automatic),50.55,244.75,No
0314-TKOSI,Male,0,n,No,6.0,Yes,No,Fiber Optic,Yes,Yes,No,No,No,No,2 year,,Mailed check,55.15,322.9,No
8229-MYEJZ,Female,0,YES,No,10.0,Yes,No,Fiberoptic,No,Yes,No,No,No,No,1 Year,No,Electronic check,51.2,498.25,No
2080-SRCDE,f,0,No,Yes,1.0,Yes,Yes,fiber,No internet service,No internet service,No internet service,No internet service,No internet service,No internet service,2 year,No,Mailed check,25.4,25.4,No
9577-WJVCQ,fe male,0,n,No,68.0,Yes,Yes,fiber,Yes,No,No,No,No,No,month to month,No,Mailed check,,3687.75,No
9512-UIBFX,Male,0,Yes,Yes,18.0,Yes,No,Dsl,No,No,Yes,No,Yes,Yes,2 Year,No,Mailed check,95.15,1779.95,Yes
6202-DYYFX,Male,0,Yes,No,22.0,Yes,Yes,Fiberoptic,No,No,No,No,No,No,month to month,,Credit card (automatic),76.0,,No
3808-HFKDE,Female,0,NO,No,20.0,Yes,No,Dsl,No,No,No,No,No,No,month to month,Yes,Electronic check,44.35,927.15,No
5583-SXDAG,Male,0,Yes,No,1.0,Yes,No,fiber,No,No,No,No,No,No,2 year,No,Electronic check,70.0,,Yes
3488-PGMQJ,Male,1,No,No,8.0,Yes,No,Fiber Optic,No,Yes,No,No,No,No,One Year,Yes,Electronic check,74.5,,Yes
3580-REOAC,Male,0,YES,No,10.0,Yes,No,Dsl,No,No,No,No,No,No,One Year,Yes,Credit card (automatic),44.85,435.4,Yes
7534-BFESC,FEMALE,1,Yes,No,,Yes,Yes,DSL,No,No,No,No,No,No,One Year,Yes,Electronic check,76.1,1712.7,Yes
3727-OWVYD,FEMALE,0,No,,35.0,Yes,No,Fiber Optic,Yes,Yes,Yes,No,No,No,1 Year,No,Mailed check,61.2,2021.2,No
2294-SALNE,f,0,Yes,Yes,23.0,Yes,No,Dsl,No,Yes,Yes,Yes,No,No,One Year,No,Mailed check,86.8,1940.8,No
4847-TAJYI,fe male,1,Yes,No,6.0,Yes,No,Dsl,No,No,No,No,Yes,Yes,2 year,Yes,Electronic check,89.35,567.8,No
1563-IWQEX,Male,0,no,No,12.0,Yes,No,DSL,No internet service,No internet service,No internet service,No internet service,No internet service,No internet service,1 Year,No,Mailed check,19.7,,No
8203-XJZRC,FEMALE,0,no,No,1.0,Yes,No,fiber optic,No internet service,No internet service,No internet service,No internet service,No internet service,No internet service,1 year,No,Mailed check,20.25,20.25,No
6556-DBKZF,Male,0,Yes,Yes,71.0,Yes,No,fiber,No,No,Yes,No,No,No,2 year,,Electronic check,76.05,5436.45,No
6851-WEFYX,FEMALE,1,YES,No,35.0,Yes,Yes,Fiberoptic,No,No,Yes,No,Yes,Yes,One Year,Yes,Electronic check,100.8,3437.5,No
2985-JUUBZ,Female,0,Yes,Yes,40.0,Yes,Yes,DSL,No,No,Yes,No,Yes,Yes,2 year,Yes,Electronic check,74.55,3015.75,No
6390-DSAZX,Male,0,Yes,Yes,1.0,Yes,No,Fiberoptic,Yes,No,No,No,No,No,Month-to-Month,Yes,Mailed check,73.6,73.6,Yes
0895-LMRSF,Female,0,Yes,No,23.0,Yes,No,DSL,No,No,No,No,Yes,Yes,Two Year,Yes,Bank transfer (automatic),64.9,1509.8,No
8098-LLAZX,Female,1,no,,4.0,Yes,Yes,dsl,No,No,No,No,Yes,Yes,month to month,Yes,Electronic check,95.45,396.1,Yes
8266-VBFQL,Male,0,no,No,4.0,Yes,No,Fiber Optic,No,No,Yes,Yes,No,Yes,month to month,Yes,Electronic check,90.4,356.65,No
8181-YHCMF,Female,0,no,Yes,68.0,No,No phone service,fiber,No,Yes,Yes,Yes,Yes,Yes,month to month,No,Credit card (automatic),60.3,4109,No
2240-HSJQD,m,0,NO,Yes,38.0,Yes,Yes,DSL,No,Yes,No,No,No,No,Two Year,Yes,Mailed check,81.85,3141.7,No
1248-DYXUB,FEMALE,0,y,Yes,52.0,Yes,Yes,Fiber Optic,No internet service,No internet service,No internet service,No internet service,No internet service,No internet service,1 Year,No,Mailed check,24.8,1229.1,No
0265-EDXBD,m,1,Yes,No,32.0,Yes,Yes,Fiber Optic,No,No,No,No,No,No,Two Year,Yes,Electronic check,74.9,2303.35,Yes
4115-BNPJY,f,0,No,Yes,29.0,Yes,No,DSL,No,No,Yes,Yes,Yes,Yes,2 year,,Mailed check,75.55,2054.4,No
3167-SNQPL,Male,1,y,Yes,38.0,Yes,Yes,Fiberoptic,No,Yes,No,No,Yes,Yes,One Year,No,Electronic check,101.15,3741.85,No
4091-TVOCN,Male,0,YES,Yes,48.0,Yes,Yes,DSL,Yes,No,Yes,No,Yes,Yes,2 Year,Yes,Credit card (automatic),78.75,3682.45,No
1098-TDVUQ,Female,0,y,No,1.0,Yes,No,DSL,No internet service,No internet service,No internet service,No internet service,No internet service,No internet service,One Year,,Bank transfer (automatic),19.25,19.25,No
7277-OZCGZ,Male,0,Yes,No,22.0,Yes,No,fiber optic,Yes,No,No,Yes,No,Yes,month to month,Yes,Electronic check,89.05,1886.25,No
1557-EMYVT,Female,0,n,No,43.0,Yes,Yes,Fiber Optic,Yes,Yes,Yes,Yes,Yes,Yes,1 year,No,Credit card (automatic),115.05,4895.1,No
2799-ARNLO,fe male,1,n,No,5.0,Yes,No,dsl,No,No,No,No,No,No,2 year,Yes,Electronic check,69.35,341.6,No
7563-BIUPC,FEMALE,0,no,No,5.0,Yes,No,DSL,No,No,No,No,Yes,No,1 year,Yes,Electronic check,80.6,415.55,Yes
5027-YOCXN,f,0,Yes,Yes,51.0,Yes,Yes,Fiberoptic,Yes,Yes,No,Yes,Yes,Yes,1 Year,No,Credit card (automatic),110.05,5686.4,No
3973-SKMLN,f,0,No,No,71.0,Yes,No,dsl,No internet service,No internet service,No internet service,No internet service,No internet service,No internet service,1 Year,Yes,Credit card (automatic),19.9,1355.1,No
2321-OMBXY,f,0,n,Yes,38.0,Yes,No,dsl,Yes,Yes,No,Yes,Yes,Yes,Month-to-Month,No,Credit card (automatic),80.3,3058.65,Yes
2840-XANRC,f,1,Yes,No,24.0,Yes,No,fiber,No,No,Yes,No,Yes,Yes,1 year,Yes,Electronic check,93.15,2231.05,Yes
6745-JEFZB,FEMALE,0,n,No,35.0,Yes,Yes,Dsl,No,No,No,Yes,Yes,No,2 Year,Yes,Credit card (automatic),91.5,3236.35,No
5020-ZSTTY,Male,1,YES,No,54.0,Yes,Yes,Fiberoptic,Yes,Yes,No,Yes,Yes,Yes,1 year,No,Bank transfer (automatic),82.45,4350.1,Yes
9880-TDQAC,fe male,0,No,Yes,72.0,No,No phone service,Fiberoptic,No,Yes,Yes,Yes,Yes,Yes,1 Year,Yes,Electronic check,60.0,4264,No
8705-WZCYL,FEMALE,0,NO,No,1.0,Yes,No,Fiber Optic,No,No,No,No,No,No,Month-to-Month,Yes,Electronic check,,44.8,No
7102-JJVTX,Male,0,NO,Yes,9.0,Yes,No,fiber,Yes,No,No,No,No,No,Month-to-Month,No,Mailed check,48.6,,No
8626-PTQGE,Male,0,Yes,No,69.0,No,No phone service,Fiber Optic,Yes,Yes,No,Yes,Yes,Yes,month to month,Yes,Bank transfer (automatic),60.05,4176.7,No
4983-CLMLV,Male,0,Yes,No,52.0,Yes,Yes,Dsl,No,Yes,No,Yes,Yes,Yes,Month-to-Month,Yes,Credit card (automatic),102.7,,No
5701-YVSVF,Male,1,no,No,11.0,Yes,No,dsl,No,No,No,Yes,Yes,No,1 year,,Electronic check,82.9,,No
5804-LEPIM,m,1,n,No,2.0,Yes,No,Fiberoptic,No,No,No,No,No,No,month to month,Yes,Electronic check,70.35,139.05,Yes
5697-GOMBF,m,1,y,Yes,28.0,No,No phone service,Fiberoptic,No,No,No,No,Yes,No,1 year,Yes,Electronic check,35.9,973.65,No
2739-CACDQ,FEMALE,1,no,No,,Yes,Yes,dsl,No,No,Yes,No,No,No,One Year,Yes,Credit card (automatic),82.65,1470.05,No
9385-EHGDO,fe male,0,y,Yes,35.0,Yes,No,dsl,No internet service,No internet service,No internet service,No internet service,No internet service,No internet service,One Year,Yes,Mailed check,,739.35,No
9498-FIMXL,Female,0,n,No,8.0,Yes,No,dsl,No internet service,No internet service,No internet service,No internet service,No internet service,No internet service,month to month,Yes,Mailed check,19.2,161.95,No
2379-GYFLQ,FEMALE,0,YES,No,,Yes,Yes,DSL,No,Yes,Yes,No,Yes,No,2 Year,,Credit card (automatic),94.9,4422.95,No
0122-OAHPZ,fe male,0,Yes,No,7.0,Yes,Yes,Fiberoptic,No,No,No,No,No,No,Month-to-Month,Yes,Electronic check,73.85,511.25,Yes
2868-SNELZ,f,0,y,No,2.0,Yes,Yes,fiber,No,No,Yes,No,No,No,1 Year,No,Mailed check,80.6,155.8,Yes
4322-RCYMT,Female,0,n,Yes,68.0,Yes,Yes,Fiberoptic,No,Yes,Yes,Yes,No,Yes,1 Year,,Bank transfer (automatic),75.8,5293.95,Yes
6680-NENYN,m,0,No,No,43.0,Yes,Yes,fiber,No,Yes,Yes,No,Yes,Yes,2 Year,Yes,Electronic check,104.6,4759.85,Yes
2088-IEBAU,fe male,0,NO,No,68.0,Yes,Yes,Dsl,Yes,Yes,Yes,Yes,Yes,Yes,1 year,Yes,Electronic check,88.15,6148.45,No
7982-VCELR,FEMALE,0,No,No,,Yes,No,fiber optic,No,Yes,No,No,Yes,Yes,Month-to-Month,Yes,Credit card (automatic),94.8,3565.65,No
1343-EHPYB,f,0,y,No,63.0,Yes,Yes,Dsl,No,Yes,Yes,No,Yes,Yes,One Year,Yes,Electronic check,103.4,6603,Yes
6035-BXTTY,f,1,YES,No,32.0,Yes,No,fiber optic,No,Yes,No,Yes,No,No,month to month,No,Bank transfer (automatic),54.65,1830.1,No
6885-PKOAM,f,0,YES,No,71.0,Yes,Yes,Fiber Optic,Yes,Yes,Yes,Yes,Yes,Yes,2 Year,No,Credit card (automatic),85.75,6223.8,No
7520-HQWJU,FEMALE,0,no,Yes,66.0,Yes,Yes,fiber,Yes,Yes,Yes,No,No,No,1 year,Yes,Bank transfer (automatic),67.45,4508.65,No
9639-BUJXT,Male,0,No,No,63.0,Yes,No,fiber,No internet service,No internet service,No internet service,No internet service,No internet service,No internet service,2 year,No,Mailed check,,1328.15,No
5924-SNGKP,Female,0,y,Yes,41.0,Yes,No,Fiberoptic,No internet service,No internet service,No internet service,No internet service,No internet service,No internet service,1 Year,Yes,Credit card (automatic),,865,No
0021-IKXGC,FEMALE,1,NO,No,1.0,Yes,Yes,fiber optic,No,No,No,No,No,No,2 year,Yes,Electronic check,72.1,72.1,No
2034-GDRCN,m,0,Yes,No,2.0,Yes,No,Fiberoptic,No,No,No,No,Yes,Yes,One Year,Yes,Electronic check,90.4,168.2,Yes
8966-SNIZF,f,0,no,No,70.0,Yes,No,fiber optic,No internet service,No internet service,No internet service,No internet service,No internet service,No internet service,Month-to-Month,No,Bank transfer (automatic),19.45,1303.5,No
6243-OZGFH,Male,0,NO,No,23.0,No,No phone service,Dsl,No,No,No,No,Yes,Yes,1 year,Yes,Electronic check,44.95,996.85,No
4654-DLAMQ,fe male,1,YES,No,64.0,Yes,No,Dsl,Yes,Yes,Yes,No,No,Yes,2 Year,No,Bank transfer (automatic),97.0,6430.9,No
0513-RBGPE,FEMALE,0,Yes,Yes,37.0,Yes,Yes,Dsl,Yes,No,Yes,Yes,No,No,2 Year,Yes,Credit card (automatic),62.8,2278.75,No
5160-UXJED,FEMALE,0,No,Yes,17.0,Yes,No,fiber,No,No,No,No,No,No,One Year,No,Mailed check,44.6,681.4,No
4115-NZRKS,Male,1,Yes,No,7.0,Yes,No,Fiber Optic,No,No,No,No,Yes,Yes,2 year,Yes,Electronic check,89.15,574.35,No
0219-YTZUE,FEMALE,0,YES,Yes,4.0,Yes,Yes,fiber,No,Yes,Yes,No,No,No,1 year,Yes,Bank transfer (automatic),84.8,371.9,Yes
0623-IIHUG,Female,1,No,,21.0,No,No phone service,Dsl,Yes,No,No,No,Yes,No,Two Year,Yes,Electronic check,41.9,840.1,Yes
4572-DVCGN,FEMALE,0,No,No,10.0,Yes,No,fiber optic,No,No,No,No,No,Yes,1 Year,Yes,Bank transfer (automatic),80.25,846,Yes
3351-NGXYI,Male,1,YES,No,16.0,Yes,Yes,Dsl,Yes,No,No,No,No,No,2 year,Yes,Electronic check,54.1,889,No
8984-EYLLL,fe male,0,y,No,64.0,Yes,Yes,dsl,No,Yes,No,Yes,Yes,Yes,Month-to-Month,Yes,Electronic check,105.25,6823.4,No
9057-MSWCO,f,1,NO,No,27.0,No,No phone service,fiber optic,Yes,No,No,No,No,No,month to month,No,Credit card (automatic),30.75,805.1,Yes
9833-TGFHX,Male,0,n,Yes,42.0,Yes,Yes,DSL,Yes,No,No,No,Yes,Yes,Two Year,No,Electronic check,97.1,4016.75,No
9294-TDIPC,Male,0,n,Yes,5.0,Yes,No,Fiberoptic,No internet service,No internet service,No internet service,No internet service,No internet service,No internet service,2 Year,No,Mailed check,20.2,83.75,No
5229-DTFYB,f,0,y,No,41.0,Yes,No,Fiberoptic,No,Yes,No,Yes,Yes,Yes,One Year,Yes,Bank transfer (automatic),98.8,3959.15,No
0104-PPXDV,Male,0,YES,No,58.0,Yes,No,fiber,No,No,Yes,No,No,No,2 year,No,Credit card (automatic),50.3,2878.55,No
5176-LMJXE,Male,0,y,No,47.0,Yes,No,fiber optic,No internet service,No internet service,No internet service,No internet service,No internet service,No internet service,1 Year,Yes,Mailed check,20.55,945.7,No
3583-KRKMD,Male,0,YES,No,,Yes,No,fiber,No,No,No,Yes,No,No,Two Year,Yes,Bank transfer (automatic),75.9,1373.05,No
1010-DIAUQ,Female,0,no,No,5.0,Yes,No,Fiber Optic,No,No,Yes,No,Yes,Yes,2 Year,,Bank transfer (automatic),96.5,492.55,Yes
9069-LGEUL,Male,0,Yes,No,23.0,Yes,No,fiber,Yes,No,No,No,No,Yes,2 year,,Bank transfer (automatic),59.95,1406,No
7302-ZHMHP,fe male,0,y,No,1.0,Yes,No,Fiberoptic,No internet service,No internet service,No internet service,No internet service,No internet service,No internet service,month to month,,Mailed check,19.15,19.15,No
9571-EDEBV,f,0,NO,No,71.0,Yes,Yes,fiber optic,No,No,Yes,No,Yes,Yes,One Year,Yes,Credit card (automatic),98.65,6962.85,No
3520-FJGCV,fe male,0,y,Yes,72.0,Yes,Yes,fiber optic,Yes,Yes,Yes,Yes,Yes,Yes,Month-to-Month,Yes,Credit card (automatic),112.6,8126.65,No
6563-VRERX,m,0,No,Yes,,Yes,No,Fiberoptic,No internet service,No internet service,No internet service,No internet service,No internet service,No internet service,1 Year,No,Mailed check,20.6,690.25,No
0259-GBZSH,fe male,0,No,No,2.0,Yes,Yes,Fiber Optic,No,No,No,No,Yes,No,1 Year,Yes,Electronic check,,181.5,Yes
6122-EFVKN,f,0,Yes,Yes,24.0,No,No phone service,Dsl,Yes,No,No,Yes,No,No,One Year,No,Mailed check,35.75,830.8,No
2805-EDJPQ,f,0,Yes,Yes,56.0,Yes,Yes,Fiberoptic,No,Yes,Yes,Yes,No,Yes,Month-to-Month,Yes,Credit card (automatic),99.75,5608.4,No
6862-CQUMB,f,0,Yes,No,37.0,Yes,No,Dsl,No,Yes,No,No,Yes,Yes,1 year,Yes,Credit card (automatic),96.1,3646.8,No
7156-MXBJE,Male,0,Yes,No,43.0,Yes,Yes,Dsl,No,Yes,Yes,Yes,Yes,Yes,month to month,No,Credit card (automatic),85.1,3662.25,No
6158-HDPXZ,Male,0,n,No,1.0,No,No phone service,fiber optic,No,No,No,No,No,No,Month-to-Month,No,Mailed check,25.35,25.35,No
9601-BRXPO,Male,0,NO,No,25.0,Yes,Yes,dsl,No,No,Yes,Yes,Yes,Yes,2 Year,Yes,Bank transfer (automatic),104.95,2566.5,Yes
2863-IMQDR,m,0,n,No,61.0,Yes,Yes,fiber optic,Yes,Yes,Yes,Yes,Yes,Yes,Two Year,No,Electronic check,89.65,5308.7,No
5686-CMAWK,fe male,0,NO,No,17.0,Yes,Yes,Fiber Optic,No,No,Yes,Yes,No,No,Two Year,No,Electronic check,86.75,1410.25,No
5651-CRHKQ,Female,0,Yes,No,,Yes,No,fiber,No,Yes,Yes,Yes,No,No,One Year,Yes,Bank transfer (automatic),86.2,3339.05,No
6905-NIQIN,fe male,0,y,No,1.0,Yes,No,Fiber Optic,No,Yes,No,No,No,No,month to month,,Mailed check,50.65,50.65,Yes
8204-YJCLA,f,1,y,Yes,72.0,No,No phone service,dsl,Yes,Yes,Yes,Yes,Yes,Yes,One Year,Yes,Bank transfer (automatic),64.8,4732.35,No
5167-ZFFMM,FEMALE,0,YES,No,1.0,Yes,Yes,DSL,No,Yes,No,No,No,Yes,month to month,Yes,Credit card (automatic),90.85,90.85,Yes
6583-SZVGP,m,0,YES,No,48.0,Yes,Yes,dsl,No,Yes,Yes,No,Yes,Yes,month to month,,Bank transfer (automatic),108.1,5067.45,No
4895-TMWIR,m,1,YES,No,11.0,Yes,No,fiber optic,No internet service,No internet service,No internet service,No internet service,No internet service,No internet service,1 year,No,Mailed check,19.95,214.75,Yes
0533-BNWKF,Female,1,Yes,No,55.0,Yes,Yes,Dsl,No,Yes,Yes,No,No,No,2 year,Yes,Electronic check,85.45,4874.7,Yes
1708-PBBOA,Male,0,Yes,No,42.0,No,No phone service,fiber optic,Yes,Yes,Yes,Yes,No,Yes,2 Year,Yes,Electronic check,54.75,2348.45,No
8782-LKFPK,f,0,YES,,44.0,Yes,Yes,Fiber Optic,No,No,Yes,No,No,Yes,2 year,Yes,Mailed check,90.4,4063,No
5522-JBWMO,m,0,No,Yes,1.0,Yes,No,DSL,No,No,No,No,No,No,2 year,No,Electronic check,44.0,44,No
3597-MVHJT,Female,0,Yes,No,27.0,Yes,Yes,fiber,No,No,No,No,Yes,Yes,Two Year,Yes,Bank transfer (automatic),95.6,2595.25,No
9774-NRNAU,FEMALE,1,Yes,No,27.0,Yes,Yes,fiber,No,Yes,Yes,Yes,Yes,Yes,1 Year,Yes,Bank transfer (automatic),84.8,2309.55,No
0224-RLWWD,m,1,NO,,2.0,Yes,No,dsl,No,No,No,No,No,No,month to month,Yes,Electronic check,44.3,89.3,No
9967-ATRFS,Male,0,NO,No,19.0,Yes,No,DSL,No internet service,No internet service,No internet service,No internet service,No internet service,No internet service,Month-to-Month,No,Mailed check,19.9,367.55,No
3951-NJCVI,m,1,No,No,42.0,Yes,Yes,Fiberoptic,No,No,No,No,Yes,Yes,One Year,Yes,Electronic check,95.05,,No
2977-CEBSX,fe male,0,YES,No,66.0,Yes,Yes,Fiberoptic,Yes,Yes,Yes,Yes,Yes,Yes,1 Year,Yes,Credit card (automatic),90.05,5965.95,No
0177-PXBAT,FEMALE,1,NO,No,33.0,Yes,Yes,Fiber Optic,Yes,No,Yes,Yes,Yes,Yes,2 Year,Yes,Bank transfer (automatic),109.9,,No
6599-CEBNN,Male,0,no,No,34.0,Yes,No,Fiber Optic,No,Yes,No,No,No,No,One Year,Yes,Credit card (automatic),73.95,2524.45,Yes
2519-ERQOJ,Male,1,n,No,33.0,No,No phone service,Fiber Optic,No,No,Yes,Yes,Yes,Yes,One Year,Yes,Electronic check,54.6,1803.7,No
5876-QMYLD,Male,0,YES,Yes,23.0,Yes,No,Fiber Optic,No internet service,No internet service,No internet service,No internet service,No internet service,No internet service,1 year,No,Mailed check,20.05,415.1,No
2277-AXSDC,f,0,Yes,No,32.0,Yes,No,Fiber Optic,No internet service,No internet service,No internet service,No internet service,No internet service,No internet service,Two Year,No,Bank transfer (automatic),19.75,624.15,No
9442-JTWDL,fe male,0,n,No,11.0,Yes,No,Dsl,No internet service,No internet service,No internet service,No internet service,No internet service,No internet service,1 year,No,Credit card (automatic),20.05,237.7,No
0979-PHULV,Female,0,y,Yes,69.0,Yes,Yes,dsl,No,No,Yes,No,Yes,Yes,2 year,Yes,Credit card (automatic),99.45,7007.6,Yes
3067-SVMTC,m,0,NO,No,68.0,Yes,No,Fiberoptic,Yes,No,No,Yes,No,No,2 Year,No,Bank transfer (automatic),55.9,3848.8,No
5495-GPSRW,m,0,n,No,20.0,Yes,No,dsl,No internet service,No internet service,No internet service,No internet service,No internet service,No internet service,Two Year,Yes,Mailed check,19.7,419.4,No
7606-BPHHN,Female,0,Yes,No,72.0,Yes,No,Fiberoptic,No internet service,No internet service,No internet service,No internet service,No internet service,No internet service,One Year,Yes,Credit card (automatic),19.8,1468.75,No
4742-DRORA,fe male,0,No,Yes,60.0,Yes,Yes,Dsl,Yes,No,Yes,No,Yes,No,2 Year,Yes,Bank transfer (automatic),95.4,5812,No
0111-KLBQG,m,1,NO,Yes,32.0,Yes,No,fiber,No,Yes,No,No,Yes,Yes,2 Year,Yes,Mailed check,93.95,2861.45,No
4800-VHZKI,Male,0,YES,No,1.0,Yes,No,fiber,No internet service,No internet service,No internet service,No internet service,No internet service,No internet service,One Year,Yes,Mailed check,19.9,,Yes
7989-CHGTL,FEMALE,0,no,No,1.0,Yes,No,Dsl,No internet service,No internet service,No internet service,No internet service,No internet service,No internet service,2 year,Yes,Mailed check,19.6,19.6,Yes
0334-GDDSO,Female,1,no,No,3.0,Yes,Yes,fiber optic,No,Yes,No,No,No,No,2 year,Yes,Electronic check,81.35,233.7,Yes
4163-NCJAK,Male,0,Yes,No,46.0,Yes,Yes,fiber,No internet service,No internet service,No internet service,No internet service,No internet service,No internet service,2 Year,Yes,Bank transfer (automatic),24.45,1066.15,No
5233-AOZUF,FEMALE,0,NO,No,,Yes,Yes,DSL,No,No,No,No,No,No,2 year,Yes,Electronic check,74.95,2149.05,No
5973-EJGDP,fe male,0,YES,No,51.0,Yes,Yes,Fiberoptic,No,Yes,Yes,Yes,No,No,1 year,,Electronic check,87.35,4473,No
1996-DBMUS,Female,1,Yes,No,48.0,Yes,No,DSL,No,No,No,No,No,No,Month-to-Month,Yes,Bank transfer (automatic),70.65,3545.05,No
7916-VCCPB,fe male,0,no,Yes,16.0,Yes,No,fiber,No,Yes,No,No,No,No,Month-to-Month,No,Bank transfer (automatic),73.25,1195.75,No
4686-GEFRM,f,0,No,No,70.0,Yes,Yes,Fiberoptic,No,Yes,Yes,Yes,No,Yes,month to month,Yes,Bank transfer (automatic),,6858.9,No
5249-QYHEX,Male,0,n,Yes,40.0,Yes,Yes,dsl,No internet service,No internet service,No internet service,No internet service,No internet service,No internet service,month to month,Yes,Mailed check,24.8,,No
0578-SKVMF,m,0,no,Yes,22.0,Yes,No,fiber optic,No,Yes,No,No,No,Yes,1 year,No,Electronic check,83.3,1845.9,Yes
5564-NEMQO,Male,1,Yes,No,1.0,Yes,No,Fiber Optic,No,No,Yes,No,No,No,One Year,Yes,Bank transfer (automatic),,75.3,Yes
2233-FAGXV,Female,0,y,Yes,5.0,Yes,Yes,fiber,No internet service,No internet service,No internet service,No internet service,No internet service,No internet service,2 Year,Yes,Mailed check,,132.25,No
5605-IYGFG,Female,0,No,No,7.0,Yes,No,Dsl,No,No,No,No,No,No,month to month,Yes,Bank transfer (automatic),69.85,515.45,No
7663-ZTEGJ,fe male,0,YES,Yes,29.0,Yes,Yes,Fiberoptic,No,Yes,Yes,Yes,No,Yes,Month-to-Month,No,Credit card (automatic),100.55,2830.45,No
3935-TBRZZ,Female,0,no,Yes,44.0,Yes,Yes,fiber,No internet service,No internet service,No internet service,No internet service,No internet service,No internet service,Month-to-Month,No,Mailed check,25.7,1110.5,No
8111-BKVDS,m,0,y,No,10.0,No,No phone service,fiber optic,Yes,Yes,Yes,No,No,No,2 Year,No,Bank transfer (automatic),40.7,449.3,No
2055-SIFSS,fe male,1,NO,No,55.0,Yes,Yes,Fiberoptic,No,No,No,No,No,No,Month-to-Month,No,Bank transfer (automatic),51.65,2838.55,No
2806-MLNTI,Female,1,no,No,52.0,Yes,Yes,Dsl,No,Yes,Yes,No,Yes,Yes,2 year,Yes,Bank transfer (automatic),105.1,5376.4,No
8734-DKSTZ,m,0,no,,10.0,Yes,Yes,fiber optic,No,No,No,No,No,Yes,One Year,No,Electronic check,85.95,858.6,No
4360-PNRQB,Female,0,No,No,,Yes,Yes,fiber optic,No,No,No,No,No,No,One Year,Yes,Bank transfer (automatic),75.6,1395.05,No
6152-ONASV,fe male,0,y,No,68.0,Yes,Yes,Fiber Optic,Yes,No,No,Yes,No,No,Two Year,No,Bank transfer (automatic),58.25,3975.7,No
9063-ZGTUY,m,0,NO,,61.0,Yes,No,dsl,No internet service,No internet service,No internet service,No internet service,No internet service,No internet service,Two Year,Yes,Mailed check,19.4,1182.55,Yes
7781-HVGMK,fe male,0,YES,Yes,72.0,No,No phone service,Fiberoptic,Yes,Yes,Yes,Yes,Yes,Yes,1 year,Yes,Credit card (automatic),65.2,4784.45,No
2181-UAESM,Female,0,n,No,2.0,Yes,No,fiber optic,Yes,No,Yes,No,No,No,1 year,No,Electronic check,53.45,119.5,No
2957-LOLHO,Female,0,YES,No,,Yes,No,Fiberoptic,No,No,No,No,No,No,Month-to-Month,Yes,Bank transfer (automatic),45.4,518.9,Yes
6048-NJXHX,Male,0,n,No,,Yes,No,DSL,No internet service,No internet service,No internet service,No internet service,No internet service,No internet service,One Year,Yes,Electronic check,19.75,899.45,No
2320-SLKMB,Male,0,No,No,26.0,No,No phone service,Dsl,No,No,Yes,Yes,Yes,No,2 Year,,Credit card (automatic),44.45,1183.8,No
4980-URKXC,Male,0,n,No,36.0,Yes,No,fiber optic,No internet service,No internet service,No internet service,No internet service,No internet service,No internet service,1 year,No,Bank transfer (automatic),,720.05,No
4376-KFVRS,Male,0,NO,Yes,72.0,Yes,Yes,Fiberoptic,Yes,Yes,Yes,Yes,Yes,Yes,2 Year,Yes,Credit card (automatic),114.05,8468.2,No
5886-VLQVU,FEMALE,0,No,No,35.0,Yes,Yes,dsl,No,No,No,Yes,No,Yes,1 year,Yes,Bank transfer (automatic),89.85,3161.2,No
3577-AMVUX,fe male,0,NO,No,1.0,Yes,No,Fiber Optic,No,No,Yes,Yes,No,No,2 Year,No,Mailed check,,55.05,No
0771-WLCLA,Male,0,YES,Yes,16.0,Yes,Yes,Dsl,Yes,No,Yes,Yes,Yes,Yes,1 Year,Yes,Electronic check,112.95,1882.55,No
5628-RKIFK,Male,1,NO,No,49.0,Yes,Yes,DSL,Yes,No,No,No,Yes,Yes,1 Year,No,Credit card (automatic),101.55,5070.4,No
0206-TBWLC,Female,0,Yes,No,54.0,Yes,Yes,Fiber Optic,Yes,Yes,Yes,Yes,Yes,Yes,1 Year,Yes,Mailed check,114.65,6049.5,No
2937-FTHUR,f,0,no,Yes,18.0,Yes,Yes,dsl,Yes,No,No,No,No,Yes,month to month,No,Electronic check,64.8,,No
1910-FMXJM,Female,0,Yes,No,36.0,Yes,No,Fiberoptic,No,No,No,No,No,Yes,month to month,No,Electronic check,80.4,2937.65,No
7752-XUSCI,m,0,Yes,No,60.0,Yes,Yes,DSL,No,Yes,Yes,No,Yes,Yes,2 year,Yes,Electronic check,105.9,6396.45,Yes
4110-PFEUZ,fe male,0,No,No,1.0,Yes,No,fiber optic,No,No,No,No,No,No,1 Year,No,Mailed check,69.55,69.55,Yes
0732-OCQOC,Female,0,Yes,Yes,52.0,Yes,Yes,DSL,No internet service,No internet service,No internet service,No internet service,No internet service,No internet service,month to month,Yes,Bank transfer (automatic),25.05,1270.25,No
5168-MSWXT,f,0,Yes,Yes,8.0,Yes,No,fiber optic,No,No,Yes,No,Yes,Yes,Two Year,Yes,Electronic check,94.75,,No
1090-ESELR,Male,0,no,Yes,72.0,Yes,No,Fiberoptic,Yes,Yes,No,Yes,Yes,Yes,2 Year,No,Bank transfer (automatic),105.5,7611.55,No
8592-PLTMQ,Male,0,No,No,64.0,Yes,Yes,DSL,No internet service,No internet service,No internet service,No internet service,No internet service,No internet service,Month-to-Month,No,Mailed check,24.7,1642.75,No
5760-WRAHC,f,1,NO,No,22.0,Yes,No,DSL,Yes,No,Yes,Yes,No,Yes,One Year,Yes,Mailed check,69.75,1545.4,No
8847-GEOOQ,Female,0,no,No,60.0,No,No phone service,fiber,No,Yes,Yes,Yes,Yes,Yes,1 Year,Yes,Bank transfer (automatic),60.2,3582.4,No
0256-LTHVJ,Male,0,Yes,Yes,28.0,Yes,No,Dsl,No,No,No,No,No,Yes,1 Year,Yes,Electronic check,81.05,2227.1,Yes
4785-FCIFB,Female,0,Yes,No,,Yes,Yes,fiber,No internet service,No internet service,No internet service,No internet service,No internet service,No internet service,One Year,No,Mailed check,24.4,1417.9,No
8313-NDOIA,fe male,0,YES,No,24.0,Yes,Yes,dsl,No,Yes,Yes,No,Yes,Yes,Two Year,Yes,Electronic check,104.15,2494.65,No
5149-CUZUJ,f,0,no,Yes,28.0,Yes,No,fiber,No,Yes,Yes,Yes,Yes,No,2 Year,No,Bank transfer (automatic),92.9,2768.35,No
0942-KOWSM,fe male,0,no,Yes,30.0,Yes,No,Dsl,No,Yes,Yes,Yes,Yes,Yes,Two Year,No,Bank transfer (automatic),80.8,2369.3,No
4237-CLSMM,f,0,Yes,No,2.0,Yes,No,DSL,No internet service,No internet service,No internet service,No internet service,No internet service,No internet service,1 year,No,Mailed check,20.0,38,No
1452-VOQCH,Male,0,no,No,1.0,Yes,Yes,Fiberoptic,No,No,No,No,No,No,1 year,Yes,Electronic check,75.1,75.1,No
4719-UMSIY,Male,0,Yes,Yes,6.0,Yes,No,DSL,No internet service,No internet service,No internet service,No internet service,No internet service,No internet service,2 Year,No,Mailed check,19.65,100.9,No
6614-VBEGU,FEMALE,0,y,No,24.0,Yes,No,dsl,No,Yes,No,No,Yes,Yes,One Year,Yes,Bank transfer (automatic),69.45,1614.05,No
0880-TKATG,Female,0,NO,Yes,4.0,Yes,Yes,Fiberoptic,No,No,Yes,No,Yes,Yes,1 year,No,Electronic check,101.15,385.9,Yes
3811-VBYBZ,fe male,0,no,No,7.0,Yes,Yes,Fiber Optic,No,Yes,No,No,Yes,Yes,One Year,,Electronic check,99.8,673.25,Yes
1480-BKXGA,Male,1,Yes,,72.0,Yes,Yes,Fiber Optic,Yes,Yes,Yes,Yes,Yes,Yes,Month-to-Month,Yes,Bank transfer (automatic),116.05,8404.9,No
2996-XAUVF,fe male,0,Yes,,,No,No phone service,Fiberoptic,No,No,No,Yes,No,Yes,1 year,Yes,Mailed check,40.05,2799.75,No
9076-AXYIK,FEMALE,1,y,,,Yes,Yes,Dsl,No,No,Yes,Yes,Yes,Yes,1 year,No,Electronic check,102.1,6538.45,No
5968-XQIVE,m,0,YES,Yes,72.0,Yes,Yes,Dsl,No,Yes,No,No,Yes,No,month to month,Yes,Electronic check,89.7,6588.95,No
8896-RAZCR,Female,0,n,,,Yes,No,Fiber Optic,No internet service,No internet service,No internet service,No internet service,No internet service,No internet service,Month-to-Month,,Mailed check,19.9,868.1,No
4640-UHDOS,fe male,0,YES,Yes,13.0,Yes,No,fiber,No,No,No,No,No,Yes,2 year,No,Electronic check,55.95,734.35,Yes
4933-IKULF,m,1,Yes,No,17.0,Yes,No,fiber,No internet service,No internet service,No internet service,No internet service,No internet service,No internet service,One Year,No,Mailed check,20.65,330.6,No
3583-EKAPL,m,0,YES,No,1.0,Yes,No,Fiber Optic,No,No,No,No,No,Yes,1 Year,Yes,Electronic check,55.0,55,Yes
1304-BCCFO,Male,0,YES,No,9.0,Yes,No,fiber,No,No,Yes,No,Yes,Yes,1 Year,Yes,Mailed check,70.05,564.4,No
4104-PVRPS,fe male,0,no,No,24.0,Yes,No,fiber optic,Yes,No,No,Yes,No,No,Two Year,No,Mailed check,53.6,1315.35,No
9399-APLBT,Male,0,YES,Yes,1.0,Yes,No,dsl,No,Yes,No,No,No,No,2 Year,Yes,Electronic check,74.7,74.7,Yes
2359-KMGLI,FEMALE,0,y,No,24.0,Yes,Yes,Fiberoptic,No,Yes,No,No,No,No,1 Year,Yes,Electronic check,80.25,1861.5,Yes
3780-DDGSE,Female,1,NO,Yes,35.0,Yes,No,Fiber Optic,No,Yes,No,Yes,Yes,Yes,Two Year,Yes,Electronic check,76.05,2747.2,No
4431-EDMIQ,m,0,n,,7.0,Yes,No,Dsl,Yes,Yes,Yes,Yes,Yes,No,month to month,Yes,Electronic check,75.7,554.05,No
0306-JAELE,Female,0,Yes,No,5.0,Yes,No,Dsl,No,No,No,Yes,Yes,Yes,1 Year,Yes,Electronic check,96.1,453.4,Yes
6227-HWPWX,fe male,0,YES,Yes,15.0,Yes,No,fiber optic,No,No,No,No,No,No,Month-to-Month,No,Bank transfer (automatic),69.0,994.8,Yes
0486-LGCCH,fe male,0,YES,Yes,11.0,Yes,No,Fiberoptic,No internet service,No internet service,No internet service,No internet service,No internet service,No internet service,One Year,No,Mailed check,19.65,225.75,No
0447-BEMNG,Male,0,YES,No,48.0,No,No phone service,Dsl,Yes,No,Yes,No,No,Yes,Month-to-Month,Yes,Bank transfer (automatic),45.3,2145,Yes
4612-SSVHJ,Male,1,n,No,20.0,Yes,No,Dsl,No,No,No,No,No,Yes,2 year,Yes,Electronic check,81.45,1671.6,No
5168-MQQCA,Female,0,Yes,No,72.0,Yes,Yes,DSL,No,Yes,Yes,Yes,Yes,Yes,Two Year,Yes,Bank transfer (automatic),108.5,8003.8,No
5949-XIKAE,m,0,Yes,Yes,8.0,Yes,No,Fiber Optic,No,Yes,No,No,Yes,No,One Year,Yes,Electronic check,83.55,680.05,Yes
7971-HLVXI,Male,0,YES,Yes,72.0,Yes,Yes,Fiber Optic,No,No,No,No,No,Yes,1 Year,Yes,Credit card (automatic),84.5,6130.85,No
9094-AZPHK,Female,0,NO,No,15.0,Yes,Yes,dsl,No,Yes,No,No,Yes,Yes,1 Year,Yes,Electronic check,100.15,1415,No
3649-JPUGY,fe male,0,No,,72.0,Yes,Yes,Dsl,No,Yes,Yes,Yes,Yes,Yes,Month-to-Month,Yes,Bank transfer (automatic),88.6,6201.95,No
4472-LVYGI,FEMALE,0,n,Yes,,No,No phone service,Dsl,Yes,No,Yes,Yes,Yes,No,2 Year,,Bank transfer (automatic),52.55, ,No
8372-JUXUI,Female,0,no,Yes,1.0,Yes,Yes,DSL,No,No,No,No,No,No,2 Year,Yes,Electronic check,74.35,74.35,Yes
3552-CTCYF,Male,0,no,Yes,63.0,Yes,Yes,Dsl,No,Yes,Yes,No,Yes,Yes,1 Year,Yes,Bank transfer (automatic),104.8,6597.25,No
6778-YSNIH,f,0,n,No,2.0,Yes,No,Fiberoptic,No,Yes,No,No,Yes,No,2 year,Yes,Electronic check,59.0,,No
0388-EOPEX,FEMALE,0,No,No,2.0,Yes,No,Fiberoptic,Yes,No,No,No,No,No,1 Year,Yes,Electronic check,74.4,139.4,Yes
5756-OZRIO,f,1,NO,No,61.0,Yes,Yes,Dsl,No,Yes,No,No,No,Yes,month to month,No,Bank transfer (automatic),64.05,3902.6,No
6579-JPICP,Male,0,y,No,1.0,Yes,No,Dsl,No internet service,No internet service,No internet service,No internet service,No internet service,No internet service,Month-to-Month,No,Mailed check,20.4,20.4,No
8205-OTCHB,m,0,YES,,22.0,No,No phone service,fiber,No,Yes,Yes,No,No,Yes,1 Year,Yes,Bank transfer (automatic),43.75,903.6,Yes
4134-BSXLX,Male,0,n,No,28.0,Yes,No,fiber optic,Yes,Yes,No,Yes,No,No,2 year,No,Mailed check,60.9,1785.65,No
0505-SPOOW,f,0,n,No,70.0,Yes,No,Fiberoptic,No internet service,No internet service,No internet service,No internet service,No internet service,No internet service,2 year,No,Bank transfer (automatic),19.8,1397.65,No
6235-VDHOM,FEMALE,1,NO,No,5.0,No,No phone service,fiber,No,Yes,No,No,No,No,1 year,No,Electronic check,28.45,131.05,Yes
7783-YKGDV,Male,0,YES,No,12.0,Yes,Yes,fiber,Yes,Yes,Yes,No,No,Yes,month to month,Yes,Bank transfer (automatic),99.7,1238.45,Yes
4374-YMUSQ,FEMALE,0,NO,No,34.0,Yes,Yes,fiber optic,Yes,Yes,Yes,Yes,Yes,Yes,1 year,No,Credit card (automatic),,3899.05,No
4513-CXYIX,Female,1,no,No,71.0,Yes,Yes,Dsl,Yes,No,No,No,No,No,1 Year,Yes,Credit card (automatic),80.7,5676,No
3957-HHLMR,fe male,0,n,Yes,70.0,Yes,Yes,dsl,Yes,No,No,No,No,Yes,One Year,No,Bank transfer (automatic),65.2,4543.15,No
7803-XOCCZ,m,0,n,Yes,52.0,Yes,No,Fiber Optic,Yes,No,Yes,Yes,No,No,month to month,Yes,Bank transfer (automatic),84.05,4326.8,No
5736-YEJAX,FEMALE,0,y,Yes,69.0,Yes,Yes,dsl,Yes,Yes,Yes,Yes,Yes,No,month to month,Yes,Credit card (automatic),79.45,,No
5609-CEBID,Female,1,Yes,No,20.0,Yes,Yes,fiber optic,No,Yes,Yes,No,No,Yes,Two Year,Yes,Electronic check,94.1,1782.4,Yes
8981-FJGLA,Female,0,YES,Yes,11.0,Yes,Yes,Fiberoptic,No,No,Yes,No,No,No,2 year,Yes,Mailed check,78.0,851.8,No
7218-HKQFK,Male,0,No,No,2.0,Yes,No,dsl,No,No,No,Yes,Yes,Yes,One Year,Yes,Electronic check,94.2,167.5,Yes
4636-QRJKY,Female,0,No,Yes,6.0,Yes,Yes,dsl,No,No,No,Yes,No,No,One Year,Yes,Electronic check,80.5,502.85,Yes
1135-LMECX,FEMALE,0,y,No,1.0,Yes,No,Dsl,No internet service,No internet service,No internet service,No internet service,No internet service,No internet service,2 Year,No,Mailed check,19.85,,No
4332-MUOEZ,Male,1,y,Yes,20.0,Yes,No,dsl,Yes,No,Yes,Yes,No,Yes,2 year,No,Credit card (automatic),94.3,1818.3,No
8535-SFUTN,m,0,Yes,No,61.0,Yes,Yes,Dsl,Yes,No,Yes,No,Yes,Yes,month to month,,Electronic check,106.45,6300.15,No
5956-VKDTT,Female,1,Yes,No,5.0,Yes,Yes,Fiberoptic,No,No,No,No,No,No,Month-to-Month,Yes,Electronic check,74.35,334.8,Yes
8677-HDZEE,f,0,YES,No,56.0,Yes,Yes,fiber,No,Yes,No,Yes,Yes,Yes,One Year,Yes,Bank transfer (automatic),105.45,5916.95,No
2475-MROZF,f,0,no,No,30.0,Yes,Yes,Dsl,Yes,Yes,Yes,Yes,No,No,2 Year,Yes,Credit card (automatic),95.0,2852.4,No
9412-GHEEC,m,0,NO,No,40.0,Yes,Yes,Fiber Optic,No,No,Yes,Yes,Yes,Yes,2 Year,No,Bank transfer (automatic),104.8,4131.95,Yes
3482-ABPKK,f,0,n,No,28.0,Yes,No,Dsl,Yes,No,No,Yes,No,No,One Year,No,Mailed check,54.3,1546.3,No
6705-LXORM,Female,1,YES,No,5.0,Yes,No,fiber,No,No,No,No,No,No,2 Year,,Electronic check,70.05,302.6,No
0257-ZESQC,Male,1,YES,No,,Yes,No,Fiberoptic,Yes,No,No,No,No,No,1 year,Yes,Bank transfer (automatic),75.2,1929.35,Yes
7531-GQHME,FEMALE,0,Yes,No,12.0,Yes,No,fiber,No internet service,No internet service,No internet service,No internet service,No internet service,No internet service,1 year,No,Credit card (automatic),20.05,265.45,No
5174-ITUMV,FEMALE,0,YES,Yes,67.0,Yes,Yes,dsl,No,Yes,Yes,No,Yes,Yes,1 year,Yes,Electronic check,105.4,6989.45,No
4109-CYRBD,m,1,Yes,,29.0,Yes,Yes,DSL,No,No,No,No,No,No,2 year,Yes,Electronic check,51.6,1442,No
0913-XWSCN,FEMALE,0,Yes,Yes,55.0,Yes,Yes,Dsl,No,No,No,No,No,Yes,One Year,No,Bank transfer (automatic),85.5,4713.4,No
6825-UYPFK,FEMALE,0,No,No,23.0,Yes,Yes,dsl,No,No,No,No,No,No,One Year,No,Bank transfer (automatic),75.6,1758.6,Yes
8397-MVTAZ,Male,0,no,No,34.0,Yes,Yes,Fiberoptic,No,No,Yes,No,Yes,Yes,Month-to-Month,Yes,Electronic check,100.05,3480,Yes
0750-EBAIU,m,0,Yes,,52.0,Yes,No,fiber optic,Yes,No,Yes,No,Yes,No,Month-to-Month,No,Electronic check,91.25,4738.3,No
8606-CIQUL,Female,1,n,Yes,72.0,Yes,Yes,Fiber Optic,Yes,Yes,Yes,Yes,Yes,Yes,2 Year,Yes,Credit card (automatic),115.75,8399.15,No
3571-DPYUH,fe male,0,no,Yes,58.0,Yes,Yes,fiber,No,Yes,No,Yes,Yes,No,2 Year,Yes,Credit card (automatic),94.7,5430.35,No
7601-GNDYK,Male,0,no,Yes,35.0,Yes,No,dsl,No internet service,No internet service,No internet service,No internet service,No internet service,No internet service,2 year,No,Mailed check,19.6,686.95,No
0356-OBMAC,Female,1,YES,No,56.0,Yes,Yes,fiber,No,Yes,Yes,Yes,Yes,No,2 year,Yes,Bank transfer (automatic),99.9,5706.3,No
8067-NIOYM,Male,0,YES,Yes,24.0,Yes,No,dsl,No internet service,No internet service,No internet service,No internet service,No internet service,No internet service,One Year,Yes,Credit card (automatic),21.1,490.65,No
1403-GYAFU,Female,0,n,,,Yes,No,fiber optic,No internet service,No internet service,No internet service,No internet service,No internet service,No internet service,1 Year,No,Credit card (automatic),20.05,1360.25,No
4234-XTNEA,m,0,Yes,No,,Yes,No,fiber optic,No,No,No,No,Yes,No,2 year,Yes,Electronic check,79.95,174.45,No
1297-VQDRP,Female,1,Yes,Yes,68.0,Yes,Yes,DSL,No,No,Yes,Yes,Yes,Yes,1 year,Yes,Credit card (automatic),107.15,7379.8,No
9282-IZGQK,fe male,0,n,No,1.0,Yes,Yes,fiber,No,No,No,No,No,Yes,1 Year,Yes,Electronic check,85.0,85,Yes
5348-CAGXB,Female,0,y,No,12.0,Yes,Yes,DSL,No,No,Yes,No,Yes,No,Month-to-Month,Yes,Electronic check,89.55,1021.75,No
0621-HJWXJ,f,0,NO,No,63.0,Yes,Yes,fiber optic,No,Yes,No,No,No,No,2 year,Yes,Bank transfer (automatic),81.55,5029.05,No
5844-QVTAT,Male,0,y,,33.0,Yes,No,Dsl,Yes,Yes,Yes,No,No,No,Month-to-Month,Yes,Mailed check,58.45,1955.4,No
8905-IAZPF,Male,0,YES,No,69.0,Yes,No,Fiberoptic,No,Yes,No,No,Yes,Yes,2 Year,Yes,Credit card (automatic),95.65,6744.2,No
5394-MEITZ,Male,0,No,Yes,60.0,Yes,No,fiber optic,No,Yes,Yes,Yes,Yes,Yes,1 year,Yes,Bank transfer (automatic),80.6,4946.7,No
6859-QNXIQ,f,0,no,,72.0,Yes,Yes,Fiberoptic,Yes,Yes,Yes,Yes,Yes,Yes,One Year,Yes,Bank transfer (automatic),113.1,8248.5,No
2782-LFZVW,Male,0,Yes,No,11.0,Yes,Yes,Fiberoptic,No,No,No,No,No,Yes,Two Year,Yes,Mailed check,58.95,,No
2866-IKBTM,Male,0,Yes,No,,Yes,No,fiber,No internet service,No internet service,No internet service,No internet service,No internet service,No internet service,One Year,No,Mailed check,19.55,19.55,No
1342-JPNKI,Male,0,n,No,10.0,Yes,Yes,dsl,No,No,No,No,Yes,No,1 Year,Yes,Bank transfer (automatic),86.05,834.1,Yes
2817-NTQDO,Male,0,YES,No,13.0,No,No phone service,Fiberoptic,Yes,No,No,Yes,Yes,No,2 Year,Yes,Credit card (automatic),45.55,597,Yes
7129-AZJDE,Male,0,y,Yes,34.0,Yes,No,DSL,No,No,No,No,No,Yes,month to month,Yes,Bank transfer (automatic),78.95,,No
6986-IJDHX,Male,0,No,Yes,39.0,Yes,No,DSL,No,Yes,No,No,Yes,No,month to month,Yes,Mailed check,86.3,3266,Yes
2560-PPCHE,m,0,Yes,No,65.0,Yes,Yes,fiber optic,No,Yes,No,Yes,Yes,Yes,One Year,Yes,Bank transfer (automatic),105.05,6744.25,No
4676-MQUEA,Male,1,no,No,50.0,Yes,Yes,fiber optic,Yes,Yes,Yes,No,Yes,No,1 Year,,Bank transfer (automatic),101.9,5265.5,No
8138-EALND,Male,0,YES,No,15.0,Yes,No,dsl,No internet service,No internet service,No internet service,No internet service,No internet service,No internet service,1 Year,No,Mailed check,19.75,311.6,No
3580-HYCSP,Female,0,Yes,,72.0,Yes,Yes,DSL,Yes,Yes,Yes,No,Yes,Yes,One Year,Yes,Bank transfer (automatic),110.3,7966.9,No
1352-HNSAW,Female,0,no,Yes,72.0,Yes,Yes,DSL,Yes,Yes,Yes,Yes,Yes,Yes,One Year,Yes,Bank transfer (automatic),115.6,,No
2075-PUEPR,FEMALE,0,n,,55.0,Yes,No,fiber,No internet service,No internet service,No internet service,No internet service,No internet service,No internet service,2 year,No,Bank transfer (automatic),19.35,1153.25,No
1982-FEBTD,f,0,No,Yes,23.0,Yes,Yes,dsl,No internet service,No internet service,No internet service,No internet service,No internet service,No internet service,Two Year,Yes,Credit card (automatic),25.6,,No
5301-GAUUY,fe male,0,YES,,32.0,Yes,Yes,Fiber Optic,No,Yes,No,No,No,No,2 Year,Yes,Bank transfer (automatic),80.35,2596.15,Yes
5791-KAJFD,f,0,n,Yes,56.0,Yes,Yes,dsl,Yes,No,Yes,No,No,Yes,Two Year,Yes,Bank transfer (automatic),68.75,3808,No
2654-VBVPB,f,0,NO,No,1.0,Yes,No,Dsl,No internet service,No internet service,No internet service,No internet service,No internet service,No internet service,month to month,No,Bank transfer (automatic),19.9,19.9,No
1154-HYWWO,m,0,n,No,38.0,Yes,No,fiber,Yes,Yes,No,Yes,Yes,No,2 year,No,Mailed check,70.6,2708.2,No
2501-XWWTZ,f,0,no,No,11.0,Yes,No,dsl,No,No,No,No,No,No,Month-to-Month,No,Electronic check,70.2,760.05,No
3716-UVSPD,fe male,0,NO,No,1.0,Yes,No,fiber,No,No,No,Yes,No,No,2 year,,Electronic check,49.3,49.3,No
6815-ABQFQ,Female,0,Yes,,56.0,Yes,Yes,Fiber Optic,No,Yes,No,Yes,Yes,Yes,One Year,Yes,Electronic check,107.25,6033.3,No
7343-EOBEU,Female,0,NO,No,3.0,Yes,Yes,Fiber Optic,No internet service,No internet service,No internet service,No internet service,No internet service,No internet service,1 year,Yes,Mailed check,23.6,89.05,No
3701-SFMUH,Female,0,Yes,Yes,7.0,Yes,No,Dsl,Yes,No,No,No,Yes,Yes,1 Year,No,Credit card (automatic),69.7,516.15,No
6103-LIANB,FEMALE,0,no,,59.0,Yes,Yes,Fiber Optic,No,No,Yes,No,Yes,Yes,2 Year,Yes,Credit card (automatic),99.5,5861.75,No
7319-VENRZ,Female,0,No,No,7.0,Yes,No,fiber optic,No,No,Yes,Yes,Yes,No,2 Year,,Bank transfer (automatic),64.3,445.95,No
5846-NEQVZ,fe male,0,no,Yes,71.0,Yes,No,Fiber Optic,Yes,No,Yes,Yes,No,Yes,1 year,Yes,Credit card (automatic),,4973.4,No
6967-QIQRV,Male,0,YES,Yes,15.0,Yes,No,Fiber Optic,Yes,No,No,Yes,Yes,Yes,2 year,No,Electronic check,101.9,1667.25,No
5781-RFZRP,f,0,no,No,71.0,Yes,Yes,DSL,Yes,Yes,No,Yes,Yes,No,Two Year,No,Credit card (automatic),73.5,5357.75,No
0939-YAPAF,Female,0,NO,No,,Yes,Yes,Fiber Optic,No,No,Yes,No,Yes,Yes,1 year,Yes,Electronic check,100.25,3527.6,Yes
0308-IVGOK,f,0,No,No,11.0,No,No phone service,fiber,No,Yes,Yes,Yes,No,No,2 Year,Yes,Credit card (automatic),40.4,422.6,No
7293-LSCDV,Male,0,no,Yes,,Yes,No,DSL,No internet service,No internet service,No internet service,No internet service,No internet service,No internet service,One Year,Yes,Credit card (automatic),19.25,1103.25,No
7025-WCBNE,fe male,1,No,No,47.0,Yes,Yes,DSL,No,Yes,No,Yes,No,No,One Year,No,Bank transfer (automatic),59.6,2754,No
5756-JYOJT,Female,0,no,No,11.0,Yes,No,DSL,No,No,Yes,Yes,No,Yes,1 Year,No,Credit card (automatic),64.9,697.25,No
4710-FDUIZ,Female,0,NO,No,56.0,Yes,Yes,dsl,No,Yes,No,No,Yes,Yes,One Year,No,Credit card (automatic),100.3,5614.45,Yes
6030-REHUX,Male,1,n,No,28.0,Yes,Yes,Fiberoptic,No,Yes,Yes,Yes,Yes,Yes,2 Year,Yes,Electronic check,110.85,3204.4,No
9548-LIGTA,f,0,NO,No,61.0,Yes,No,Fiberoptic,Yes,Yes,No,Yes,Yes,Yes,1 year,Yes,Mailed check,,4747.65,No
5150-LJNSR,FEMALE,0,n,Yes,31.0,Yes,Yes,DSL,Yes,No,Yes,No,Yes,No,Month-to-Month,No,Bank transfer (automatic),98.05,3082.1,No
8270-RKSAP,fe male,0,Yes,No,9.0,Yes,No,Fiberoptic,No,No,No,No,No,No,month to month,Yes,Electronic check,70.5,597.9,No
6522-YRBXD,FEMALE,1,Yes,No,35.0,Yes,Yes,Fiber Optic,Yes,Yes,No,No,No,Yes,month to month,Yes,Electronic check,94.55,3365.4,No
2640-LYMOV,f,0,n,No,2.0,Yes,No,fiber optic,No internet service,No internet service,No internet service,No internet service,No internet service,No internet service,1 Year,Yes,Mailed check,19.65,38.8,No
1218-VKFPE,Male,0,No,Yes,12.0,Yes,No,fiber optic,No internet service,No internet service,No internet service,No internet service,No internet service,No internet service,Month-to-Month,,Mailed check,19.0,233.55,Yes
3627-FHKBK,f,0,no,No,1.0,Yes,No,fiber,Yes,No,No,No,No,No,1 Year,No,Mailed check,,75.3,Yes
2865-TCHJW,Female,1,YES,No,,Yes,Yes,Fiber Optic,No,No,Yes,No,Yes,No,1 year,Yes,Electronic check,89.2,346.2,Yes
1423-BMPBQ,Male,0,No,Yes,,Yes,No,DSL,No internet service,No internet service,No internet service,No internet service,No internet service,No internet service,month to month,Yes,Mailed check,19.0,19,No
2393-DIVAI,m,0,NO,No,3.0,Yes,No,fiber optic,No internet service,No internet service,No internet service,No internet service,No internet service,No internet service,1 year,Yes,Mailed check,20.0,61.7,No
5192-EBGOV,f,1,NO,No,,Yes,Yes,dsl,No,No,No,No,Yes,No,month to month,Yes,Electronic check,85.7,85.7,Yes
4568-KNYWR,Male,0,n,No,52.0,Yes,No,dsl,Yes,Yes,No,No,Yes,No,Two Year,Yes,Credit card (automatic),63.25,3342.45,No
8752-IMQOS,Male,0,y,Yes,5.0,Yes,No,DSL,No internet service,No internet service,No internet service,No internet service,No internet service,No internet service,2 year,No,Mailed check,20.1,85.1,No
0742-LAFQK,FEMALE,0,n,No,72.0,Yes,Yes,fiber optic,Yes,Yes,Yes,No,No,Yes,2 year,Yes,Electronic check,99.15,7422.1,No
0795-LAFGP,Male,0,no,Yes,71.0,Yes,Yes,fiber,Yes,Yes,Yes,Yes,Yes,Yes,1 year,No,Electronic check,90.4,6668.05,No
0619-OLYUR,fe male,0,no,No,72.0,Yes,Yes,Fiberoptic,Yes,No,Yes,Yes,Yes,Yes,1 Year,Yes,Credit card (automatic),111.9,8071.05,No
5512-IDZEI,f,0,y,Yes,,Yes,Yes,DSL,No internet service,No internet service,No internet service,No internet service,No internet service,No internet service,1 Year,No,Electronic check,24.9,1174.8,No
0459-SPZHJ,Male,0,Yes,Yes,63.0,Yes,Yes,DSL,Yes,Yes,Yes,No,Yes,Yes,1 Year,No,Credit card (automatic),83.5,5435,No
0215-BQKGS,m,0,Yes,No,30.0,Yes,No,dsl,Yes,Yes,Yes,No,No,No,1 year,Yes,Credit card (automatic),84.3,2438.6,No
9244-ZVAPM,m,0,y,No,,Yes,No,dsl,No,No,No,No,No,No,One Year,No,Mailed check,45.6,45.6,No
0719-SYFRB,Male,0,n,No,,Yes,Yes,Fiberoptic,Yes,No,Yes,Yes,No,No,One Year,Yes,Mailed check,61.65,713.75,Yes
8208-EUMTE,Male,0,No,No,16.0,No,No phone service,Dsl,Yes,Yes,Yes,Yes,Yes,No,2 Year,No,Mailed check,54.85,916.15,No
5172-MIGPM,fe male,0,n,No,4.0,Yes,Yes,Dsl,No,No,No,Yes,No,Yes,Two Year,No,Mailed check,65.55,237.2,No
1710-RCXUS,FEMALE,0,No,No,51.0,Yes,Yes,fiber optic,No,Yes,No,No,No,Yes,1 year,Yes,Credit card (automatic),90.35,4614.55,No
0374-FIUCA,f,0,y,No,65.0,Yes,No,dsl,No internet service,No internet service,No internet service,No internet service,No internet service,No internet service,2 year,Yes,Credit card (automatic),20.4,,No
5839-SUYVZ,FEMALE,0,NO,No,16.0,Yes,No,fiber,No,No,No,Yes,No,No,month to month,Yes,Credit card (automatic),74.55,1170.5,No
5173-ZXXXL,Female,0,n,,2.0,Yes,No,dsl,No internet service,No internet service,No internet service,No internet service,No internet service,No internet service,2 year,,Mailed check,19.95,47.7,No
1096-ADRUX,m,0,YES,Yes,66.0,Yes,Yes,fiber optic,No,No,No,No,No,No,month to month,Yes,Bank transfer (automatic),74.25,4859.25,No
2001-MCUUW,FEMALE,0,no,No,,Yes,Yes,dsl,No,Yes,Yes,Yes,Yes,Yes,1 Year,No,Electronic check,108.65,4903.2,No
2731-GJRDG,FEMALE,0,Yes,No,32.0,Yes,Yes,dsl,Yes,No,Yes,Yes,Yes,Yes,2 Year,Yes,Bank transfer (automatic),109.55,3608,No
4723-BEGSG,fe male,0,n,No,72.0,Yes,Yes,Fiber Optic,Yes,No,Yes,Yes,Yes,Yes,2 year,No,Credit card (automatic),86.65,6094.25,No
6516-NKQBO,m,0,n,Yes,38.0,Yes,No,Fiberoptic,Yes,No,Yes,Yes,Yes,Yes,month to month,,Credit card (automatic),81.0,3084.9,No
8672-OAUPW,Male,0,Yes,Yes,51.0,Yes,No,fiber optic,No,No,No,Yes,No,No,Month-to-Month,No,Credit card (automatic),47.85,2356.75,No
8207-DMRVL,Male,0,n,Yes,72.0,Yes,Yes,Fiberoptic,Yes,Yes,Yes,Yes,Yes,Yes,1 year,No,Bank transfer (automatic),114.55,8306.05,No
3419-SNJJD,FEMALE,1,No,No,65.0,Yes,Yes,Fiber Optic,Yes,No,Yes,No,Yes,Yes,1 year,No,Bank transfer (automatic),105.25,6786.4,Yes
6543-CPZMK,Male,0,Yes,Yes,9.0,No,No phone service,Fiber Optic,No,Yes,No,No,No,No,Month-to-Month,Yes,Electronic check,29.95,248.95,Yes
4765-OXPPD,m,0,Yes,Yes,9.0,Yes,No,fiber optic,Yes,Yes,Yes,Yes,No,No,Two Year,No,Mailed check,65.0,663.05,Yes
2804-ETQDK,f,0,No,Yes,,Yes,No,Fiber Optic,No internet service,No internet service,No internet service,No internet service,No internet service,No internet service,2 year,No,Mailed check,20.55,1357.1,No
6689-VRRTK,Male,1,Yes,No,44.0,Yes,Yes,fiber,Yes,Yes,Yes,No,Yes,Yes,Month-to-Month,Yes,Credit card (automatic),,4860.35,No
7138-GIRSH,f,0,YES,No,50.0,Yes,Yes,DSL,No,No,Yes,Yes,No,Yes,1 year,No,Bank transfer (automatic),69.5,3418.2,No
9396-ZSFLL,Male,0,Yes,No,15.0,Yes,Yes,dsl,No,No,No,No,No,No,2 year,No,Mailed check,48.85,631.4,No
6464-KEXXH,Male,0,y,No,8.0,No,No phone service,fiber,No,No,No,No,No,No,One Year,Yes,Credit card (automatic),25.25,186.3,No
7134-MJPDY,m,1,Yes,No,66.0,Yes,Yes,fiber optic,No,No,Yes,Yes,Yes,Yes,month to month,Yes,Credit card (automatic),102.85,,No
5240-CAOYT,FEMALE,0,NO,No,57.0,Yes,Yes,fiber optic,Yes,Yes,No,Yes,No,No,2 Year,Yes,Bank transfer (automatic),87.55,4884.85,No
4059-IIEBK,Female,0,n,No,7.0,Yes,Yes,Fiberoptic,No,Yes,No,No,No,No,2 Year,Yes,Bank transfer (automatic),78.55,,No
4881-JVQOD,Male,1,No,Yes,10.0,No,No phone service,fiber,No,No,No,No,No,Yes,2 year,Yes,Bank transfer (automatic),34.55,362.6,No
0516-UXRMT,Male,0,Yes,No,62.0,Yes,Yes,Fiber Optic,Yes,Yes,Yes,No,No,No,2 year,Yes,Electronic check,92.05,5755.8,No
4851-BQDNX,Female,0,y,Yes,40.0,Yes,No,fiber optic,No,No,Yes,No,Yes,No,One Year,Yes,Electronic check,85.05,3355.65,No
5148-HKFIR,Male,0,y,No,20.0,Yes,No,dsl,No internet service,No internet service,No internet service,No internet service,No internet service,No internet service,month to month,No,Mailed check,19.7,406.95,No
1009-IRMNA,Female,0,Yes,No,7.0,Yes,No,DSL,No internet service,No internet service,No internet service,No internet service,No internet service,No internet service,One Year,No,Bank transfer (automatic),20.0,137.6,Yes
3003-CMDUU,Male,0,No,No,25.0,Yes,No,Dsl,No,No,No,Yes,Yes,Yes,One Year,Yes,Electronic check,95.15,2395.7,No
5016-IBERQ,f,0,No,No,23.0,Yes,Yes,DSL,No,Yes,Yes,No,No,No,2 year,No,Electronic check,84.25,1968.1,No
6797-UCJHZ,m,1,n,No,66.0,Yes,Yes,fiber,No,Yes,Yes,No,Yes,Yes,Month-to-Month,No,Credit card (automatic),104.6,6819.45,No
2469-DTSGX,m,1,Yes,No,72.0,Yes,Yes,Fiber Optic,No,Yes,Yes,Yes,Yes,Yes,One Year,No,Electronic check,111.65,7943.45,No
4554-YGZIH,Female,1,no,No,49.0,Yes,Yes,Dsl,No,Yes,No,No,No,Yes,Month-to-Month,No,Credit card (automatic),90.05,4547.25,Yes
5099-BAILX,FEMALE,1,YES,Yes,43.0,Yes,Yes,fiber,No,Yes,Yes,Yes,Yes,Yes,Month-to-Month,Yes,Bank transfer (automatic),,4687.9,Yes
9931-KGHOA,f,0,YES,No,46.0,Yes,Yes,fiber optic,Yes,No,No,No,No,No,One Year,No,Bank transfer (automatic),55.0,2473.95,No
1775-KWJKQ,f,0,n,Yes,72.0,Yes,Yes,DSL,Yes,Yes,Yes,Yes,Yes,Yes,Month-to-Month,No,Credit card (automatic),89.85,6562.9,No
7665-VIGUD,Male,0,Yes,No,10.0,Yes,No,dsl,No internet service,No internet service,No internet service,No internet service,No internet service,No internet service,1 year,No,Mailed check,20.35,176.3,No
9411-TPQQV,m,0,n,No,40.0,No,No phone service,Fiberoptic,Yes,No,No,Yes,Yes,Yes,One Year,Yes,Bank transfer (automatic),54.55,2236.2,No
7207-RMRDB,Female,0,y,Yes,65.0,Yes,Yes,Fiber Optic,No,Yes,Yes,No,Yes,Yes,1 Year,Yes,Electronic check,105.5,6985.65,Yes
7954-MLBUN,FEMALE,0,no,No,31.0,Yes,No,fiber optic,No,No,Yes,Yes,Yes,Yes,Two Year,,Bank transfer (automatic),99.45,3109.9,No
2077-DDHJK,m,0,NO,No,68.0,Yes,Yes,fiber optic,Yes,Yes,Yes,Yes,No,No,month to month,No,Credit card (automatic),70.9,4911.35,No
4913-EHYUI,fe male,1,Yes,Yes,56.0,Yes,Yes,Fiber Optic,Yes,No,Yes,No,Yes,Yes,Month-to-Month,Yes,Bank transfer (automatic),104.55,5794.65,Yes
0195-IESCP,Female,0,NO,No,10.0,Yes,Yes,Dsl,No,No,No,No,No,Yes,1 Year,Yes,Electronic check,85.25,855.3,Yes
9574-BOSMD,Male,0,No,Yes,68.0,Yes,Yes,Dsl,No internet service,No internet service,No internet service,No internet service,No internet service,No internet service,2 Year,No,Bank transfer (automatic),25.4,1620.2,No
4580-TMHJU,Female,0,No,Yes,43.0,Yes,No,dsl,No,No,No,No,Yes,No,1 year,No,Electronic check,56.15,2499.3,Yes
0970-ETWGE,Male,0,YES,,1.0,Yes,No,fiber optic,No,No,No,No,Yes,Yes,1 Year,Yes,Electronic check,89.55,89.55,Yes
4908-XAXAY,Male,1,y,No,49.0,Yes,No,DSL,No,Yes,Yes,No,No,Yes,2 Year,Yes,Bank transfer (automatic),89.85,4287.2,No
8404-VLQFB,fe male,0,No,Yes,15.0,Yes,Yes,Fiber Optic,No internet service,No internet service,No internet service,No internet service,No internet service,No internet service,One Year,Yes,Electronic check,25.25,394.85,No
1626-ERCMM,m,1,Yes,No,20.0,Yes,Yes,fiber,No,No,No,No,Yes,Yes,Month-to-Month,Yes,Electronic check,94.55,1899.65,Yes
0887-HJGAR,Male,0,n,No,1.0,Yes,No,dsl,No,No,No,No,No,No,1 year,Yes,Mailed check,45.7,45.7,Yes
2391-IPLOP,fe male,0,NO,Yes,50.0,Yes,Yes,DSL,No,No,Yes,Yes,Yes,No,1 Year,Yes,Electronic check,69.65,3442.15,No
5644-PDMZC,Female,1,NO,No,2.0,Yes,Yes,DSL,No,Yes,No,No,No,Yes,1 year,No,Electronic check,89.5,161.5,Yes
3509-GWQGF,Male,1,No,No,24.0,Yes,No,Fiberoptic,No,No,No,No,No,No,2 year,No,Credit card (automatic),70.0,1732.6,No
9576-ANLXO,Male,0,No,No,3.0,Yes,No,fiber,No,No,No,No,No,No,One Year,Yes,Bank transfer (automatic),69.55,222.3,Yes
2024-BASKD,fe male,0,Yes,,,Yes,No,Fiber Optic,No,No,Yes,No,No,No,Two Year,Yes,Mailed check,74.6,74.6,Yes
5845-BZZIB,Male,0,no,Yes,35.0,Yes,No,dsl,No internet service,No internet service,No internet service,No internet service,No internet service,No internet service,month to month,No,Mailed check,20.1,655.3,No
1140-UKVZG,Female,0,y,No,,Yes,Yes,Fiber Optic,No internet service,No internet service,No internet service,No internet service,No internet service,No internet service,Two Year,,Mailed check,24.8,475.25,No
4160-AMJTL,FEMALE,1,No,No,8.0,Yes,No,fiber,No internet service,No internet service,No internet service,No internet service,No internet service,No internet service,Month-to-Month,No,Electronic check,19.65,164.3,Yes
5183-SNMJQ,m,0,Yes,No,10.0,Yes,No,dsl,No,No,No,Yes,Yes,Yes,1 Year,Yes,Credit card (automatic),,865.1,No
8100-PNJMH,Male,0,No,Yes,68.0,Yes,Yes,fiber optic,Yes,Yes,Yes,Yes,Yes,Yes,1 year,Yes,Credit card (automatic),,6132.7,No
7838-LAZFO,Male,0,Yes,No,45.0,Yes,No,Fiber Optic,Yes,Yes,Yes,No,Yes,Yes,2 year,No,Bank transfer (automatic),78.8,3597.5,No
4464-JCOLN,FEMALE,0,No,Yes,2.0,Yes,No,Dsl,No internet service,No internet service,No internet service,No internet service,No internet service,No internet service,1 Year,No,Mailed check,19.85,35.9,Yes
2085-JVGAD,Female,0,y,No,37.0,Yes,No,DSL,No internet service,No internet service,No internet service,No internet service,No internet service,No internet service,Two Year,No,Bank transfer (automatic),20.35,697.65,No
5650-VDUDS,FEMALE,0,n,No,,No,No phone service,Dsl,No,No,No,No,No,No,1 year,Yes,Mailed check,24.25,96.05,Yes
8095-WANWK,Male,0,no,No,10.0,Yes,No,Fiber Optic,No,No,No,No,No,No,1 year,No,Mailed check,45.25,428.7,No
3030-ZKIWL,fe male,0,no,No,1.0,Yes,No,Dsl,No internet service,No internet service,No internet service,No internet service,No internet service,No internet service,Month-to-Month,No,Mailed check,20.05,20.05,No
9565-FLVCG,Female,0,YES,Yes,65.0,Yes,Yes,DSL,Yes,Yes,No,No,No,Yes,2 year,Yes,Mailed check,69.55,4459.15,No
8755-OGKNA,m,0,NO,Yes,57.0,Yes,No,dsl,No internet service,No internet service,No internet service,No internet service,No internet service,No internet service,2 Year,No,Bank transfer (automatic),19.5,1167.6,No
2800-VEQXM,Male,0,n,No,3.0,Yes,No,Dsl,No,No,Yes,No,No,No,2 Year,Yes,Mailed check,74.75,238.1,No
7538-GWHML,f,0,NO,,2.0,Yes,No,Dsl,No,No,No,No,No,No,1 year,No,Electronic check,69.65,145.15,Yes
5533-RJFTJ,f,0,y,No,49.0,No,No phone service,Dsl,No,No,Yes,No,No,No,Two Year,Yes,Bank transfer (automatic),30.2,1453.1,No
3859-CVCET,Female,0,YES,No,4.0,Yes,No,fiber optic,No,No,No,No,No,No,Two Year,No,Mailed check,45.65,191.05,Yes
0214-JHPFW,Male,0,No,No,70.0,No,No phone service,fiber optic,No,Yes,Yes,Yes,Yes,Yes,Month-to-Month,No,Bank transfer (automatic),57.8,4039.3,No
5642-MHDQT,f,0,Yes,Yes,53.0,Yes,No,DSL,No internet service,No internet service,No internet service,No internet service,No internet service,No internet service,2 year,Yes,Bank transfer (automatic),19.85,1039.45,No
3088-FVYWK,fe male,0,Yes,Yes,53.0,Yes,Yes,Fiberoptic,No internet service,No internet service,No internet service,No internet service,No internet service,No internet service,One Year,No,Credit card (automatic),25.55,1336.1,No
3276-HDUEG,f,0,YES,No,1.0,Yes,Yes,fiber optic,No,No,No,No,No,No,Two Year,Yes,Mailed check,75.05,,Yes
9092-GDZKO,FEMALE,0,YES,No,22.0,Yes,Yes,fiber,No internet service,No internet service,No internet service,No internet service,No internet service,No internet service,1 Year,Yes,Credit card (automatic),24.85,493.4,No
0823-HSCDJ,Female,1,y,No,52.0,No,No phone service,Fiber Optic,No,Yes,No,No,Yes,Yes,Two Year,Yes,Electronic check,49.15,2550.9,Yes
3729-OWRVL,FEMALE,1,YES,No,65.0,Yes,Yes,Fiber Optic,Yes,No,Yes,Yes,Yes,Yes,month to month,Yes,Electronic check,110.35,7246.15,No
2324-AALNO,Male,0,No,No,48.0,Yes,Yes,Fiber Optic,No internet service,No internet service,No internet service,No internet service,No internet service,No internet service,1 year,,Bank transfer (automatic),24.55,1203.95,No
0822-GAVAP,fe male,0,No,No,2.0,No,No phone service,DSL,No,No,No,No,No,Yes,Two Year,Yes,Electronic check,34.7,62.25,Yes
5760-IFJOZ,fe male,0,no,No,3.0,Yes,Yes,fiber,No,Yes,Yes,No,Yes,Yes,Month-to-Month,No,Mailed check,107.95,313.6,No
2826-UWHIS,Female,0,no,No,45.0,Yes,Yes,dsl,No,Yes,No,No,No,No,1 Year,No,Bank transfer (automatic),81.4,3775.85,No
1448-PWKYE,Male,0,Yes,Yes,1.0,Yes,No,dsl,No,No,No,No,No,Yes,month to month,No,Electronic check,80.0,80,Yes
7501-IWUNG,f,0,YES,,61.0,Yes,No,Fiberoptic,No,No,Yes,Yes,Yes,Yes,Month-to-Month,Yes,Bank transfer (automatic),73.8,4616.05,No
4957-TREIR,Male,0,no,No,3.0,Yes,No,Fiber Optic,Yes,No,No,Yes,Yes,No,2 Year,Yes,Credit card (automatic),64.4,,No
7251-LJBQN,Female,1,Yes,No,,Yes,Yes,Fiber Optic,No,No,Yes,Yes,Yes,Yes,One Year,Yes,Credit card (automatic),103.75,4188.4,No
8040-MNRTF,fe male,0,No,No,1.0,Yes,No,Fiberoptic,No,No,No,No,No,No,1 Year,No,Mailed check,71.1,,No
1536-HBSWP,m,0,No,No,1.0,Yes,No,DSL,No,No,No,Yes,No,No,Two Year,Yes,Electronic check,49.9,49.9,No
5313-FPXWG,FEMALE,0,y,No,,Yes,Yes,DSL,No internet service,No internet service,No internet service,No internet service,No internet service,No internet service,1 year,Yes,Bank transfer (automatic),24.6,1266.4,No
0067-DKWBL,fe male,1,YES,No,2.0,Yes,No,fiber optic,Yes,No,No,No,No,No,1 year,Yes,Electronic check,49.25,91.1,Yes
0946-FKYTX,Female,0,NO,No,52.0,No,No phone service,Fiber Optic,No,Yes,No,No,No,No,Month-to-Month,No,Mailed check,30.1,1623.4,No
5076-YVXCM,FEMALE,0,Yes,No,51.0,Yes,Yes,Dsl,No,No,No,No,No,Yes,1 Year,No,Bank transfer (automatic),83.4,4149.45,No
8262-COGGB,m,0,Yes,,1.0,Yes,No,Fiber Optic,No internet service,No internet service,No internet service,No internet service,No internet service,No internet service,1 Year,Yes,Mailed check,20.45,20.45,No
6663-JOCQO,fe male,0,no,Yes,31.0,Yes,Yes,dsl,Yes,Yes,No,Yes,No,Yes,1 year,Yes,Bank transfer (automatic),75.25,2344.5,No
9620-QJREV,Female,0,y,Yes,,Yes,No,fiber optic,No internet service,No internet service,No internet service,No internet service,No internet service,No internet service,One Year,No,Credit card (automatic),20.55,1013.05,No
2276-YDAVZ,Male,0,NO,No,3.0,Yes,Yes,dsl,No,No,No,No,No,No,Two Year,Yes,Credit card (automatic),75.1,270.7,Yes
2682-KEVRP,FEMALE,1,y,No,22.0,Yes,No,fiber optic,No internet service,No internet service,No internet service,No internet service,No internet service,No internet service,2 year,Yes,Mailed check,20.05,,No
2480-JZOSN,fe male,0,y,No,1.0,Yes,No,DSL,No internet service,No internet service,No internet service,No internet service,No internet service,No internet service,1 year,Yes,Mailed check,20.65,20.65,No
0078-XZMHT,m,0,Yes,No,72.0,Yes,Yes,fiber,No,Yes,Yes,Yes,Yes,Yes,2 Year,Yes,Bank transfer (automatic),85.15,,No
5896-NPFWW,fe male,0,Yes,Yes,3.0,Yes,No,fiber,No,No,Yes,No,No,No,2 Year,Yes,Electronic check,50.15,,Yes
9978-HYCIN,Male,1,y,Yes,,Yes,No,Dsl,No,Yes,No,No,Yes,No,1 year,Yes,Bank transfer (automatic),84.95,4018.05,No
8338-QIUNR,f,0,Yes,Yes,72.0,Yes,Yes,Dsl,Yes,No,Yes,Yes,No,No,2 year,Yes,Credit card (automatic),66.5,4811.6,No
1525-LNLOJ,Male,0,y,Yes,66.0,Yes,Yes,Fiber Optic,No,No,Yes,No,Yes,No,Two Year,Yes,Bank transfer (automatic),63.3,4189.7,No
9450-TRJUU,FEMALE,0,no,No,35.0,Yes,Yes,fiber optic,No,No,No,No,Yes,No,month to month,,Electronic check,83.15,2848.45,No
1766-GKNMI,Male,0,y,No,29.0,Yes,Yes,dsl,No,No,No,No,No,Yes,2 Year,Yes,Electronic check,84.9,2516.2,No
6942-LBFDP,Male,0,Yes,,2.0,Yes,No,DSL,No internet service,No internet service,No internet service,No internet service,No internet service,No internet service,month to month,Yes,Mailed check,20.55,33.6,No
1456-TWCGB,f,0,Yes,No,4.0,Yes,No,Fiber Optic,No,Yes,No,No,No,No,Month-to-Month,No,Mailed check,49.25,208.45,No
7133-VBDCG,m,0,No,No,25.0,Yes,No,Dsl,Yes,Yes,No,No,No,No,1 Year,Yes,Bank transfer (automatic),79.85,2015.35,Yes
7596-ZYWBB,Male,0,YES,No,65.0,Yes,No,Fiberoptic,Yes,Yes,No,Yes,No,No,One Year,Yes,Mailed check,59.6,,No
8329-UTMVM,Male,1,Yes,No,27.0,Yes,Yes,DSL,No,Yes,No,Yes,Yes,Yes,One Year,Yes,Bank transfer (automatic),104.65,2964,No
3014-WJKSM,FEMALE,0,Yes,No,29.0,Yes,No,fiber,No,No,Yes,No,No,No,1 year,Yes,Credit card (automatic),75.3,,No
3347-YJZZE,Female,0,n,Yes,29.0,Yes,Yes,fiber,No,Yes,Yes,No,Yes,Yes,1 year,No,Credit card (automatic),80.1,2211.8,No
1029-QFBEN,Female,0,No,No,1.0,Yes,No,fiber,No internet service,No internet service,No internet service,No internet service,No internet service,No internet service,One Year,No,Mailed check,19.55,19.55,Yes
7929-DMBCV,Male,0,Yes,No,20.0,Yes,No,Fiberoptic,No,No,Yes,Yes,No,No,Month-to-Month,Yes,Mailed check,81.0,1683.7,No
9661-JALZV,m,0,no,No,58.0,Yes,Yes,fiber,No internet service,No internet service,No internet service,No internet service,No internet service,No internet service,2 Year,Yes,Credit card (automatic),24.7,1519,No
5433-KYGHE,Male,0,NO,Yes,14.0,Yes,Yes,DSL,Yes,No,No,Yes,No,No,2 year,,Mailed check,86.0,1164.05,No
4312-KFRXN,Male,0,no,No,72.0,Yes,Yes,fiber optic,No internet service,No internet service,No internet service,No internet service,No internet service,No internet service,One Year,No,Mailed check,25.4,1710.9,No
5575-TPIZQ,Male,0,No,No,46.0,Yes,Yes,dsl,Yes,No,No,No,Yes,No,Month-to-Month,Yes,Credit card (automatic),89.15,4245.55,No
0114-IGABW,fe male,0,no,,71.0,No,No phone service,DSL,No,Yes,Yes,Yes,Yes,Yes,One Year,No,Bank transfer (automatic),58.25,4145.9,No
9944-AEXBM,Male,0,Yes,No,32.0,Yes,Yes,DSL,No,No,No,No,No,Yes,month to month,,Bank transfer (automatic),85.65,2664.3,No
1853-ARAAQ,f,0,no,No,26.0,No,No phone service,dsl,No,No,Yes,No,Yes,Yes,1 year,Yes,Credit card (automatic),50.35,,No
6952-OMNWB,m,1,No,No,68.0,Yes,Yes,Fiberoptic,No,No,Yes,No,No,No,2 year,Yes,Credit card (automatic),80.35,5589.3,No
4697-LUPSU,fe male,0,YES,Yes,2.0,Yes,No,fiber optic,No internet service,No internet service,No internet service,No internet service,No internet service,No internet service,1 year,No,Mailed check,20.2,34.75,No
8434-VGEQQ,fe male,0,YES,Yes,61.0,Yes,No,fiber optic,No internet service,No internet service,No internet service,No internet service,No internet service,No internet service,One Year,No,Credit card (automatic),20.55,1305.95,No
4952-YSOGZ,FEMALE,0,no,Yes,4.0,Yes,Yes,dsl,No,No,No,No,No,Yes,One Year,Yes,Electronic check,85.95,381.3,Yes
1589-AGTLK,Male,0,Yes,No,3.0,Yes,No,Fiber Optic,No,No,No,No,No,No,1 year,Yes,Electronic check,45.35,141.5,Yes
5244-IRFIH,fe male,1,y,No,,Yes,Yes,dsl,No,No,No,No,Yes,Yes,2 Year,Yes,Electronic check,94.5,3105.55,Yes
6549-YMFAW,Male,1,y,No,9.0,Yes,No,Dsl,No internet service,No internet service,No internet service,No internet service,No internet service,No internet service,Two Year,Yes,Mailed check,,204.55,No
4950-HKQTE,m,0,Yes,No,22.0,Yes,Yes,fiber,No internet service,No internet service,No internet service,No internet service,No internet service,No internet service,Month-to-Month,No,Mailed check,26.25,605.9,No
6786-OBWQR,Male,0,No,Yes,,Yes,No,fiber,No,No,No,No,Yes,No,1 Year,Yes,Electronic check,80.85,356.1,No
2684-EIWEO,fe male,1,NO,No,30.0,Yes,Yes,DSL,Yes,Yes,Yes,No,No,No,Two Year,No,Credit card (automatic),91.7,2758.15,Yes
2753-JMMCV,f,0,no,No,65.0,Yes,Yes,Dsl,No,Yes,Yes,Yes,No,Yes,2 year,,Credit card (automatic),74.2,4805.65,No
6439-GTPCA,fe male,0,Yes,No,45.0,Yes,Yes,fiber,No,No,Yes,Yes,No,No,2 year,Yes,Electronic check,87.25,3941.7,Yes
6621-YOBKI,Male,0,No,No,5.0,Yes,No,Fiberoptic,No internet service,No internet service,No internet service,No internet service,No internet service,No internet service,Two Year,No,Mailed check,20.35,92.75,No
1216-JWVUX,Male,0,Yes,Yes,25.0,Yes,No,fiber optic,No,Yes,No,No,No,No,One Year,Yes,Electronic check,75.5,1901.05,No
7564-GHCVB,fe male,0,y,,72.0,Yes,Yes,Fiber Optic,Yes,No,No,No,No,No,Two Year,No,Bank transfer (automatic),79.05,,No
1173-NOEYG,Male,0,Yes,,27.0,Yes,Yes,Dsl,No,No,Yes,No,No,Yes,2 Year,No,Bank transfer (automatic),,2423.4,No
7595-EHCDL,FEMALE,0,Yes,Yes,32.0,No,No phone service,fiber optic,No,No,Yes,No,Yes,Yes,Month-to-Month,No,Credit card (automatic),50.6,1653.45,No
6647-ZEDXT,FEMALE,0,no,No,30.0,Yes,Yes,dsl,No,Yes,Yes,Yes,Yes,Yes,2 Year,No,Credit card (automatic),110.45,3327.05,No
2521-NPUZR,Female,0,YES,No,70.0,Yes,No,Dsl,Yes,Yes,Yes,Yes,No,Yes,Month-to-Month,No,Credit card (automatic),101.0,7085.5,No
1307-TVUFB,FEMALE,1,Yes,No,,Yes,Yes,DSL,No,Yes,No,No,No,No,1 year,Yes,Bank transfer (automatic),79.35,3344.1,No
7503-MIOGA,f,1,YES,No,,Yes,Yes,DSL,Yes,Yes,Yes,Yes,Yes,Yes,2 year,Yes,Bank transfer (automatic),89.85,6697.35,No
4381-MHQDC,FEMALE,0,Yes,,47.0,Yes,Yes,Fiberoptic,Yes,No,Yes,Yes,No,No,2 Year,Yes,Mailed check,65.0,2879.9,No
6923-JHPMP,m,0,Yes,No,2.0,Yes,No,Dsl,Yes,No,Yes,No,No,No,1 year,Yes,Electronic check,80.45,137.1,No
5138-WVKYJ,Female,0,YES,No,10.0,Yes,Yes,fiber optic,Yes,No,No,No,Yes,Yes,1 Year,No,Electronic check,98.55,1008.55,Yes
4018-PPNDW,fe male,0,NO,Yes,61.0,Yes,Yes,DSL,No internet service,No internet service,No internet service,No internet service,No internet service,No internet service,month to month,Yes,Mailed check,24.1,1551.6,No
1635-FJFCC,FEMALE,0,No,No,5.0,Yes,No,Fiber Optic,No,No,No,No,No,No,1 year,Yes,Credit card (automatic),44.05,202.15,No
2499-AJYUA,Male,1,NO,,72.0,Yes,Yes,Dsl,No,Yes,Yes,Yes,Yes,Yes,1 year,Yes,Credit card (automatic),110.8,7882.25,No
6919-ELBGL,m,1,YES,Yes,72.0,Yes,Yes,fiber optic,Yes,Yes,Yes,Yes,Yes,Yes,1 year,Yes,Bank transfer (automatic),114.95,8196.4,No
3966-HRMZA,FEMALE,1,Yes,No,3.0,Yes,No,Fiber Optic,No,No,Yes,No,No,No,Month-to-Month,No,Mailed check,75.05,202.9,No
6425-JWTDV,FEMALE,0,Yes,,48.0,Yes,No,DSL,No internet service,No internet service,No internet service,No internet service,No internet service,No internet service,1 Year,No,Mailed check,19.25,855.1,No
8405-IGQFX,f,0,Yes,No,,Yes,No,dsl,No,No,Yes,Yes,Yes,No,Month-to-Month,,Credit card (automatic),90.05,5817,No
8224-IVVPA,m,0,No,No,27.0,Yes,No,fiber,Yes,Yes,No,No,No,No,Two Year,Yes,Mailed check,,1652.95,No
9477-LGWQI,Male,0,no,,70.0,Yes,No,fiber optic,Yes,Yes,Yes,No,Yes,Yes,month to month,Yes,Credit card (automatic),80.15,5600.15,No
1410-RSCMR,Female,0,No,Yes,7.0,Yes,No,Dsl,Yes,No,Yes,Yes,No,Yes,One Year,Yes,Credit card (automatic),71.35,515.75,No
3115-CZMZD,m,0,NO,Yes,0.0,Yes,No,Dsl,No internet service,No internet service,No internet service,No internet service,No internet service,No internet service,2 Year,No,Mailed check,, ,No
0139-IVFJG,Male,0,n,No,,Yes,No,DSL,Yes,Yes,No,No,Yes,No,Month-to-Month,No,Electronic check,90.35,190.5,No
6683-VLCTZ,f,1,No,No,20.0,Yes,Yes,dsl,No,No,Yes,No,Yes,Yes,1 Year,Yes,Electronic check,98.55,1842.8,Yes
5730-DBDSI,Male,0,Yes,No,66.0,Yes,No,fiber,No internet service,No internet service,No internet service,No internet service,No internet service,No internet service,2 Year,No,Bank transfer (automatic),19.7,1253.8,No
0030-FNXPP,Male,0,Yes,No,,Yes,No,Fiberoptic,No internet service,No internet service,No internet service,No internet service,No internet service,No internet service,Two Year,No,Mailed check,19.85,57.2,No
2189-WWOEW,Female,0,n,Yes,15.0,Yes,No,dsl,No,Yes,No,No,No,Yes,Month-to-Month,Yes,Bank transfer (automatic),85.9,1269.55,Yes
5684-FJVYR,Female,0,y,Yes,72.0,Yes,Yes,dsl,Yes,Yes,No,Yes,No,No,Two Year,Yes,Bank transfer (automatic),90.35,6563.4,No
4013-GUXND,Male,0,YES,,1.0,Yes,No,fiber optic,No internet service,No internet service,No internet service,No internet service,No internet service,No internet service,One Year,No,Mailed check,20.8,20.8,No
1894-IGFSG,FEMALE,0,n,No,22.0,Yes,No,Dsl,No,No,No,No,Yes,Yes,One Year,No,Electronic check,89.25,1907.85,Yes
7379-POKDZ,FEMALE,0,y,,3.0,Yes,No,Fiberoptic,No,No,No,No,No,No,month to month,Yes,Electronic check,70.3,208.85,Yes
1266-NZYUI,f,0,NO,Yes,72.0,Yes,Yes,Dsl,Yes,No,Yes,Yes,No,No,month to month,No,Bank transfer (automatic),66.85,4758.8,No
7969-FFOWG,Male,0,no,Yes,65.0,Yes,No,Dsl,No internet service,No internet service,No internet service,No internet service,No internet service,No internet service,month to month,No,Mailed check,19.9,1292.6,No
4718-DHSMV,FEMALE,0,n,No,11.0,No,No phone service,Fiber Optic,No,No,No,No,Yes,No,2 year,Yes,Mailed check,,363.15,No
5175-WLYXL,Female,0,No,No,22.0,Yes,Yes,dsl,No,Yes,No,No,No,No,2 year,Yes,Mailed check,78.85,1600.25,No
7817-OMJNA,fe male,0,n,No,14.0,Yes,No,fiber optic,No internet service,No internet service,No internet service,No internet service,No internet service,No internet service,1 Year,No,Bank transfer (automatic),20.4,275.7,No
8728-SKJLR,fe male,0,n,No,41.0,Yes,No,dsl,No,No,No,Yes,No,No,month to month,Yes,Electronic check,74.25,,No
3137-NYQQI,FEMALE,0,Yes,No,17.0,Yes,No,Dsl,Yes,Yes,No,No,No,Yes,2 year,No,Mailed check,64.8,1175.6,No
7706-DZNKK,f,0,Yes,No,11.0,Yes,No,fiber optic,No internet service,No internet service,No internet service,No internet service,No internet service,No internet service,Two Year,Yes,Credit card (automatic),20.45,237.3,No
0236-HFWSV,f,0,No,,15.0,Yes,Yes,Fiber Optic,No,No,No,No,Yes,Yes,Two Year,Yes,Electronic check,93.35,1444.65,Yes
3900-AQPHZ,FEMALE,0,NO,,1.0,Yes,No,fiber optic,No internet service,No internet service,No internet service,No internet service,No internet service,No internet service,2 year,No,Mailed check,19.9,,Yes
5842-POCOP,f,0,Yes,No,,Yes,No,Fiberoptic,Yes,No,Yes,No,No,Yes,Two Year,Yes,Mailed check,88.9,454.15,Yes
2037-XJFUP,Male,0,No,No,33.0,Yes,No,Fiber Optic,No,No,Yes,No,Yes,Yes,1 Year,Yes,Electronic check,95.8,3036.75,Yes
8823-RLPWL,Male,0,NO,No,72.0,Yes,Yes,Fiberoptic,Yes,Yes,Yes,No,Yes,Yes,Two Year,Yes,Credit card (automatic),110.65,8065.65,No
9505-SQFSW,Male,0,n,Yes,3.0,No,No phone service,dsl,No,Yes,No,No,No,Yes,Month-to-Month,,Mailed check,40.3,92.5,No
7314-OXENN,f,0,YES,No,2.0,Yes,Yes,dsl,No,Yes,No,No,No,No,One Year,Yes,Electronic check,82.0,184.65,Yes
3758-CKOQL,m,0,y,No,59.0,Yes,Yes,Fiber Optic,Yes,Yes,Yes,Yes,No,Yes,2 Year,Yes,Credit card (automatic),,6152.3,No
0322-CHQRU,f,0,No,No,2.0,Yes,No,Fiber Optic,No,No,No,No,No,No,2 Year,No,Electronic check,45.35,,Yes
5676-CFLYY,Male,0,n,Yes,71.0,Yes,No,DSL,No,Yes,No,Yes,Yes,Yes,Month-to-Month,Yes,Credit card (automatic),73.35,5154.5,No
7521-AFHAB,fe male,0,no,Yes,5.0,Yes,No,DSL,No,No,No,No,No,No,Two Year,No,Mailed check,44.8,220.45,No
0285-INHLN,m,0,Yes,Yes,27.0,Yes,No,dsl,Yes,Yes,No,No,No,No,1 Year,Yes,Credit card (automatic),54.75,1510.3,No
4678-DVQEO,Male,0,NO,No,1.0,Yes,No,Fiber Optic,No,No,No,Yes,No,No,1 Year,Yes,Electronic check,52.2,52.2,Yes
5125-CNDSP,Male,0,NO,Yes,63.0,No,No phone service,fiber optic,Yes,Yes,No,Yes,No,No,2 Year,Yes,Bank transfer (automatic),40.6,2588.95,No
0691-IFBQW,Male,1,NO,No,46.0,Yes,Yes,DSL,Yes,Yes,Yes,No,Yes,Yes,1 Year,Yes,Electronic check,110.0,4874.8,Yes
4992-LTJNE,Male,0,n,,72.0,Yes,Yes,Fiber Optic,Yes,No,No,No,No,No,One Year,No,Bank transfer (automatic),,3983.6,No
2202-OUTMO,Female,0,YES,No,34.0,Yes,Yes,Dsl,Yes,No,No,Yes,No,No,One Year,Yes,Bank transfer (automatic),60.85,2003.6,No
0810-BDHAW,Male,0,Yes,Yes,24.0,Yes,Yes,DSL,Yes,Yes,No,No,Yes,Yes,One Year,No,Electronic check,78.4,1832.4,No
0229-LFJAF,f,0,n,,,Yes,Yes,fiber,Yes,Yes,Yes,Yes,No,No,month to month,No,Bank transfer (automatic),69.65,4908.25,No
7131-ZQZNK,Male,0,NO,Yes,60.0,No,No phone service,Dsl,Yes,No,Yes,Yes,Yes,Yes,One Year,No,Credit card (automatic),59.85,3590.2,No
3442-ZHHCC,FEMALE,0,Yes,No,68.0,Yes,Yes,Fiberoptic,Yes,Yes,Yes,No,No,Yes,One Year,Yes,Credit card (automatic),76.9,5023,No
5726-CVNYA,Female,0,no,Yes,8.0,Yes,No,dsl,No internet service,No internet service,No internet service,No internet service,No internet service,No internet service,2 year,Yes,Mailed check,19.85,146.6,No
9871-ELEYA,fe male,0,YES,Yes,,Yes,No,Dsl,Yes,No,Yes,Yes,Yes,No,Month-to-Month,No,Credit card (automatic),67.65,2339.3,No
4257-GAESD,Female,0,NO,No,6.0,No,No phone service,dsl,No,No,No,No,Yes,Yes,2 Year,No,Credit card (automatic),45.0,298.7,No
5173-WXOQV,Male,0,NO,No,2.0,Yes,No,Fiber Optic,No,Yes,No,Yes,No,Yes,2 Year,Yes,Mailed check,64.2,143.65,No
2040-OBMLJ,m,0,Yes,No,31.0,Yes,Yes,fiber,No,No,No,Yes,No,No,One Year,,Credit card (automatic),,2548.65,No
6286-ZHAOK,Female,0,n,Yes,20.0,Yes,Yes,fiber optic,No internet service,No internet service,No internet service,No internet service,No internet service,No internet service,Two Year,Yes,Bank transfer (automatic),25.55,507.4,No
3807-XHCJH,FEMALE,0,No,Yes,1.0,Yes,No,Dsl,No internet service,No internet service,No internet service,No internet service,No internet service,No internet service,2 year,No,Electronic check,20.0,20,No
3009-JWMPU,Female,0,NO,No,62.0,Yes,Yes,DSL,No,No,Yes,No,Yes,Yes,Month-to-Month,Yes,Electronic check,96.75,6125.4,Yes
5671-RQRLP,m,1,NO,No,70.0,Yes,Yes,fiber,No,No,No,No,No,No,Two Year,Yes,Credit card (automatic),75.65,5411.4,No
1450-GALXR,Male,0,YES,No,10.0,Yes,Yes,Dsl,No,No,No,Yes,Yes,Yes,2 Year,Yes,Electronic check,98.5,1058.25,Yes
8859-AXJZP,f,0,NO,Yes,39.0,Yes,Yes,Fiber Optic,No internet service,No internet service,No internet service,No internet service,No internet service,No internet service,One Year,Yes,Mailed check,23.8,903.8,No
3174-AKMAS,Female,0,no,No,46.0,Yes,No,fiber optic,No,Yes,No,Yes,Yes,No,month to month,Yes,Credit card (automatic),64.2,3009.5,No
3138-BKYAV,m,0,y,No,6.0,Yes,No,DSL,No,Yes,No,No,Yes,No,month to month,Yes,Electronic check,85.35,489.45,Yes
9926-PJHDQ,Male,0,Yes,Yes,72.0,Yes,Yes,Fiberoptic,No,No,Yes,No,Yes,Yes,One Year,Yes,Bank transfer (automatic),76.8,5468.45,No
7382-DFJTU,m,0,n,No,18.0,Yes,No,Fiber Optic,No,No,Yes,Yes,No,No,One Year,No,Credit card (automatic),55.2,1058.1,No
2798-NYLMZ,f,0,No,No,71.0,Yes,Yes,Fiber Optic,Yes,No,Yes,Yes,Yes,Yes,2 Year,,Credit card (automatic),108.55,7616,No
4289-DTDKW,Male,0,YES,No,40.0,Yes,Yes,Fiberoptic,No,Yes,No,No,Yes,Yes,2 year,Yes,Electronic check,101.3,4113.1,Yes
1820-TQVEV,FEMALE,0,Yes,No,1.0,Yes,No,DSL,No,No,No,No,No,No,1 Year,Yes,Electronic check,69.55,69.55,Yes
2239-JALAW,Female,0,YES,No,58.0,Yes,Yes,DSL,No,Yes,Yes,No,Yes,Yes,2 Year,Yes,Bank transfer (automatic),103.25,6017.65,Yes
4853-RULSV,f,0,Yes,No,70.0,Yes,Yes,Dsl,Yes,No,No,Yes,Yes,Yes,Month-to-Month,Yes,Credit card (automatic),104.0,7250.15,Yes
8098-TDCBU,Female,0,Yes,No,,Yes,Yes,DSL,No internet service,No internet service,No internet service,No internet service,No internet service,No internet service,1 Year,No,Electronic check,25.25,1108.2,No
3551-GAEGL,Female,0,No,Yes,34.0,No,No phone service,dsl,Yes,No,No,No,No,No,1 year,No,Bank transfer (automatic),30.4,938.65,No
4785-NKHCX,FEMALE,1,Yes,No,5.0,Yes,No,dsl,No internet service,No internet service,No internet service,No internet service,No internet service,No internet service,1 Year,No,Bank transfer (automatic),20.05,94.15,No
3196-NVXLZ,fe male,0,no,No,,Yes,Yes,Fiber Optic,No,No,No,No,Yes,No,2 Year,Yes,Mailed check,84.6,2088.05,No
6275-YDUVO,f,0,NO,No,2.0,Yes,No,fiber optic,No,No,Yes,No,No,Yes,Two Year,Yes,Mailed check,86.2,178.7,Yes
0036-IHMOT,fe male,0,NO,Yes,55.0,Yes,No,dsl,No,Yes,Yes,Yes,Yes,Yes,2 year,Yes,Bank transfer (automatic),103.7,5656.75,No
0115-TFERT,f,0,YES,No,21.0,Yes,Yes,DSL,No,Yes,Yes,Yes,Yes,Yes,One Year,Yes,Electronic check,,2317.1,Yes
4178-EGMON,FEMALE,0,n,No,70.0,Yes,Yes,DSL,Yes,Yes,No,Yes,No,No,2 year,Yes,Credit card (automatic),88.0,,No
4220-TINQT,Male,0,Yes,No,61.0,Yes,Yes,fiber optic,No,No,Yes,Yes,Yes,Yes,Two Year,Yes,Electronic check,106.35,6751.35,No
5318-YKDPV,Female,0,no,Yes,43.0,Yes,No,fiber,Yes,No,Yes,Yes,Yes,Yes,month to month,Yes,Credit card (automatic),79.15,3566.6,No
7975-TZMLR,FEMALE,0,YES,No,47.0,Yes,Yes,DSL,No,Yes,Yes,No,Yes,Yes,1 year,Yes,Electronic check,103.1,4889.3,No
0295-QVKPB,FEMALE,0,Yes,No,5.0,Yes,No,Dsl,No,No,Yes,Yes,Yes,No,Month-to-Month,Yes,Credit card (automatic),63.95,318.1,No
4335-BSMJS,fe male,0,Yes,No,62.0,Yes,Yes,fiber,No internet service,No internet service,No internet service,No internet service,No internet service,No internet service,Two Year,Yes,Credit card (automatic),25.8,1563.95,No
2311-QYMUQ,fe male,0,Yes,Yes,16.0,Yes,No,Fiber Optic,No,Yes,Yes,No,Yes,No,2 Year,Yes,Credit card (automatic),89.45,1430.25,Yes
3643-AHCFP,FEMALE,1,no,No,7.0,Yes,Yes,fiber,No,No,No,No,Yes,Yes,One Year,Yes,Bank transfer (automatic),95.6,,Yes
9146-JRIOX,f,0,YES,Yes,14.0,Yes,Yes,fiber,No internet service,No internet service,No internet service,No internet service,No internet service,No internet service,month to month,,Mailed check,25.55,,No
3104-OWCGK,Male,0,Yes,Yes,60.0,Yes,No,Dsl,No,Yes,Yes,No,Yes,No,One Year,No,Electronic check,90.95,5453.4,Yes
5337-IIWKZ,Male,0,NO,Yes,34.0,No,No phone service,dsl,No,No,Yes,Yes,Yes,No,month to month,Yes,Electronic check,44.85,1442.6,No
9101-BWFSS,Female,0,y,No,50.0,Yes,Yes,Fiber Optic,Yes,Yes,No,Yes,Yes,Yes,1 year,No,Electronic check,108.55,5610.7,Yes
9650-VBUOG,f,0,Yes,Yes,38.0,Yes,Yes,dsl,No internet service,No internet service,No internet service,No internet service,No internet service,No internet service,One Year,No,Credit card (automatic),25.05,963.95,No
3487-EARAT,fe male,0,Yes,Yes,70.0,Yes,No,DSL,Yes,Yes,Yes,Yes,No,Yes,One Year,,Credit card (automatic),74.1,5222.3,No
2672-TGEFF,m,0,YES,Yes,37.0,Yes,Yes,dsl,No,Yes,No,No,Yes,No,Two Year,Yes,Electronic check,88.8,3340.55,No
9231-ZJYAM,m,1,Yes,No,4.0,Yes,No,dsl,No,No,No,No,Yes,No,One Year,Yes,Electronic check,78.85,292.8,Yes
4250-WAROZ,Male,1,y,Yes,60.0,Yes,Yes,dsl,Yes,Yes,No,No,No,Yes,Month-to-Month,Yes,Electronic check,93.25,5774.55,No
8184-WMOFI,FEMALE,0,No,Yes,62.0,Yes,No,fiber,Yes,No,Yes,Yes,No,Yes,One Year,No,Credit card (automatic),71.4,4487.3,No
6982-SSHFK,FEMALE,0,Yes,No,1.0,Yes,No,fiber optic,No,No,No,No,No,No,Month-to-Month,No,Mailed check,,44.4,Yes
6092-QZVPP,f,0,Yes,No,36.0,Yes,No,Fiberoptic,Yes,No,Yes,Yes,Yes,Yes,2 Year,Yes,Credit card (automatic),79.2,2854.95,No
4625-LAMOB,FEMALE,0,YES,,44.0,Yes,No,DSL,No internet service,No internet service,No internet service,No internet service,No internet service,No internet service,1 Year,,Credit card (automatic),20.4,905.55,No
0727-BMPLR,Male,1,YES,No,,Yes,Yes,fiber optic,No,No,Yes,No,Yes,Yes,2 year,Yes,Electronic check,100.0,5509.3,Yes
0392-BZIUW,f,0,y,No,72.0,Yes,Yes,fiber,Yes,No,Yes,No,Yes,Yes,1 year,Yes,Credit card (automatic),105.0,7589.8,No
1038-ZAGBI,f,0,No,Yes,12.0,Yes,No,DSL,No internet service,No internet service,No internet service,No internet service,No internet service,No internet service,2 year,No,Bank transfer (automatic),19.8,229.6,Yes
6549-NNDYT,f,0,No,No,13.0,No,No phone service,Fiberoptic,Yes,No,No,No,No,No,Two Year,Yes,Bank transfer (automatic),30.85,,No
3027-ZTDHO,m,0,Yes,No,1.0,Yes,No,Fiberoptic,No,No,No,No,Yes,Yes,Two Year,Yes,Electronic check,89.9,89.9,Yes
0422-OHQHQ,Female,0,Yes,,15.0,Yes,No,Fiber Optic,No internet service,No internet service,No internet service,No internet service,No internet service,No internet service,One Year,No,Mailed check,20.55,,No
6916-HIJSE,f,0,Yes,No,65.0,Yes,No,Fiberoptic,Yes,Yes,Yes,Yes,Yes,Yes,2 Year,Yes,Bank transfer (automatic),84.85,5459.2,No
2316-ESMLS,Male,0,no,,12.0,No,No phone service,fiber optic,Yes,No,No,Yes,No,No,Two Year,No,Credit card (automatic),33.15,444.75,No
9778-OGKQZ,Male,0,NO,No,72.0,Yes,Yes,Dsl,Yes,Yes,Yes,Yes,Yes,Yes,1 year,Yes,Credit card (automatic),92.0,6782.15,No
7408-OFWXJ,f,0,No,Yes,72.0,Yes,Yes,Fiber Optic,Yes,Yes,Yes,Yes,Yes,Yes,1 year,No,Credit card (automatic),89.8,6510.45,No
6007-TCTST,fe male,0,No,Yes,72.0,Yes,Yes,Fiberoptic,Yes,Yes,Yes,Yes,Yes,Yes,2 Year,Yes,Bank transfer (automatic),115.8,8476.5,No
2252-NKNSI,f,0,NO,Yes,52.0,Yes,Yes,Fiber Optic,Yes,Yes,No,Yes,Yes,Yes,Month-to-Month,Yes,Mailed check,85.15,4461.85,No
8713-IGZSO,Male,0,y,No,2.0,Yes,Yes,fiber optic,No internet service,No internet service,No internet service,No internet service,No internet service,No internet service,2 Year,No,Mailed check,24.85,62,No
7905-TVXTA,FEMALE,0,No,No,5.0,Yes,No,dsl,Yes,No,No,Yes,Yes,No,month to month,Yes,Electronic check,64.35,352.65,No
7695-PKLCZ,Male,0,No,,68.0,Yes,No,Fiberoptic,No internet service,No internet service,No internet service,No internet service,No internet service,No internet service,Two Year,No,Credit card (automatic),20.5,1424.9,No
2382-BCKQJ,Male,0,n,Yes,62.0,Yes,Yes,Fiberoptic,No,No,Yes,No,Yes,Yes,One Year,Yes,Electronic check,100.15,6413.65,Yes
8374-UULRV,FEMALE,0,No,No,,Yes,Yes,Fiberoptic,Yes,Yes,No,Yes,Yes,Yes,2 Year,No,Credit card (automatic),86.05,6309.65,No
2207-NHRJK,fe male,0,NO,No,1.0,Yes,No,dsl,No,Yes,No,No,No,No,month to month,No,Electronic check,50.8,50.8,Yes
3224-DFQNQ,fe male,0,Yes,No,66.0,Yes,Yes,dsl,Yes,Yes,No,Yes,No,No,1 Year,No,Electronic check,89.0,5898.6,No
5275-PMFUT,Male,0,No,Yes,72.0,No,No phone service,dsl,Yes,Yes,Yes,Yes,Yes,Yes,1 year,Yes,Credit card (automatic),64.8,4719.75,No
4795-UXVCJ,Female,0,n,No,26.0,Yes,No,fiber,No internet service,No internet service,No internet service,No internet service,No internet service,No internet service,1 year,No,Credit card (automatic),19.8,,No
9777-IQHWP,f,0,Yes,Yes,64.0,Yes,Yes,dsl,Yes,No,Yes,No,No,Yes,Two Year,No,Bank transfer (automatic),93.4,5822.3,No
0947-MUGVO,fe male,1,no,No,20.0,Yes,No,fiber optic,No,Yes,No,No,No,No,One Year,Yes,Electronic check,73.65,,Yes
9944-HKVVB,Female,0,Yes,No,3.0,Yes,No,dsl,No,Yes,No,No,Yes,Yes,1 year,Yes,Electronic check,95.1,307.4,Yes
4124-MMETB,Male,0,NO,No,22.0,Yes,Yes,dsl,No,No,No,No,Yes,Yes,Month-to-Month,Yes,Credit card (automatic),94.65,2104.55,Yes
3671-SHRSP,m,0,No,No,4.0,Yes,No,Fiber Optic,No,No,Yes,Yes,No,No,One Year,Yes,Mailed check,80.6,319.15,Yes
0979-MOZQI,fe male,0,no,,62.0,No,No phone service,DSL,No,No,No,Yes,Yes,No,1 year,,Bank transfer (automatic),39.0,2337.45,No
2732-ISEZX,Male,0,Yes,No,5.0,Yes,No,fiber optic,No internet service,No internet service,No internet service,No internet service,No internet service,No internet service,2 year,Yes,Mailed check,20.5,104.3,No
3313-QKNKB,Male,0,NO,No,59.0,Yes,Yes,Dsl,No,No,No,No,No,Yes,1 year,No,Electronic check,,5084.65,Yes
0323-XWWTN,Female,0,NO,Yes,3.0,Yes,Yes,Fiberoptic,No internet service,No internet service,No internet service,No internet service,No internet service,No internet service,Two Year,Yes,Mailed check,26.4,,No
1937-OTUKY,Female,0,Yes,,72.0,Yes,Yes,Fiberoptic,Yes,No,Yes,Yes,Yes,No,1 Year,Yes,Bank transfer (automatic),98.2,7015.9,No
1573-LGXBA,Male,0,y,Yes,57.0,Yes,No,Fiberoptic,No,Yes,Yes,No,Yes,Yes,2 Year,Yes,Credit card (automatic),97.55,5598,No
1764-VUUMT,m,0,YES,Yes,,Yes,No,fiber,No internet service,No internet service,No internet service,No internet service,No internet service,No internet service,Two Year,No,Credit card (automatic),19.95,1269.1,No
5073-WXOYN,fe male,0,NO,No,60.0,No,No phone service,Fiber Optic,No,Yes,No,No,Yes,Yes,Two Year,Yes,Electronic check,50.8,3027.4,Yes
4713-ZBURT,m,0,NO,Yes,45.0,Yes,Yes,dsl,No,No,Yes,No,Yes,Yes,One Year,No,Bank transfer (automatic),99.7,4634.35,No
3050-GBUSH,FEMALE,0,Yes,No,3.0,No,No phone service,Dsl,No,No,No,No,Yes,No,2 year,Yes,Credit card (automatic),34.8,113.95,No
0207-MDKNV,f,0,no,No,15.0,Yes,No,Dsl,Yes,No,Yes,Yes,Yes,Yes,One Year,,Electronic check,105.1,1582.75,Yes
7876-AEHIG,m,0,Yes,Yes,51.0,No,No phone service,Fiber Optic,Yes,No,Yes,Yes,Yes,Yes,2 year,No,Bank transfer (automatic),60.15,3077,No
7945-HLKEA,Male,0,no,No,60.0,Yes,Yes,fiber,Yes,No,Yes,Yes,No,No,One Year,No,Electronic check,64.75,4039.5,No
9342-VNIMQ,Male,0,NO,No,33.0,Yes,Yes,Fiberoptic,No,Yes,No,No,No,No,2 Year,Yes,Bank transfer (automatic),54.65,1665.2,No
9851-KIELU,Male,0,YES,No,10.0,Yes,No,Fiberoptic,Yes,Yes,Yes,Yes,Yes,Yes,2 year,Yes,Electronic check,,1043.3,Yes
3523-BRGUW,Female,1,No,No,26.0,Yes,No,DSL,No internet service,No internet service,No internet service,No internet service,No internet service,No internet service,One Year,No,Credit card (automatic),19.3,504.2,No
3908-BLSYF,m,0,Yes,No,6.0,Yes,No,Fiberoptic,No,No,Yes,No,No,Yes,2 year,No,Electronic check,83.9,497.55,Yes
3199-NPKCN,Male,0,NO,No,67.0,Yes,Yes,DSL,Yes,No,Yes,Yes,Yes,Yes,2 Year,Yes,Electronic check,111.25,7511.65,No
5170-PTRKA,fe male,0,Yes,Yes,,No,No phone service,Dsl,Yes,No,No,Yes,No,No,month to month,,Credit card (automatic),35.8,1782,No
4661-NJEUX,Male,0,y,No,1.0,Yes,No,fiber optic,No internet service,No internet service,No internet service,No internet service,No internet service,No internet service,2 year,Yes,Mailed check,20.05,20.05,No
2123-AGEEN,f,1,No,No,7.0,Yes,No,dsl,No,No,Yes,No,Yes,No,Month-to-Month,Yes,Electronic check,84.35,609.65,No
1258-YMZNM,fe male,1,YES,No,27.0,Yes,Yes,Fiberoptic,Yes,Yes,Yes,No,Yes,Yes,Month-to-Month,Yes,Bank transfer (automatic),110.5,2857.6,No
0048-LUMLS,Female,0,Yes,Yes,37.0,Yes,No,DSL,No,No,No,No,Yes,Yes,1 year,No,Credit card (automatic),91.2,3247.55,No
7549-MYGPK,Male,0,Yes,Yes,63.0,Yes,Yes,Fiberoptic,Yes,Yes,Yes,No,Yes,No,2 Year,Yes,Electronic check,100.55,,Yes
5898-IGSLP,Male,0,No,Yes,31.0,Yes,Yes,Fiberoptic,Yes,No,Yes,Yes,No,No,1 Year,No,Electronic check,89.3,2823,No
3804-RVTGV,Female,0,No,Yes,50.0,Yes,Yes,Fiber Optic,No,Yes,Yes,No,Yes,Yes,2 Year,Yes,Bank transfer (automatic),103.85,5017.9,Yes
6259-WJQLC,f,1,n,No,32.0,Yes,Yes,Dsl,No,No,Yes,No,No,No,1 year,Yes,Credit card (automatic),81.1,2619.25,No
9227-LUNBG,FEMALE,0,n,No,1.0,No,No phone service,Fiberoptic,No,No,No,No,No,No,2 Year,No,Electronic check,24.6,,Yes
7997-EASSD,fe male,0,Yes,No,63.0,Yes,Yes,DSL,No,No,No,Yes,No,No,1 Year,Yes,Credit card (automatic),81.2,4965.1,No
0730-KOAVE,FEMALE,0,YES,,,Yes,Yes,DSL,Yes,Yes,No,No,No,Yes,month to month,Yes,Credit card (automatic),94.3,2679.7,No
8975-SKGRX,Male,0,YES,No,,Yes,Yes,fiber,Yes,Yes,Yes,Yes,Yes,Yes,2 year,Yes,Bank transfer (automatic),116.1,8310.55,No
0678-RLHVP,m,0,Yes,No,53.0,Yes,Yes,Dsl,No,Yes,Yes,No,Yes,Yes,Month-to-Month,No,Electronic check,105.55,5682.25,No
4315-MURBD,fe male,0,YES,No,12.0,Yes,No,Dsl,Yes,No,No,Yes,Yes,Yes,1 Year,Yes,Bank transfer (automatic),98.9,1120.95,Yes
2267-FPIMA,f,0,NO,No,50.0,Yes,Yes,fiber,Yes,Yes,No,No,No,Yes,Two Year,Yes,Credit card (automatic),94.4,4914.9,No
1051-GEJLJ,fe male,0,y,No,2.0,Yes,No,fiber,No internet service,No internet service,No internet service,No internet service,No internet service,No internet service,Month-to-Month,No,Mailed check,,27.55,No
9734-YWGEX,FEMALE,0,YES,No,9.0,Yes,Yes,Dsl,No,No,Yes,No,Yes,Yes,2 year,No,Credit card (automatic),98.3,923.5,Yes
2719-BDAQO,Male,0,NO,No,17.0,Yes,No,DSL,Yes,No,No,No,Yes,Yes,Two Year,No,Electronic check,93.85,1625.65,Yes
5285-MVEHD,Female,0,Yes,No,56.0,Yes,No,DSL,Yes,Yes,Yes,No,Yes,Yes,Two Year,Yes,Credit card (automatic),105.6,6068.65,No
0379-DJQHR,Male,0,no,Yes,67.0,Yes,No,Fiber Optic,Yes,Yes,Yes,No,Yes,Yes,Month-to-Month,No,Credit card (automatic),81.35,5398.6,No
0781-LKXBR,Male,1,Yes,No,9.0,Yes,Yes,Dsl,No,No,Yes,No,Yes,Yes,Month-to-Month,Yes,Electronic check,100.5,918.6,Yes
5543-QDCRY,m,0,y,No,4.0,Yes,No,Fiberoptic,No,No,No,No,Yes,No,One Year,Yes,Electronic check,56.4,234.85,No
0297-RBCSG,f,0,YES,No,19.0,Yes,No,fiber,No,Yes,No,Yes,No,Yes,One Year,Yes,Bank transfer (automatic),,1231.85,No
4694-PHWFW,Male,0,Yes,,,Yes,No,dsl,No internet service,No internet service,No internet service,No internet service,No internet service,No internet service,1 Year,No,Mailed check,19.95,170.9,No
0835-JKADZ,Female,0,Yes,No,71.0,Yes,Yes,fiber optic,No,Yes,Yes,Yes,Yes,Yes,month to month,Yes,Electronic check,111.25,7984.15,No
1907-UBQFC,m,1,No,No,10.0,Yes,No,Dsl,No,Yes,No,No,No,No,One Year,Yes,Electronic check,72.85,688.65,Yes
7508-SMHXL,fe male,1,Yes,No,15.0,Yes,Yes,Dsl,No,Yes,No,No,Yes,No,1 Year,No,Credit card (automatic),,1288.3,No
3865-YIOTT,Female,0,Yes,Yes,72.0,Yes,Yes,Dsl,Yes,No,Yes,No,Yes,Yes,1 Year,Yes,Bank transfer (automatic),106.1,7848.5,No
5993-BQHEA,fe male,0,YES,No,12.0,Yes,No,DSL,No internet service,No internet service,No internet service,No internet service,No internet service,No internet service,Month-to-Month,No,Credit card (automatic),20.05,267,No
6024-RUGGH,Male,0,Yes,Yes,72.0,Yes,Yes,fiber,No internet service,No internet service,No internet service,No internet service,No internet service,No internet service,2 Year,Yes,Bank transfer (automatic),25.2,1798.9,No
6513-EECDB,Male,1,no,No,1.0,Yes,Yes,fiber,No,No,No,No,No,No,2 Year,Yes,Electronic check,73.55,73.55,Yes
3956-CJUST,m,1,NO,No,23.0,Yes,No,Fiber Optic,Yes,No,No,No,No,No,2 Year,Yes,Bank transfer (automatic),75.4,1643.55,No
4079-WWQQQ,Female,0,Yes,No,72.0,No,No phone service,dsl,Yes,Yes,Yes,Yes,Yes,Yes,Two Year,Yes,Bank transfer (automatic),65.55,4807.45,No
6103-BOCOU,Male,0,y,No,26.0,Yes,Yes,Fiberoptic,No,No,Yes,No,No,No,month to month,Yes,Electronic check,80.7,2193,No
5149-TGWDZ,f,0,no,No,21.0,Yes,No,Fiber Optic,No,Yes,Yes,Yes,Yes,Yes,One Year,Yes,Mailed check,104.55,2239.4,No
7471-WNSUF,Male,0,n,No,60.0,Yes,Yes,Fiberoptic,No internet service,No internet service,No internet service,No internet service,No internet service,No internet service,month to month,No,Bank transfer (automatic),,1505.9,No
8942-DBMHZ,Male,0,Yes,No,12.0,Yes,No,fiber,No internet service,No internet service,No internet service,No internet service,No internet service,No internet service,One Year,No,Mailed check,20.45,255.35,No
4301-VVZKA,Male,0,Yes,No,16.0,Yes,Yes,Dsl,No,No,No,No,No,No,Two Year,Yes,Electronic check,75.4,1189.4,No
9199-PWQVC,Male,0,y,No,63.0,Yes,Yes,dsl,Yes,Yes,No,No,Yes,Yes,1 Year,Yes,Credit card (automatic),79.7,4786.15,No
4824-GUCBY,Male,1,no,No,22.0,Yes,No,fiber,Yes,Yes,No,No,No,No,2 year,No,Electronic check,81.7,1820.9,No
5393-HJZSM,f,0,n,Yes,32.0,Yes,No,Fiberoptic,Yes,Yes,Yes,Yes,No,Yes,Month-to-Month,No,Bank transfer (automatic),76.3,2404.15,No
7074-IEVOJ,Male,1,Yes,No,3.0,Yes,Yes,Fiberoptic,No,Yes,No,No,No,No,2 Year,Yes,Electronic check,79.4,205.05,Yes
9625-QSTYE,m,0,No,No,13.0,Yes,No,Fiberoptic,No,Yes,Yes,No,No,No,1 Year,Yes,Electronic check,81.15,952.3,Yes
0862-PRCBS,f,0,y,Yes,68.0,Yes,Yes,Fiberoptic,No,Yes,No,Yes,Yes,Yes,2 year,Yes,Credit card (automatic),103.75,7039.45,No
8812-ZRHFP,Female,0,Yes,Yes,30.0,Yes,No,dsl,No,No,Yes,No,No,Yes,1 Year,No,Electronic check,86.45,2538.05,No
5146-CBVOE,Male,0,YES,No,16.0,Yes,No,dsl,No,Yes,No,No,No,No,1 year,No,Bank transfer (automatic),,1212.85,No
0454-OKRCT,Female,0,no,No,33.0,Yes,No,Dsl,No,Yes,No,Yes,No,No,1 Year,No,Bank transfer (automatic),80.6,2651.1,No
5787-KXGIY,fe male,0,no,No,72.0,Yes,No,fiber optic,No internet service,No internet service,No internet service,No internet service,No internet service,No internet service,1 Year,No,Credit card (automatic),19.3,1304.8,No
4750-ZRXIU,fe male,1,y,No,,Yes,Yes,fiber,No,No,No,No,No,Yes,2 Year,Yes,Electronic check,84.6,360.1,Yes
4198-VFOEA,m,0,Yes,No,12.0,No,No phone service,fiber,Yes,No,No,Yes,No,No,Month-to-Month,Yes,Mailed check,,435.45,No
6630-UJZMY,f,1,n,No,4.0,Yes,Yes,fiber,No,No,No,No,Yes,No,Month-to-Month,Yes,Electronic check,83.25,308.05,No
5709-LVOEQ,Female,0,YES,Yes,0.0,Yes,No,DSL,Yes,Yes,Yes,No,Yes,Yes,1 year,No,Mailed check,80.85, ,No
6400-BWQKW,FEMALE,0,YES,No,6.0,Yes,Yes,dsl,Yes,No,No,No,No,No,Two Year,Yes,Electronic check,79.05,434.5,Yes
2692-AQCPF,m,0,Yes,No,65.0,Yes,Yes,fiber optic,No,Yes,Yes,Yes,Yes,Yes,1 year,Yes,Credit card (automatic),108.05,7118.9,No
0347-UBKUZ,Male,0,n,No,15.0,Yes,No,fiber optic,No internet service,No internet service,No internet service,No internet service,No internet service,No internet service,2 year,No,Mailed check,19.9,320.45,No
0835-DUUIQ,m,0,Yes,Yes,24.0,Yes,No,Fiber Optic,No internet service,No internet service,No internet service,No internet service,No internet service,No internet service,1 year,No,Bank transfer (automatic),,531.55,No
0811-GSDTP,fe male,0,Yes,Yes,13.0,No,No phone service,Dsl,No,Yes,No,No,No,No,2 Year,No,Electronic check,30.15,382.2,No
7567-ECMCM,m,0,Yes,No,,Yes,No,DSL,No,No,No,No,No,Yes,One Year,Yes,Credit card (automatic),79.85,2001,No
6115-ZTBFQ,f,0,y,No,72.0,No,No phone service,fiber,Yes,Yes,Yes,Yes,Yes,Yes,Month-to-Month,,Bank transfer (automatic),65.5,4919.7,No
6353-BRMMA,fe male,0,Yes,Yes,54.0,Yes,Yes,dsl,Yes,Yes,No,No,Yes,Yes,month to month,,Bank transfer (automatic),104.1,5645.8,No
6680-WKXRZ,Male,0,NO,No,3.0,Yes,Yes,Fiber Optic,No,No,No,No,No,No,1 year,No,Bank transfer (automatic),74.4,215.8,Yes
6231-WFGFH,Male,0,n,Yes,4.0,Yes,No,DSL,No internet service,No internet service,No internet service,No internet service,No internet service,No internet service,One Year,Yes,Mailed check,20.5,77.6,No
9904-EHEVJ,f,1,YES,Yes,32.0,Yes,Yes,dsl,No,No,Yes,No,Yes,No,1 Year,Yes,Mailed check,91.35,2896.55,No
7028-DVOIQ,Male,1,y,No,35.0,Yes,Yes,DSL,No,No,Yes,No,Yes,Yes,month to month,Yes,Electronic check,99.05,,Yes
6169-PPETC,f,0,Yes,Yes,35.0,Yes,No,DSL,No internet service,No internet service,No internet service,No internet service,No internet service,No internet service,Two Year,No,Bank transfer (automatic),20.5,759.35,No
4208-UFFGW,m,1,NO,No,2.0,Yes,No,fiber optic,No,No,No,No,No,No,2 year,No,Mailed check,44.95,,Yes
8584-KMVXD,fe male,0,NO,No,8.0,Yes,No,Dsl,No,Yes,No,No,No,No,One Year,No,Electronic check,75.6,535.55,No
8467-WYNSR,Male,0,No,No,22.0,Yes,No,dsl,Yes,No,No,Yes,No,No,2 Year,No,Mailed check,55.1,1253.15,No
0851-DFJKB,FEMALE,0,Yes,No,15.0,Yes,No,Dsl,Yes,No,Yes,Yes,No,No,2 Year,No,Electronic check,58.95,955.15,No
5382-SOYZL,f,0,n,No,,Yes,Yes,fiber,No,No,No,No,Yes,Yes,month to month,Yes,Electronic check,95.1,2162.6,No
9448-REEVD,Male,0,NO,No,1.0,Yes,No,Fiberoptic,No,No,No,No,No,No,Two Year,No,Credit card (automatic),44.7,44.7,Yes
3261-CQXOL,FEMALE,0,Yes,Yes,71.0,Yes,Yes,fiber,No internet service,No internet service,No internet service,No internet service,No internet service,No internet service,Month-to-Month,No,Bank transfer (automatic),25.45,1813.35,No
8388-FYNPZ,FEMALE,0,YES,No,4.0,Yes,No,dsl,Yes,No,Yes,No,No,No,1 year,No,Electronic check,56.75,245.15,No
4002-BQWPQ,FEMALE,0,no,No,25.0,Yes,Yes,DSL,Yes,Yes,Yes,Yes,No,Yes,1 Year,No,Bank transfer (automatic),81.75,2028.8,No
5651-YLPRD,Male,0,No,Yes,32.0,Yes,No,DSL,No,Yes,No,No,Yes,No,Two Year,Yes,Electronic check,86.1,2723.75,No
2826-DXLQO,fe male,1,NO,No,7.0,No,No phone service,Dsl,Yes,No,No,No,No,No,One Year,No,Bank transfer (automatic),29.8,220.45,No
4378-BZYFP,FEMALE,0,no,No,17.0,Yes,No,fiber,No internet service,No internet service,No internet service,No internet service,No internet service,No internet service,Month-to-Month,Yes,Mailed check,20.5,365.8,No
9489-UTFKA,f,1,y,No,8.0,Yes,No,fiber optic,Yes,No,No,No,Yes,No,Month-to-Month,No,Bank transfer (automatic),60.9,551.95,No
4849-PYRLQ,fe male,1,Yes,No,56.0,Yes,Yes,Dsl,Yes,No,Yes,Yes,No,Yes,One Year,No,Bank transfer (automatic),73.25,4054.2,No
9117-SHLZX,fe male,0,n,No,1.0,Yes,No,dsl,No,No,No,No,No,No,1 Year,Yes,Mailed check,45.7,45.7,Yes
9889-TMAHG,f,1,Yes,No,8.0,Yes,No,fiber,Yes,No,No,Yes,Yes,Yes,Month-to-Month,,Credit card (automatic),100.3,832.35,Yes
4541-RMRLG,fe male,0,no,No,,Yes,No,Dsl,No internet service,No internet service,No internet service,No internet service,No internet service,No internet service,2 year,No,Electronic check,19.25,112.3,Yes
7764-BDPEE,Female,0,NO,Yes,3.0,Yes,No,fiber,No internet service,No internet service,No internet service,No internet service,No internet service,No internet service,1 year,No,Mailed check,20.85,60.65,No
3429-IFLEM,Female,0,Yes,No,71.0,Yes,No,Fiber Optic,Yes,Yes,Yes,Yes,Yes,No,2 Year,No,Credit card (automatic),77.35,5550.1,No
3158-MOERK,FEMALE,0,Yes,No,2.0,Yes,Yes,Fiber Optic,No,No,No,No,Yes,Yes,2 year,Yes,Electronic check,96.0,174.8,Yes
7294-TMAOP,Female,0,n,No,1.0,Yes,No,Fiber Optic,No,No,No,No,Yes,Yes,Month-to-Month,No,Electronic check,90.55,90.55,Yes
5002-GCQFH,Female,0,YES,No,49.0,Yes,Yes,dsl,Yes,Yes,No,No,Yes,No,1 year,,Bank transfer (automatic),93.85,4733.1,No
0556-FJEGU,Male,0,No,No,58.0,Yes,No,Fiberoptic,No,Yes,Yes,Yes,Yes,No,2 Year,No,Bank transfer (automatic),70.1,4048.95,No
8919-FYFQZ,FEMALE,1,YES,No,44.0,No,No phone service,Dsl,No,Yes,No,No,No,No,2 Year,Yes,Electronic check,30.35,1359.7,Yes
0604-THJFP,Male,0,y,Yes,59.0,Yes,No,fiber,No,Yes,No,Yes,Yes,Yes,2 Year,Yes,Credit card (automatic),75.95,4542.35,No
2834-JRTUA,Female,0,No,No,71.0,Yes,Yes,fiber optic,Yes,No,Yes,Yes,Yes,Yes,month to month,Yes,Electronic check,108.05,7532.15,Yes
5875-YPQFJ,f,0,NO,No,,Yes,No,Dsl,No,No,No,No,No,No,Month-to-Month,Yes,Electronic check,69.9,69.9,Yes
5879-SESNB,f,0,No,No,11.0,Yes,Yes,Fiberoptic,No,No,No,No,No,No,1 year,No,Electronic check,75.25,888.65,No
6646-QVXLR,FEMALE,1,n,No,62.0,Yes,Yes,fiber,No,Yes,Yes,No,Yes,Yes,month to month,Yes,Electronic check,103.75,6383.35,Yes
6461-PPAXN,Female,0,YES,Yes,35.0,Yes,No,fiber,Yes,No,No,Yes,No,No,2 year,,Bank transfer (automatic),54.95,1916,No
3318-ISQFQ,fe male,0,n,No,20.0,Yes,No,Fiberoptic,No internet service,No internet service,No internet service,No internet service,No internet service,No internet service,1 year,Yes,Bank transfer (automatic),19.5,413,No
1106-HRLKZ,Male,0,YES,Yes,40.0,Yes,No,dsl,No internet service,No internet service,No internet service,No internet service,No internet service,No internet service,2 year,No,Mailed check,19.6,808.95,No
2483-XSSMZ,Male,0,No,No,39.0,Yes,No,Fiber Optic,Yes,No,No,No,No,No,Two Year,Yes,Electronic check,47.85,1886.4,No
8603-IJWDN,FEMALE,0,NO,No,1.0,Yes,Yes,DSL,No,No,No,No,No,Yes,One Year,Yes,Electronic check,86.6,,Yes
8165-ZJRNM,m,0,no,Yes,72.0,Yes,Yes,Dsl,No internet service,No internet service,No internet service,No internet service,No internet service,No internet service,One Year,No,Bank transfer (automatic),23.75,1679.25,No
9369-XFEHK,Male,1,n,No,33.0,Yes,Yes,Dsl,No,Yes,No,No,No,No,1 Year,Yes,Bank transfer (automatic),80.6,2656.5,Yes
2604-XVDAM,m,0,no,No,12.0,Yes,No,fiber,No,No,No,No,No,No,2 Year,,Bank transfer (automatic),43.8,540.95,No
3717-OFRTN,Male,0,Yes,No,1.0,Yes,No,fiber,No internet service,No internet service,No internet service,No internet service,No internet service,No internet service,1 year,No,Bank transfer (automatic),19.75,19.75,No
9046-JBFWA,Male,0,no,Yes,27.0,Yes,No,DSL,No internet service,No internet service,No internet service,No internet service,No internet service,No internet service,2 year,No,Mailed check,19.15,537.35,No
3280-NMUVX,Male,0,NO,Yes,34.0,Yes,No,Fiberoptic,No internet service,No internet service,No internet service,No internet service,No internet service,No internet service,One Year,No,Credit card (automatic),19.6,678.8,No
1206-EHBDD,fe male,0,No,,56.0,Yes,No,DSL,Yes,No,Yes,No,No,No,month to month,No,Bank transfer (automatic),80.3,4513.65,No
8361-LBRDI,Male,0,no,No,58.0,Yes,Yes,dsl,No internet service,No internet service,No internet service,No internet service,No internet service,No internet service,2 year,No,Credit card (automatic),24.35,1423.85,No
4883-KCPZJ,fe male,0,NO,Yes,22.0,Yes,Yes,Fiber Optic,No internet service,No internet service,No internet service,No internet service,No internet service,No internet service,Two Year,No,Credit card (automatic),25.25,555.4,No
9108-EQPNQ,Male,0,No,Yes,10.0,Yes,Yes,DSL,No internet service,No internet service,No internet service,No internet service,No internet service,No internet service,Month-to-Month,No,Credit card (automatic),26.1,225.55,No
7277-KAMWT,fe male,0,No,No,13.0,Yes,No,dsl,No internet service,No internet service,No internet service,No internet service,No internet service,No internet service,1 year,No,Credit card (automatic),20.0,268.45,No
3842-IYKUE,Male,0,y,No,35.0,Yes,Yes,DSL,No,Yes,No,Yes,No,No,2 Year,No,Credit card (automatic),85.3,2917.5,Yes
6641-XRPSU,Male,0,Yes,No,34.0,Yes,No,dsl,No,No,No,No,No,No,1 year,Yes,Credit card (automatic),70.0,2416.1,Yes
1374-DMZUI,Male,1,YES,No,4.0,Yes,Yes,Fiberoptic,No,No,No,No,Yes,Yes,One Year,Yes,Electronic check,,424.45,Yes
2545-LXYVJ,f,0,YES,No,72.0,Yes,No,DSL,No internet service,No internet service,No internet service,No internet service,No internet service,No internet service,1 year,No,Bank transfer (automatic),20.7,1492.1,No
3234-VKACU,Male,0,y,No,2.0,Yes,No,fiber optic,No,No,No,Yes,Yes,Yes,Two Year,No,Electronic check,70.3,132.4,No
8357-EQXFO,Male,0,y,No,7.0,Yes,No,Fiberoptic,No,No,Yes,No,Yes,Yes,2 Year,Yes,Electronic check,95.35,660.9,Yes
1989-PRJHP,f,1,No,No,27.0,Yes,Yes,dsl,No,No,No,No,No,No,Two Year,Yes,Electronic check,75.5,1893.95,Yes
8120-JDCAM,fe male,0,no,Yes,4.0,Yes,No,Fiber Optic,No,No,No,No,No,No,1 year,Yes,Mailed check,69.55,284.9,No
8917-FAEMR,Female,0,n,No,37.0,Yes,No,DSL,No internet service,No internet service,No internet service,No internet service,No internet service,No internet service,Two Year,,Mailed check,19.85,784.25,No
7047-YXDMZ,m,0,YES,,21.0,Yes,No,Fiberoptic,No internet service,No internet service,No internet service,No internet service,No internet service,No internet service,1 year,No,Mailed check,20.0,417.7,No
2858-EIMXH,Female,1,y,No,53.0,Yes,Yes,Fiberoptic,No,No,No,No,Yes,Yes,2 year,Yes,Credit card (automatic),95.85,5016.25,No
9524-EGPJC,m,0,Yes,No,18.0,Yes,Yes,DSL,No,No,No,Yes,No,Yes,Month-to-Month,,Electronic check,90.1,,Yes
6993-OHLXR,FEMALE,0,no,No,2.0,Yes,No,Fiber Optic,No,No,No,No,No,No,1 year,No,Electronic check,68.95,119.75,Yes
8818-XYFCQ,FEMALE,0,Yes,Yes,32.0,Yes,Yes,Dsl,Yes,No,No,No,Yes,Yes,2 Year,,Credit card (automatic),99.55,3204.65,Yes
6419-ZTTLE,FEMALE,1,Yes,No,23.0,Yes,No,DSL,No internet service,No internet service,No internet service,No internet service,No internet service,No internet service,2 year,Yes,Electronic check,20.75,485.2,No
0929-HYQEW,FEMALE,0,No,No,3.0,Yes,No,fiber optic,Yes,No,No,No,No,No,2 year,Yes,Mailed check,50.15,160.85,No
6614-YOLAC,FEMALE,0,No,Yes,71.0,No,No phone service,fiber optic,Yes,Yes,No,Yes,Yes,Yes,Month-to-Month,No,Mailed check,58.65,4145.25,No
7426-RHZGU,Female,0,No,No,9.0,Yes,No,fiber,No,No,No,Yes,Yes,Yes,2 year,Yes,Bank transfer (automatic),95.9,827.45,No
4065-JJAVA,Female,0,Yes,,1.0,Yes,No,fiber,No,Yes,No,No,No,No,2 year,No,Electronic check,49.5,49.5,No
4695-VADHF,fe male,0,n,Yes,18.0,Yes,No,fiber,No,No,Yes,No,No,Yes,Month-to-Month,No,Electronic check,57.45,990.85,Yes
3863-IUBJR,Male,0,YES,Yes,12.0,Yes,No,DSL,No,No,No,No,No,Yes,1 year,No,Credit card (automatic),53.65,696.35,Yes
7649-SIJJF,Male,0,YES,No,71.0,Yes,Yes,Fiber Optic,Yes,Yes,Yes,Yes,No,Yes,Month-to-Month,Yes,Mailed check,80.1,5585.4,No
9361-YNQWJ,FEMALE,0,Yes,No,64.0,Yes,Yes,Fiber Optic,No internet service,No internet service,No internet service,No internet service,No internet service,No internet service,Two Year,Yes,Bank transfer (automatic),24.4,,No
3748-FVMZZ,f,0,no,No,4.0,No,No phone service,fiber,No,No,No,Yes,No,Yes,2 year,Yes,Electronic check,40.05,162.45,No
9391-TTOYH,m,0,NO,No,23.0,Yes,No,fiber optic,No internet service,No internet service,No internet service,No internet service,No internet service,No internet service,month to month,Yes,Mailed check,19.5,470.2,No
1452-XRSJV,Male,0,y,,39.0,Yes,No,dsl,Yes,No,No,No,No,No,month to month,No,Credit card (automatic),51.05,2066,No
3422-WJOYD,Female,0,YES,No,28.0,Yes,No,fiber optic,Yes,No,No,Yes,No,No,One Year,No,Mailed check,54.35,1426.45,No
8242-SOQUO,FEMALE,1,Yes,No,5.0,Yes,No,Fiber Optic,No,Yes,No,No,Yes,No,1 year,Yes,Electronic check,84.7,392.5,No
7460-ITWWP,fe male,1,YES,No,45.0,Yes,No,fiber,No,No,Yes,No,No,Yes,Month-to-Month,Yes,Electronic check,86.1,3861.45,No
7147-AYBAA,Female,0,No,,37.0,Yes,No,fiber optic,No,No,No,No,No,No,Two Year,Yes,Mailed check,70.35,2552.9,No
7868-TMWMZ,Male,1,Yes,No,60.0,Yes,No,Fiberoptic,Yes,Yes,Yes,Yes,Yes,Yes,Month-to-Month,Yes,Bank transfer (automatic),110.0,6668.35,No
4822-RVYBB,FEMALE,1,n,No,8.0,Yes,Yes,dsl,No,No,Yes,No,Yes,Yes,One Year,Yes,Electronic check,100.6,819.4,Yes
6732-FZUGP,fe male,0,no,No,47.0,Yes,Yes,Fiber Optic,Yes,No,Yes,No,Yes,No,1 Year,No,Credit card (automatic),94.9,4615.25,No
8436-BJUMM,Male,0,y,Yes,26.0,Yes,Yes,fiber,No,No,No,No,Yes,No,2 Year,Yes,Electronic check,83.75,2070.6,Yes
4184-TJFAN,Female,1,No,Yes,3.0,Yes,No,fiber optic,Yes,No,No,Yes,Yes,No,month to month,Yes,Mailed check,88.3,273.75,Yes
8329-GWVPJ,m,0,YES,Yes,50.0,Yes,No,fiber optic,No,No,No,No,No,No,2 Year,Yes,Bank transfer (automatic),69.75,3557.7,No
1352-VHKAJ,Male,0,Yes,Yes,27.0,Yes,Yes,fiber,No,No,No,Yes,Yes,Yes,1 year,No,Bank transfer (automatic),71.6,1957.1,No
4145-UQXUQ,Male,1,no,No,8.0,Yes,No,Dsl,No,No,Yes,No,Yes,Yes,1 year,Yes,Electronic check,92.1,729.95,Yes
2632-TACXW,Female,0,No,No,62.0,Yes,Yes,Fiber Optic,No internet service,No internet service,No internet service,No internet service,No internet service,No internet service,Two Year,No,Bank transfer (automatic),23.65,1416.75,No
8146-QQKZH,Female,0,no,No,71.0,Yes,No,fiber optic,Yes,No,Yes,Yes,Yes,Yes,month to month,No,Bank transfer (automatic),81.85,5924.4,No
1767-CJKBA,m,0,y,No,66.0,Yes,Yes,Fiber Optic,No internet service,No internet service,No internet service,No internet service,No internet service,No internet service,1 year,No,Mailed check,25.1,1697.7,No
6445-TNRXS,f,0,Yes,Yes,68.0,Yes,Yes,DSL,Yes,Yes,Yes,Yes,Yes,Yes,Two Year,Yes,Bank transfer (automatic),114.7,,No
4581-LNWUM,Male,0,NO,No,13.0,No,No phone service,Fiber Optic,No,No,Yes,No,Yes,Yes,Month-to-Month,No,Electronic check,49.15,649.4,No
4869-EPIUS,fe male,0,YES,,56.0,Yes,No,DSL,No,No,No,No,No,Yes,month to month,Yes,Electronic check,80.9,4557.5,No
9948-YPTDG,Male,0,No,No,38.0,Yes,No,Fiberoptic,Yes,Yes,No,No,No,No,2 Year,Yes,Electronic check,79.45,3013.05,Yes
1236-WFCDV,Male,1,y,No,14.0,Yes,No,DSL,No,No,No,No,Yes,Yes,Two Year,,Credit card (automatic),90.45,1266.1,Yes
1915-OAKWD,f,0,Yes,Yes,16.0,Yes,No,Fiberoptic,No internet service,No internet service,No internet service,No internet service,No internet service,No internet service,2 year,Yes,Bank transfer (automatic),,360.35,No
7296-PIXQY,f,0,n,Yes,14.0,Yes,No,dsl,No,No,No,No,No,No,One Year,,Electronic check,70.2,1046.5,No
4883-QICIH,Male,0,YES,Yes,32.0,Yes,No,DSL,No,No,No,No,No,No,month to month,Yes,Bank transfer (automatic),69.75,2347.9,Yes
3354-OADJP,m,0,y,No,8.0,Yes,No,DSL,Yes,No,No,Yes,No,No,month to month,No,Bank transfer (automatic),54.25,447.75,No
3524-WQDSG,Male,0,No,Yes,43.0,Yes,Yes,fiber optic,No,No,Yes,No,Yes,Yes,1 year,Yes,Bank transfer (automatic),99.3,4209.95,No
0810-DHDBD,m,0,No,No,52.0,Yes,Yes,fiber optic,Yes,No,Yes,Yes,Yes,No,1 Year,No,Credit card (automatic),74.0,3877.65,No
4026-SKKHW,Female,0,No,No,3.0,Yes,No,Dsl,No,No,No,Yes,No,No,Two Year,Yes,Mailed check,50.25,152.3,No
2829-HYVZP,m,0,No,No,29.0,Yes,No,dsl,No internet service,No internet service,No internet service,No internet service,No internet service,No internet service,Two Year,Yes,Mailed check,19.8,572.2,No
8329-IBCTI,fe male,0,NO,No,1.0,Yes,No,Fiberoptic,No internet service,No internet service,No internet service,No internet service,No internet service,No internet service,1 Year,No,Mailed check,,19.65,Yes
1271-SJBGZ,Male,1,YES,No,12.0,No,No phone service,fiber optic,No,No,Yes,Yes,No,Yes,Month-to-Month,Yes,Electronic check,43.65,526.95,Yes
3845-JHAMY,FEMALE,0,Yes,Yes,16.0,No,No phone service,fiber,No,No,No,No,No,Yes,Month-to-Month,Yes,Credit card (automatic),35.5,,No
7013-PSXHK,Female,0,n,No,40.0,Yes,Yes,Dsl,No,No,Yes,Yes,Yes,Yes,1 Year,Yes,Mailed check,80.75,3208.65,No
5669-SRAIP,Male,0,No,No,5.0,No,No phone service,Fiberoptic,No,No,Yes,No,No,Yes,2 year,No,Electronic check,39.5,210.75,Yes
5981-ITEMU,f,0,Yes,No,40.0,Yes,Yes,Fiberoptic,No,No,No,No,Yes,Yes,2 Year,Yes,Bank transfer (automatic),97.1,3706.95,Yes
3486-NPGST,fe male,0,y,No,36.0,Yes,No,Fiberoptic,No internet service,No internet service,No internet service,No internet service,No internet service,No internet service,Two Year,No,Mailed check,19.55,620.75,No
6941-PMGEP,Male,0,NO,No,5.0,Yes,No,dsl,No,No,No,No,No,Yes,Month-to-Month,,Electronic check,80.0,412.5,Yes
1624-WOIWJ,m,0,YES,No,10.0,Yes,No,Dsl,Yes,No,No,No,Yes,No,Two Year,,Mailed check,84.7,,Yes
2074-GKOWZ,Female,0,no,Yes,2.0,Yes,No,fiber,No,No,No,No,Yes,Yes,month to month,Yes,Bank transfer (automatic),89.55,185.55,Yes
0376-YMCJC,Male,0,n,No,23.0,Yes,Yes,dsl,No,No,No,Yes,Yes,No,month to month,Yes,Electronic check,90.6,1943.2,Yes
6100-FJZDG,Male,0,Yes,Yes,26.0,Yes,No,dsl,No internet service,No internet service,No internet service,No internet service,No internet service,No internet service,One Year,Yes,Bank transfer (automatic),20.05,505.9,No
4829-ZLJTK,Male,1,NO,No,72.0,Yes,Yes,Fiberoptic,Yes,Yes,Yes,No,Yes,Yes,1 Year,Yes,Electronic check,112.4,8046.85,No
1730-VFMWO,f,0,n,No,,Yes,No,Fiber Optic,No,No,No,Yes,No,No,1 year,No,Bank transfer (automatic),50.2,1815.3,No
7143-BQIBA,Male,0,Yes,No,10.0,Yes,No,fiber,Yes,No,No,Yes,Yes,No,2 Year,No,Bank transfer (automatic),62.25,612.95,No
3800-LYTRK,Female,0,Yes,No,14.0,Yes,No,Fiberoptic,Yes,No,No,Yes,No,No,Month-to-Month,No,Mailed check,55.7,795.15,No
0634-SZPQA,fe male,0,NO,No,23.0,Yes,Yes,Fiber Optic,Yes,No,No,No,Yes,No,Two Year,Yes,Bank transfer (automatic),90.05,2169.8,Yes
9646-NMHXE,f,0,Yes,No,47.0,Yes,No,fiber optic,No internet service,No internet service,No internet service,No internet service,No internet service,No internet service,One Year,No,Mailed check,19.65,,No
7030-NJVDP,Male,0,YES,No,24.0,Yes,No,Fiberoptic,Yes,No,No,Yes,No,Yes,month to month,Yes,Electronic check,89.25,2210.2,No
5536-RTPWK,Male,0,YES,No,49.0,Yes,Yes,fiber optic,No,Yes,No,No,Yes,Yes,2 Year,Yes,Bank transfer (automatic),99.05,4853.75,Yes
8883-GRDWQ,fe male,1,Yes,,20.0,Yes,No,dsl,Yes,No,No,Yes,No,No,Two Year,,Mailed check,54.0,1055.9,No
6166-ILMNY,Male,0,y,No,2.0,Yes,No,dsl,No,No,No,No,No,No,2 year,No,Bank transfer (automatic),69.75,144.55,Yes
3097-NNSPB,f,0,No,No,2.0,Yes,No,dsl,No,Yes,No,No,No,No,month to month,Yes,Credit card (automatic),49.05,91.1,Yes
7771-ZONAT,Male,0,Yes,No,22.0,No,No phone service,Fiber Optic,No,No,Yes,Yes,Yes,Yes,2 Year,No,Bank transfer (automatic),56.75,1304.85,No
0655-RBDUG,FEMALE,0,YES,No,7.0,Yes,Yes,DSL,No,No,Yes,No,Yes,Yes,month to month,Yes,Bank transfer (automatic),98.05,713,Yes
2111-DWYHN,Male,0,Yes,No,1.0,Yes,No,dsl,No internet service,No internet service,No internet service,No internet service,No internet service,No internet service,2 year,,Mailed check,21.1,21.1,No
4194-WHFCB,m,0,YES,,59.0,Yes,Yes,Dsl,No,Yes,No,Yes,No,Yes,2 year,Yes,Bank transfer (automatic),,5580.8,No
4121-AGSIN,Male,0,Yes,Yes,58.0,Yes,Yes,Fiberoptic,No internet service,No internet service,No internet service,No internet service,No internet service,No internet service,1 year,Yes,Credit card (automatic),24.5,1497.9,No
4361-BKAXE,fe male,0,no,,41.0,Yes,Yes,Fiberoptic,Yes,Yes,Yes,Yes,Yes,Yes,One Year,Yes,Bank transfer (automatic),114.5,,Yes
9845-PEEKO,fe male,1,NO,No,59.0,Yes,Yes,Fiber Optic,No,Yes,No,No,No,No,1 Year,Yes,Credit card (automatic),79.2,4590.35,No
0455-XFASS,f,0,Yes,Yes,3.0,Yes,No,dsl,No,No,No,No,No,No,One Year,,Electronic check,69.55,200.2,No
0301-KOBTQ,f,0,n,No,32.0,Yes,No,Dsl,No internet service,No internet service,No internet service,No internet service,No internet service,No internet service,Month-to-Month,Yes,Bank transfer (automatic),20.05,614.45,No
1751-NCDLI,FEMALE,1,Yes,No,46.0,Yes,Yes,Dsl,No,No,Yes,No,Yes,Yes,One Year,,Electronic check,98.85,4564.9,No
4367-NUYAO,Male,0,Yes,Yes,0.0,Yes,Yes,DSL,No internet service,No internet service,No internet service,No internet service,No internet service,No internet service,Month-to-Month,No,Mailed check,25.75, ,No
9878-TNQGW,m,0,Yes,No,2.0,Yes,No,DSL,No,No,No,No,No,Yes,2 Year,Yes,Electronic check,,171.15,Yes
9170-ARBTB,FEMALE,0,Yes,Yes,52.0,Yes,No,Dsl,No internet service,No internet service,No internet service,No internet service,No internet service,No internet service,month to month,No,Credit card (automatic),19.6,1012.4,No
4441-NIHPT,m,1,y,No,13.0,Yes,No,Dsl,No,No,Yes,No,No,No,2 year,Yes,Electronic check,74.3,940.35,Yes
8999-BOHSE,f,1,n,,11.0,Yes,No,DSL,No,No,No,No,Yes,Yes,Month-to-Month,No,Bank transfer (automatic),89.7,1047.7,Yes
7241-AJHFS,FEMALE,0,Yes,No,32.0,Yes,Yes,fiber,Yes,No,No,Yes,No,No,One Year,No,Bank transfer (automatic),87.65,2766.4,No
7029-RPUAV,fe male,1,y,No,17.0,Yes,Yes,Dsl,No,No,Yes,No,Yes,Yes,1 year,Yes,Credit card (automatic),100.45,1622.45,Yes
4546-FOKWR,Female,0,n,No,,Yes,Yes,fiber,No,No,No,No,No,No,One Year,Yes,Credit card (automatic),74.75,1129.35,No
9036-CSKBW,Female,0,Yes,No,51.0,Yes,Yes,fiber,Yes,Yes,Yes,No,Yes,Yes,2 Year,No,Bank transfer (automatic),107.45,5680.9,No
5832-TRLPB,Male,0,Yes,No,29.0,Yes,No,DSL,No,No,Yes,Yes,Yes,Yes,2 year,Yes,Bank transfer (automatic),75.35,2243.9,No
8590-YFFQO,f,0,YES,No,70.0,Yes,No,fiber,Yes,Yes,Yes,Yes,No,No,Month-to-Month,No,Credit card (automatic),64.95,4523.25,No
8659-IOOPU,FEMALE,0,YES,Yes,71.0,Yes,Yes,fiber optic,Yes,No,Yes,Yes,No,Yes,2 Year,No,Electronic check,100.45,7159.7,No
1338-CECEE,m,0,Yes,,41.0,Yes,Yes,Dsl,No,Yes,Yes,No,Yes,No,2 year,,Bank transfer (automatic),68.5,2839.95,No
7439-DKZTW,FEMALE,0,Yes,No,1.0,Yes,No,Dsl,No,No,No,No,Yes,No,Two Year,Yes,Electronic check,80.55,80.55,No
4646-QZXTF,f,0,NO,No,7.0,Yes,No,fiber,Yes,No,Yes,Yes,Yes,Yes,1 Year,No,Bank transfer (automatic),81.25,580.1,No
4607-CHPCA,f,0,n,Yes,25.0,Yes,No,DSL,No,No,No,No,Yes,Yes,Month-to-Month,Yes,Electronic check,90.4,2178.6,Yes
9742-XOKTS,Female,0,NO,Yes,,Yes,Yes,dsl,Yes,Yes,No,Yes,No,No,2 year,No,Electronic check,89.55,6038.55,No
6921-OZMFH,fe male,0,y,Yes,5.0,Yes,Yes,DSL,No,No,No,Yes,No,No,2 Year,Yes,Mailed check,55.7,,No
9578-FOMUK,m,0,NO,Yes,,Yes,Yes,Fiberoptic,No internet service,No internet service,No internet service,No internet service,No internet service,No internet service,2 year,Yes,Electronic check,24.8,324.15,No
4712-UYOOI,f,0,NO,Yes,,Yes,No,DSL,No internet service,No internet service,No internet service,No internet service,No internet service,No internet service,1 Year,No,Electronic check,20.0,417.65,No
8824-RWFXJ,Female,0,YES,Yes,3.0,Yes,No,fiber optic,No,Yes,Yes,No,No,No,month to month,Yes,Mailed check,56.15,168.15,Yes
7722-CVFXN,f,0,NO,Yes,54.0,Yes,Yes,Fiberoptic,No,Yes,No,Yes,Yes,Yes,1 Year,Yes,Electronic check,105.2,5637.85,No
8717-VCTXJ,f,0,n,No,42.0,Yes,No,fiber optic,No internet service,No internet service,No internet service,No internet service,No internet service,No internet service,1 Year,Yes,Mailed check,19.55,839.4,No
7363-QTBIW,Female,0,NO,No,9.0,Yes,No,fiber,No,No,No,No,No,Yes,Month-to-Month,Yes,Electronic check,,769.1,No
4159-NAAIX,Male,0,YES,No,63.0,Yes,Yes,Dsl,No,Yes,No,No,Yes,Yes,2 year,No,Bank transfer (automatic),97.45,6253,No
0971-QIFJK,FEMALE,0,YES,No,,Yes,Yes,Fiberoptic,No internet service,No internet service,No internet service,No internet service,No internet service,No internet service,1 year,No,Bank transfer (automatic),24.25,1641.8,No
9397-TZSHA,Male,0,y,No,69.0,Yes,Yes,DSL,No internet service,No internet service,No internet service,No internet service,No internet service,No internet service,1 year,No,Credit card (automatic),24.6,1678.05,No
3391-JSQEW,Male,0,n,No,40.0,Yes,No,Fiber Optic,No,Yes,No,No,No,No,Two Year,Yes,Mailed check,50.15,2058.5,No
0343-QLUZP,m,0,no,No,60.0,No,No phone service,Dsl,Yes,Yes,Yes,No,No,No,One Year,No,Bank transfer (automatic),39.6,2424.5,No
9763-PDTKK,f,0,y,No,4.0,Yes,No,fiber optic,Yes,No,Yes,Yes,No,Yes,One Year,Yes,Bank transfer (automatic),94.4,387.2,Yes
2176-LVPNX,fe male,1,n,No,71.0,Yes,Yes,Fiberoptic,Yes,Yes,Yes,Yes,Yes,Yes,1 year,No,Mailed check,89.85,6293.45,No
7627-JKIAZ,FEMALE,0,NO,No,37.0,Yes,Yes,Dsl,No,No,Yes,No,No,No,Month-to-Month,Yes,Credit card (automatic),78.95,2839.65,Yes
3312-UUMZW,fe male,0,n,No,32.0,Yes,Yes,Fiber Optic,No,Yes,No,No,Yes,Yes,2 Year,,Credit card (automatic),98.85,3145.9,No
1271-UODNO,fe male,0,No,No,39.0,Yes,Yes,Fiberoptic,No,No,No,Yes,No,No,One Year,Yes,Credit card (automatic),53.85,2200.7,No
8461-EFQYM,FEMALE,0,no,No,38.0,Yes,Yes,Fiberoptic,No internet service,No internet service,No internet service,No internet service,No internet service,No internet service,One Year,Yes,Electronic check,24.25,914.4,No
6900-RBKER,Male,0,NO,No,52.0,Yes,Yes,fiber optic,No,No,Yes,No,No,Yes,One Year,Yes,Credit card (automatic),89.45,4577.75,No
6891-JPYFF,m,0,Yes,Yes,48.0,Yes,Yes,Dsl,Yes,Yes,No,No,Yes,Yes,month to month,Yes,Credit card (automatic),105.25,4997.5,No
1459-QNFQT,Male,0,Yes,Yes,70.0,No,No phone service,Fiber Optic,Yes,No,Yes,Yes,Yes,Yes,2 Year,No,Bank transfer (automatic),59.5,4144.8,No
1047-NNCBF,f,0,NO,No,20.0,Yes,No,dsl,No,No,No,No,No,No,2 Year,No,Credit card (automatic),70.55,1493.55,No
3696-XRIEN,Male,0,Yes,No,,Yes,Yes,Fiberoptic,Yes,No,Yes,Yes,Yes,Yes,2 year,Yes,Credit card (automatic),82.5,4179.1,No
4081-DYXAV,Female,0,y,No,19.0,No,No phone service,dsl,No,No,No,No,Yes,Yes,2 Year,Yes,Credit card (automatic),44.85,893.55,Yes
0074-HDKDG,Male,0,no,Yes,,Yes,No,dsl,Yes,Yes,Yes,No,No,No,One Year,Yes,Bank transfer (automatic),61.6,1611,No
8791-GFXLZ,Male,0,n,No,12.0,Yes,No,fiber,No,Yes,No,No,No,No,1 Year,Yes,Bank transfer (automatic),49.05,593.05,No
8111-SLLHI,Male,1,n,No,39.0,Yes,Yes,Dsl,No,Yes,Yes,No,Yes,Yes,Month-to-Month,Yes,Electronic check,105.65,4284.8,Yes
0927-LCSMG,Male,0,YES,No,7.0,Yes,No,fiber,No,No,Yes,No,No,No,2 Year,No,Mailed check,74.65,544.55,Yes
9330-DHBFL,Female,0,Yes,Yes,23.0,Yes,No,fiber optic,Yes,Yes,Yes,Yes,No,No,Two Year,,Mailed check,66.25,1533.8,No
0098-BOWSO,m,0,y,No,27.0,Yes,No,dsl,No internet service,No internet service,No internet service,No internet service,No internet service,No internet service,Two Year,Yes,Electronic check,19.4,529.8,No
3452-ABWRL,m,1,Yes,No,47.0,Yes,Yes,Fiber Optic,No,No,No,No,Yes,No,2 year,Yes,Credit card (automatic),,3865.6,No
5859-HZYLF,FEMALE,0,No,Yes,26.0,Yes,No,Fiberoptic,No internet service,No internet service,No internet service,No internet service,No internet service,No internet service,Two Year,Yes,Credit card (automatic),19.15,515.75,No
8257-RZAHR,m,0,y,No,14.0,Yes,Yes,DSL,Yes,No,No,No,Yes,No,1 Year,Yes,Bank transfer (automatic),64.7,941,Yes
5293-WXJAK,fe male,1,NO,No,11.0,Yes,Yes,DSL,No,No,Yes,Yes,Yes,Yes,1 year,,Bank transfer (automatic),104.05,1133.65,Yes
3156-QLHBO,fe male,0,YES,Yes,2.0,Yes,No,fiber,No internet service,No internet service,No internet service,No internet service,No internet service,No internet service,2 year,No,Mailed check,19.25,48.35,No
2208-NQBCT,m,0,no,Yes,26.0,Yes,No,Fiberoptic,Yes,Yes,No,No,No,No,1 Year,No,Electronic check,81.95,2070.05,No
1779-PWPMG,Male,1,NO,No,72.0,Yes,Yes,fiber optic,Yes,Yes,Yes,Yes,Yes,Yes,1 Year,Yes,Bank transfer (automatic),114.65,8333.95,No
6621-NRZAK,Male,0,n,Yes,63.0,Yes,No,fiber,No internet service,No internet service,No internet service,No internet service,No internet service,No internet service,Month-to-Month,No,Credit card (automatic),20.0,1209.25,No
0831-JNISG,Male,0,y,Yes,,Yes,No,Dsl,No internet service,No internet service,No internet service,No internet service,No internet service,No internet service,2 Year,No,Mailed check,19.8,1396.25,No
0774-IFUVM,f,0,n,Yes,11.0,Yes,Yes,Dsl,Yes,No,No,No,Yes,No,Two Year,,Bank transfer (automatic),65.15,723.35,No
3082-WQRVY,Male,1,n,,14.0,Yes,No,dsl,No internet service,No internet service,No internet service,No internet service,No internet service,No internet service,1 Year,No,Mailed check,19.65,,No
9553-DLCLU,f,0,no,Yes,13.0,Yes,Yes,fiber,Yes,Yes,Yes,Yes,Yes,Yes,Month-to-Month,No,Credit card (automatic),88.95,1161.75,No
1641-BYBTK,f,0,n,Yes,6.0,Yes,No,DSL,No internet service,No internet service,No internet service,No internet service,No internet service,No internet service,One Year,Yes,Mailed check,20.2,,No
2460-NGXBJ,f,1,y,Yes,11.0,Yes,Yes,dsl,No,No,No,No,No,No,month to month,Yes,Credit card (automatic),,775.3,No
2446-ZKVAF,fe male,0,y,No,18.0,Yes,Yes,Fiberoptic,No,Yes,No,No,No,No,2 Year,,Credit card (automatic),56.8,1074.65,No
0841-NULXI,FEMALE,0,Yes,No,1.0,No,No phone service,fiber,No,No,No,No,No,Yes,One Year,Yes,Electronic check,35.55,35.55,Yes
3522-CDKHF,Male,0,NO,No,32.0,Yes,No,Dsl,Yes,No,No,No,No,No,month to month,Yes,Bank transfer (automatic),75.5,2324.7,No
1430-SFQSA,f,0,y,,29.0,No,No phone service,Fiber Optic,Yes,No,No,Yes,No,No,2 year,No,Mailed check,35.6,1072.6,No
0411-EZJZE,Male,0,No,No,3.0,Yes,Yes,Dsl,No,No,No,No,Yes,No,Month-to-Month,Yes,Electronic check,60.25,170.5,No
7851-WZEKY,fe male,0,No,No,2.0,Yes,Yes,dsl,No,No,No,No,Yes,Yes,2 year,Yes,Electronic check,95.15,196.9,Yes
8844-TONUD,FEMALE,0,Yes,Yes,13.0,Yes,No,Dsl,No,No,Yes,No,Yes,Yes,Two Year,Yes,Mailed check,96.65,1162.85,Yes
8807-ARQET,FEMALE,0,Yes,No,41.0,No,No phone service,DSL,No,Yes,No,No,No,Yes,1 year,Yes,Electronic check,40.35,1677.85,No
8992-CEUEN,Male,0,NO,No,1.0,Yes,No,fiber,No internet service,No internet service,No internet service,No internet service,No internet service,No internet service,month to month,No,Electronic check,18.85,18.85,No
4320-QMLLA,FEMALE,0,Yes,No,7.0,Yes,No,Fiberoptic,No,No,No,No,Yes,No,1 year,No,Mailed check,54.85,370.4,No
8777-PVYGU,Female,0,Yes,No,52.0,Yes,No,Fiberoptic,Yes,No,Yes,No,Yes,No,2 Year,Yes,Mailed check,,3410.6,No
8292-ITGYJ,Male,0,n,Yes,45.0,Yes,Yes,dsl,No internet service,No internet service,No internet service,No internet service,No internet service,No internet service,1 year,Yes,Bank transfer (automatic),24.65,1138.8,No
6870-ZWMNX,Female,0,Yes,No,70.0,Yes,Yes,fiber optic,No,Yes,Yes,Yes,Yes,No,1 Year,No,Credit card (automatic),76.1,5264.25,No
0621-CXBKL,FEMALE,0,No,No,53.0,Yes,No,dsl,No internet service,No internet service,No internet service,No internet service,No internet service,No internet service,Two Year,No,Mailed check,18.7,1005.7,No
5268-DSMNQ,m,1,y,No,62.0,Yes,Yes,fiber optic,No,Yes,Yes,No,Yes,No,1 Year,Yes,Credit card (automatic),97.95,5936.55,No
5334-JLAXU,f,0,Yes,No,60.0,Yes,Yes,DSL,Yes,Yes,No,No,No,Yes,Month-to-Month,Yes,Credit card (automatic),94.1,5475.9,No
4086-YQSNZ,Male,1,NO,No,3.0,Yes,No,DSL,No,No,No,No,Yes,No,Two Year,Yes,Electronic check,80.4,224.05,Yes
6242-MBHPK,fe male,1,Yes,No,23.0,Yes,No,Fiberoptic,Yes,No,No,No,Yes,Yes,2 year,Yes,Electronic check,95.1,2326.05,No
5868-CZJDR,Male,0,y,Yes,1.0,No,No phone service,dsl,No,Yes,No,No,No,No,2 Year,Yes,Mailed check,31.35,31.35,Yes
9359-UGBTK,FEMALE,0,Yes,No,67.0,Yes,No,dsl,Yes,No,Yes,Yes,No,Yes,month to month,Yes,Bank transfer (automatic),72.35,4991.5,No
0135-NMXAP,f,0,no,No,12.0,Yes,Yes,fiber optic,No,Yes,No,No,Yes,No,2 year,,Bank transfer (automatic),89.75,1052.4,Yes
4782-OSFXZ,FEMALE,1,Yes,No,71.0,Yes,Yes,fiber,Yes,Yes,Yes,Yes,No,Yes,Two Year,Yes,Bank transfer (automatic),82.7,5831.2,No
6479-OAUSD,Male,0,YES,No,25.0,Yes,No,fiber optic,No internet service,No internet service,No internet service,No internet service,No internet service,No internet service,2 year,No,Credit card (automatic),19.9,510.8,No
7129-ACFOG,f,0,YES,No,5.0,Yes,Yes,dsl,Yes,No,No,No,No,No,One Year,Yes,Electronic check,53.8,283.95,No
4189-NAKJS,FEMALE,0,n,No,26.0,Yes,Yes,fiber optic,No,No,No,No,No,No,One Year,Yes,Credit card (automatic),,1295.4,No
5562-BETPV,Female,0,NO,Yes,1.0,Yes,No,fiber,No internet service,No internet service,No internet service,No internet service,No internet service,No internet service,One Year,No,Mailed check,19.65,19.65,No
1282-IHQAC,Male,1,Yes,No,70.0,No,No phone service,Fiberoptic,No,Yes,Yes,No,Yes,No,2 Year,Yes,Credit card (automatic),44.05,3011.65,No
9127-FHJBZ,f,0,NO,Yes,72.0,Yes,Yes,fiber optic,Yes,Yes,Yes,Yes,Yes,Yes,1 year,Yes,Electronic check,114.0,8093.15,No
6270-OMFIW,m,0,No,No,60.0,Yes,No,Fiber Optic,No,Yes,No,No,Yes,Yes,2 Year,Yes,Electronic check,94.4,5610.25,Yes
1641-RQDAY,Male,1,YES,Yes,32.0,Yes,Yes,Dsl,No,Yes,No,No,Yes,Yes,month to month,Yes,Electronic check,100.4,3217.65,No
0107-WESLM,Male,0,no,No,1.0,Yes,No,fiber optic,No internet service,No internet service,No internet service,No internet service,No internet service,No internet service,1 year,Yes,Electronic check,,19.85,Yes
6994-ORCWG,Male,0,Yes,No,,Yes,Yes,Dsl,No,Yes,No,No,No,No,Month-to-Month,Yes,Mailed check,54.25,773.2,No
1346-UFHAX,FEMALE,0,NO,No,13.0,Yes,Yes,fiber optic,Yes,No,No,No,No,No,1 Year,Yes,Credit card (automatic),80.0,1029.35,No
3992-YWPKO,f,0,y,No,6.0,Yes,Yes,fiber,No,Yes,Yes,Yes,Yes,Yes,One Year,Yes,Credit card (automatic),109.9,669.45,Yes
2933-XEUJM,FEMALE,0,n,No,46.0,Yes,Yes,DSL,Yes,No,Yes,No,Yes,Yes,1 Year,No,Mailed check,,3593.8,No
0125-LZQXK,m,0,Yes,No,15.0,Yes,No,dsl,No,No,Yes,Yes,Yes,Yes,Month-to-Month,Yes,Electronic check,101.35,1553.95,Yes
5461-QKNTN,f,1,no,No,43.0,Yes,Yes,fiber,No,Yes,No,Yes,Yes,No,month to month,Yes,Electronic check,94.3,3953.15,No
4835-YSJMR,FEMALE,0,NO,,39.0,Yes,No,dsl,No,No,No,Yes,No,No,Two Year,Yes,Bank transfer (automatic),49.8,1971.15,No
8399-YNDCH,Female,1,YES,No,21.0,Yes,No,dsl,No,No,Yes,No,Yes,No,month to month,Yes,Bank transfer (automatic),60.05,1236.15,Yes
3164-YAXFY,fe male,0,YES,No,57.0,No,No phone service,fiber,Yes,No,Yes,No,Yes,Yes,2 Year,Yes,Electronic check,53.75,3196,No
0887-WBJVH,Male,0,no,No,53.0,Yes,No,DSL,No,No,No,Yes,Yes,Yes,1 Year,Yes,Electronic check,93.45,4872.2,No
4660-IRIBM,fe male,0,Yes,Yes,18.0,Yes,No,dsl,Yes,No,Yes,No,Yes,No,Two Year,Yes,Mailed check,87.9,1500.5,No
5673-FSSMF,Male,0,no,No,1.0,Yes,Yes,Fiberoptic,No,No,No,No,No,Yes,One Year,Yes,Electronic check,60.15,60.15,Yes
7670-ZBPOQ,Female,0,No,No,58.0,Yes,Yes,DSL,Yes,No,No,Yes,No,No,1 year,Yes,Bank transfer (automatic),61.05,3478.75,No
8089-UZWLX,fe male,1,YES,No,71.0,Yes,Yes,Fiberoptic,No,No,Yes,No,Yes,Yes,2 Year,No,Bank transfer (automatic),104.05,,No
0080-OROZO,m,0,No,No,35.0,Yes,No,fiber optic,No,No,Yes,Yes,Yes,Yes,Month-to-Month,Yes,Electronic check,99.25,,No
3916-NRPAP,m,0,NO,No,3.0,Yes,No,fiber,No,No,Yes,No,No,Yes,2 Year,No,Credit card (automatic),85.7,256.75,No
6807-SIWJI,Male,0,Yes,No,38.0,Yes,Yes,Fiber Optic,Yes,Yes,No,No,Yes,Yes,One Year,Yes,Electronic check,104.85,3887.25,No
8221-HVAYI,Male,0,no,Yes,35.0,Yes,Yes,Fiberoptic,Yes,Yes,Yes,Yes,No,No,1 year,Yes,Credit card (automatic),69.15,2490.15,No
1579-KLYDT,f,0,NO,No,7.0,Yes,Yes,Fiber Optic,No,No,Yes,No,Yes,No,One Year,Yes,Electronic check,90.45,593.45,Yes
5232-NXPAY,f,0,NO,No,47.0,Yes,No,fiber optic,No,No,Yes,Yes,Yes,Yes,One Year,No,Mailed check,74.45,3510.3,No
8967-SZQAS,f,0,y,No,14.0,Yes,No,fiber,No,Yes,No,No,No,No,Two Year,No,Electronic check,50.45,765.45,No
4468-KAZHE,Male,1,no,,20.0,Yes,No,Dsl,No,Yes,No,No,No,Yes,Month-to-Month,Yes,Electronic check,60.0,1259.35,No
0455-ENTCR,f,0,y,No,66.0,Yes,Yes,Fiber Optic,Yes,Yes,No,Yes,Yes,Yes,Two Year,No,Electronic check,85.25,,No
8944-AILEF,Female,0,Yes,No,,Yes,No,Fiber Optic,No internet service,No internet service,No internet service,No internet service,No internet service,No internet service,2 year,Yes,Credit card (automatic),19.45,340.85,No
5542-NKVRU,Female,0,No,No,42.0,Yes,No,fiber optic,No internet service,No internet service,No internet service,No internet service,No internet service,No internet service,1 Year,Yes,Bank transfer (automatic),20.75,844.45,No
7126-RBHSD,Male,0,y,No,17.0,Yes,Yes,Dsl,Yes,No,No,No,No,No,2 Year,No,Electronic check,78.9,1348.95,No
5370-IIVVL,fe male,0,Yes,No,37.0,Yes,Yes,dsl,No,Yes,No,Yes,Yes,Yes,Month-to-Month,Yes,Credit card (automatic),104.5,3778,No
6789-HJBWG,FEMALE,0,YES,No,12.0,Yes,No,dsl,No,Yes,No,No,No,No,2 year,Yes,Electronic check,49.4,,No
3927-NLNRY,Female,0,Yes,No,53.0,Yes,No,Fiberoptic,No,Yes,No,No,Yes,Yes,Two Year,Yes,Bank transfer (automatic),94.25,4867.95,Yes
9087-EYCPR,Female,0,n,No,60.0,Yes,Yes,Fiberoptic,No internet service,No internet service,No internet service,No internet service,No internet service,No internet service,1 Year,No,Mailed check,25.0,1505.05,No
6791-YBNAK,Female,0,YES,Yes,18.0,No,No phone service,Dsl,No,No,No,No,No,No,month to month,No,Credit card (automatic),25.55,467.85,No
6358-LYNGM,Male,0,NO,No,1.0,Yes,Yes,Dsl,No,No,No,No,No,No,Two Year,Yes,Electronic check,,74.9,Yes
6077-BDPXA,m,0,Yes,No,3.0,Yes,No,DSL,No,No,No,No,No,No,2 year,Yes,Electronic check,70.15,194.2,No
0013-MHZWF,Male,0,n,Yes,9.0,Yes,No,Fiberoptic,No,No,No,Yes,Yes,Yes,2 Year,Yes,Credit card (automatic),,571.45,No
5494-HECPR,FEMALE,0,YES,No,,Yes,No,dsl,No,No,No,No,Yes,No,1 Year,Yes,Electronic check,80.25,80.25,Yes
8268-YDIXR,fe male,0,YES,No,56.0,Yes,Yes,fiber optic,Yes,Yes,Yes,No,No,No,1 year,Yes,Electronic check,93.15,5253.95,No
9824-BEMCV,Male,0,No,Yes,17.0,Yes,No,fiber,No,No,No,No,No,No,2 year,Yes,Electronic check,69.0,1149.65,Yes
1373-ORVIZ,fe male,0,no,Yes,11.0,Yes,Yes,fiber optic,No,No,No,Yes,No,Yes,2 year,Yes,Electronic check,66.35,740.8,Yes
4291-SHSBH,FEMALE,0,Yes,No,7.0,Yes,No,fiber optic,No,No,No,No,No,No,2 year,Yes,Electronic check,69.55,521.35,No
6980-IMXXE,m,0,no,Yes,69.0,Yes,No,DSL,No internet service,No internet service,No internet service,No internet service,No internet service,No internet service,1 Year,No,Bank transfer (automatic),20.2,1412.65,No
9866-QEVEE,FEMALE,0,YES,No,19.0,Yes,Yes,Fiberoptic,No,No,No,No,No,Yes,Two Year,Yes,Bank transfer (automatic),86.0,1532.45,Yes
9897-KXHCM,FEMALE,0,y,Yes,3.0,Yes,No,dsl,No,No,No,No,No,Yes,Month-to-Month,Yes,Electronic check,80.3,250.05,Yes
0040-HALCW,f,0,Yes,,54.0,Yes,No,Dsl,No internet service,No internet service,No internet service,No internet service,No internet service,No internet service,1 year,No,Credit card (automatic),20.4,1090.6,No
0784-GTUUK,fe male,0,no,No,62.0,Yes,Yes,Fiberoptic,No internet service,No internet service,No internet service,No internet service,No internet service,No internet service,1 Year,,Credit card (automatic),,1446.8,No
7979-CORPM,f,0,Yes,No,24.0,Yes,Yes,dsl,No,Yes,No,No,Yes,No,Month-to-Month,Yes,Credit card (automatic),90.55,2282.55,Yes
2294-DMMUS,m,0,NO,Yes,62.0,Yes,Yes,Dsl,No,No,No,No,Yes,Yes,2 year,Yes,Credit card (automatic),70.45,4300.45,No
0872-JCPIB,f,0,no,No,17.0,Yes,Yes,DSL,Yes,No,No,No,No,Yes,2 Year,No,Bank transfer (automatic),65.75,1111.2,No
3055-MJDSB,m,0,YES,No,,No,No phone service,Fiber Optic,No,No,No,No,No,No,1 Year,Yes,Mailed check,24.6,190.1,No
9091-WTUUY,FEMALE,0,Yes,Yes,64.0,Yes,No,dsl,Yes,No,Yes,Yes,Yes,No,1 year,No,Mailed check,69.25,,No
1618-CFHME,Female,0,No,No,2.0,Yes,Yes,dsl,No,No,No,No,No,No,month to month,Yes,Electronic check,75.9,143.35,Yes
3165-HDOEW,FEMALE,0,YES,Yes,1.0,Yes,No,dsl,No,No,No,No,No,No,month to month,,Mailed check,45.85,45.85,Yes
6581-NQCBA,Male,0,y,No,16.0,No,No phone service,DSL,No,No,No,Yes,Yes,Yes,2 Year,Yes,Electronic check,49.95,810.2,Yes
7115-IRDHS,FEMALE,0,Yes,No,72.0,Yes,Yes,Fiberoptic,No internet service,No internet service,No internet service,No internet service,No internet service,No internet service,Month-to-Month,,Bank transfer (automatic),24.65,1830.05,No
8496-DMZUK,Female,0,no,No,30.0,Yes,Yes,Fiberoptic,Yes,Yes,Yes,No,No,No,1 Year,No,Bank transfer (automatic),90.4,,No
2040-VZIKE,FEMALE,0,YES,No,49.0,Yes,Yes,Fiber Optic,Yes,No,No,No,Yes,Yes,month to month,Yes,Mailed check,100.85,4847.35,No
9068-VPWQQ,f,0,Yes,No,61.0,Yes,Yes,Dsl,Yes,No,Yes,Yes,No,Yes,month to month,No,Credit card (automatic),75.35,4729.3,No
0178-SZBHO,Male,0,Yes,Yes,47.0,Yes,Yes,fiber,No,Yes,No,No,Yes,No,1 Year,No,Electronic check,87.2,4017.45,No
0384-RVBPI,m,0,YES,No,20.0,Yes,No,DSL,Yes,No,Yes,No,No,Yes,Month-to-Month,No,Credit card (automatic),64.4,1398.6,No
1689-MRZQR,fe male,0,No,Yes,34.0,Yes,No,dsl,No,No,No,No,Yes,No,1 Year,No,Electronic check,78.3,2564.3,Yes
1299-AURJA,Male,0,YES,Yes,70.0,Yes,Yes,Dsl,No internet service,No internet service,No internet service,No internet service,No internet service,No internet service,Month-to-Month,No,Bank transfer (automatic),24.7,1685.9,No
4525-VZCZG,fe male,0,Yes,Yes,54.0,Yes,No,Fiber Optic,Yes,Yes,No,Yes,Yes,Yes,1 year,Yes,Electronic check,,5826.65,No
1543-LLLFT,Female,1,Yes,No,61.0,Yes,Yes,fiber,No,Yes,Yes,Yes,Yes,No,One Year,Yes,Mailed check,98.3,,No
5835-BEQEU,m,0,Yes,No,3.0,Yes,Yes,Fiberoptic,No,No,No,No,No,No,1 Year,Yes,Electronic check,76.95,228.4,Yes
2788-CJQAQ,Female,0,Yes,No,13.0,Yes,No,Fiber Optic,No internet service,No internet service,No internet service,No internet service,No internet service,No internet service,month to month,,Mailed check,19.45,270.2,No
5565-FILXA,Male,1,Yes,No,16.0,Yes,Yes,Dsl,No,No,No,No,Yes,Yes,Month-to-Month,Yes,Electronic check,96.15,1529.2,Yes
0319-QZTCO,f,0,Yes,Yes,3.0,Yes,No,fiber,No,Yes,No,No,Yes,No,One Year,,Credit card (automatic),58.7,168.6,No
2120-SMPEX,Female,0,y,No,25.0,Yes,No,fiber optic,No internet service,No internet service,No internet service,No internet service,No internet service,No internet service,1 year,Yes,Mailed check,,536.35,No
0096-FCPUF,Female,0,Yes,No,30.0,Yes,Yes,DSL,Yes,No,No,No,No,Yes,1 Year,Yes,Mailed check,64.5,1888.45,No
0668-OGMHD,Male,0,YES,No,21.0,No,No phone service,dsl,Yes,No,No,No,No,No,2 year,No,Electronic check,28.5,629.35,No
5552-ZNFSJ,fe male,0,Yes,No,,Yes,No,fiber optic,No,No,No,No,No,No,2 Year,No,Electronic check,45.3,45.3,Yes
2223-KAGMX,m,0,YES,No,15.0,Yes,No,Dsl,No internet service,No internet service,No internet service,No internet service,No internet service,No internet service,2 Year,No,Bank transfer (automatic),19.4,289.3,Yes
6507-ZJSUR,m,1,no,No,23.0,Yes,No,dsl,No,No,No,No,Yes,Yes,1 Year,Yes,Electronic check,90.45,2117.25,No
9408-HRXRK,m,0,y,Yes,45.0,Yes,Yes,fiber optic,Yes,Yes,No,No,Yes,Yes,2 year,Yes,Electronic check,105.15,4730.9,No
5593-SUAOO,Male,0,YES,Yes,24.0,Yes,Yes,Dsl,No,Yes,Yes,No,No,No,One Year,No,Bank transfer (automatic),83.15,2033.05,No
7321-PKUYW,fe male,0,y,No,11.0,Yes,Yes,Dsl,No,No,No,Yes,Yes,No,2 year,No,Electronic check,90.15,987.95,Yes
2833-SLKDQ,m,0,y,No,1.0,Yes,No,DSL,No,No,No,No,No,No,1 Year,No,Mailed check,45.05,45.05,Yes
6766-HFKLA,fe male,0,YES,No,56.0,Yes,Yes,Fiber Optic,No,No,Yes,Yes,Yes,Yes,Month-to-Month,,Bank transfer (automatic),103.2,5744.35,No
7595-EUIVN,f,0,YES,No,1.0,Yes,No,DSL,No,Yes,No,No,No,No,month to month,No,Electronic check,75.8,75.8,Yes
7617-EYGLW,fe male,0,Yes,No,1.0,Yes,No,fiber,No internet service,No internet service,No internet service,No internet service,No internet service,No internet service,2 Year,No,Electronic check,19.45,19.45,No
2026-TGDHM,Male,0,NO,No,7.0,Yes,No,dsl,No,No,No,No,No,Yes,Two Year,,Electronic check,79.3,523.15,Yes
9220-ZNKJI,Male,1,Yes,No,55.0,Yes,No,Dsl,No,No,Yes,Yes,Yes,No,1 Year,,Credit card (automatic),88.8,4805.3,No
4030-VPZBD,Male,0,y,No,2.0,No,No phone service,dsl,No,No,No,Yes,No,No,Month-to-Month,,Electronic check,,59.05,Yes
2226-ICFDO,fe male,0,No,Yes,72.0,Yes,Yes,dsl,Yes,No,Yes,Yes,Yes,Yes,month to month,Yes,Credit card (automatic),85.9,6110.75,No
0723-VSOBE,fe male,1,y,No,45.0,No,No phone service,dsl,No,No,No,No,No,Yes,2 year,No,Electronic check,34.2,1596.6,No
5529-GIBVH,f,0,y,No,,Yes,No,fiber,No internet service,No internet service,No internet service,No internet service,No internet service,No internet service,Two Year,No,Mailed check,20.15,1046.2,No
4187-CINZD,f,1,y,No,46.0,Yes,No,Fiber Optic,No,Yes,No,No,Yes,Yes,Month-to-Month,No,Credit card (automatic),95.25,4424.2,Yes
9992-UJOEL,Male,0,no,,2.0,Yes,No,DSL,No,Yes,No,No,No,No,Month-to-Month,,Mailed check,50.3,92.75,No
4741-WWJQZ,Male,0,n,No,2.0,Yes,No,fiber,Yes,No,No,Yes,No,No,One Year,Yes,Electronic check,80.15,194.55,No
6625-UTXEW,Male,0,Yes,No,12.0,Yes,No,fiber,No,Yes,No,No,No,No,Two Year,Yes,Electronic check,51.25,612.1,No
6818-WOBHJ,m,1,no,No,68.0,Yes,Yes,Dsl,No,Yes,No,No,No,Yes,One Year,Yes,Bank transfer (automatic),,6127.6,Yes
6244-BESBM,Male,0,Yes,Yes,69.0,Yes,No,fiber optic,No,No,No,Yes,Yes,Yes,1 year,,Credit card (automatic),95.2,6671.7,No
1004-NOZNR,Female,1,y,Yes,56.0,Yes,No,Fiber Optic,Yes,No,No,No,Yes,Yes,Month-to-Month,No,Credit card (automatic),,5264.3,No
1251-STYSZ,Male,1,No,No,4.0,Yes,Yes,fiber optic,Yes,No,No,No,No,No,Two Year,Yes,Electronic check,80.25,303.7,No
2612-PHGOX,Female,0,YES,No,64.0,Yes,Yes,Dsl,No,Yes,Yes,Yes,Yes,No,Two Year,Yes,Bank transfer (automatic),,4818.8,No
2408-TZMJL,Male,0,Yes,No,59.0,Yes,Yes,DSL,Yes,Yes,Yes,No,Yes,Yes,2 Year,Yes,Electronic check,110.15,6448.05,Yes
8480-PPONV,m,0,No,Yes,62.0,Yes,Yes,fiber,Yes,Yes,Yes,Yes,Yes,Yes,1 Year,No,Bank transfer (automatic),115.55,7159.05,No
8780-IHCRN,FEMALE,0,y,Yes,63.0,Yes,Yes,Fiber Optic,No internet service,No internet service,No internet service,No internet service,No internet service,No internet service,2 Year,No,Credit card (automatic),24.65,1574.5,No
4598-ZADCK,FEMALE,0,n,No,53.0,No,No phone service,Dsl,Yes,Yes,Yes,Yes,Yes,No,month to month,Yes,Electronic check,53.6,2879.2,No
1257-SXUXQ,fe male,0,y,Yes,5.0,Yes,No,Dsl,No internet service,No internet service,No internet service,No internet service,No internet service,No internet service,2 Year,No,Mailed check,19.45,86.05,No
9681-KYGYB,Female,1,NO,No,49.0,Yes,Yes,DSL,Yes,Yes,Yes,No,No,No,2 Year,Yes,Electronic check,88.2,4159.45,No
7182-OVLBJ,f,0,NO,Yes,62.0,Yes,Yes,Fiber Optic,Yes,No,No,No,Yes,Yes,Month-to-Month,Yes,Bank transfer (automatic),101.15,6638.35,No
5095-ETBRJ,fe male,0,YES,No,55.0,Yes,No,Dsl,Yes,Yes,No,Yes,No,No,Two Year,No,Mailed check,56.8,3112.05,No
7005-CYUIL,f,1,NO,No,71.0,Yes,No,dsl,Yes,Yes,Yes,Yes,Yes,No,Two Year,Yes,Electronic check,99.4,7168.25,No
4821-WQOYN,fe male,0,no,Yes,72.0,Yes,No,Fiber Optic,No internet service,No internet service,No internet service,No internet service,No internet service,No internet service,1 Year,,Credit card (automatic),20.1,1326.25,No
4730-AWNAU,f,0,Yes,Yes,36.0,No,No phone service,fiber,Yes,No,Yes,Yes,Yes,Yes,Two Year,No,Credit card (automatic),60.7,2234.55,No
3452-FLHYD,Female,0,n,No,25.0,Yes,No,dsl,No internet service,No internet service,No internet service,No internet service,No internet service,No internet service,One Year,Yes,Bank transfer (automatic),20.95,495.15,No
2388-LAESQ,Male,1,y,No,72.0,Yes,Yes,Fiber Optic,Yes,Yes,Yes,Yes,Yes,Yes,2 Year,Yes,Bank transfer (automatic),114.85,8317.95,No
9531-NSBMR,m,0,Yes,No,36.0,Yes,No,fiber optic,No internet service,No internet service,No internet service,No internet service,No internet service,No internet service,month to month,Yes,Bank transfer (automatic),19.25,679.8,No
6260-ONULR,Female,0,y,,1.0,Yes,No,fiber,No,No,No,No,Yes,Yes,One Year,Yes,Mailed check,62.8,62.8,No
4389-UEFCZ,fe male,0,No,No,72.0,Yes,Yes,Dsl,Yes,No,Yes,No,Yes,Yes,Month-to-Month,Yes,Electronic check,105.5,7544,No
8711-LOBKY,fe male,0,Yes,Yes,59.0,Yes,No,dsl,No internet service,No internet service,No internet service,No internet service,No internet service,No internet service,month to month,No,Mailed check,19.85,1188.25,No
9134-CEQMF,m,1,Yes,No,7.0,Yes,No,dsl,No,No,No,No,Yes,Yes,Two Year,Yes,Electronic check,89.5,676.7,Yes
8985-OOPOS,Male,0,YES,No,1.0,Yes,No,fiber,No,No,Yes,Yes,Yes,Yes,One Year,No,Credit card (automatic),74.1,74.1,No
8800-ZKRFW,m,0,NO,Yes,,Yes,Yes,fiber optic,No,Yes,Yes,Yes,Yes,Yes,month to month,Yes,Electronic check,107.5,3242.5,No
2616-FLVQC,Male,0,No,No,64.0,Yes,No,DSL,No internet service,No internet service,No internet service,No internet service,No internet service,No internet service,Month-to-Month,No,Mailed check,19.55,1240.15,No
9968-FFVVH,Male,0,no,No,63.0,Yes,Yes,fiber,Yes,Yes,Yes,Yes,No,No,2 Year,No,Bank transfer (automatic),68.8,4111.35,No
3108-PCCGG,Male,1,YES,No,72.0,Yes,Yes,fiber optic,Yes,Yes,Yes,No,Yes,Yes,2 year,No,Credit card (automatic),84.45,5899.85,No
7993-PYKOF,Female,0,n,No,8.0,Yes,No,Fiberoptic,Yes,No,No,No,No,No,1 year,No,Electronic check,75.0,632.95,Yes
8390-FESFV,fe male,0,Yes,No,,Yes,Yes,fiber,No,Yes,Yes,Yes,Yes,Yes,One Year,No,Bank transfer (automatic),84.5,5193.2,No
3022-BEXHZ,FEMALE,0,y,Yes,67.0,Yes,Yes,fiber optic,No,Yes,Yes,Yes,Yes,Yes,1 year,Yes,Bank transfer (automatic),111.2,7530.8,No
5027-XWQHA,FEMALE,0,Yes,No,6.0,Yes,No,Dsl,No,No,No,No,No,No,1 year,No,Electronic check,44.75,,Yes
6248-TKCQV,Male,0,YES,,70.0,Yes,Yes,dsl,Yes,No,No,Yes,Yes,Yes,month to month,,Bank transfer (automatic),,5460.2,No
6729-GDNGC,m,1,y,No,20.0,Yes,No,Fiber Optic,No,No,No,No,Yes,No,Month-to-Month,No,Bank transfer (automatic),80.7,1614.2,No
6198-ZFIOJ,Male,0,Yes,No,,Yes,Yes,DSL,No,No,No,No,No,No,2 Year,No,Electronic check,75.6,402.5,No
5989-OMNJE,Male,0,Yes,Yes,24.0,No,No phone service,fiber optic,Yes,Yes,Yes,No,Yes,Yes,2 Year,,Electronic check,57.6,,No
4566-QVRRW,f,0,YES,No,11.0,Yes,No,Fiberoptic,No,No,No,No,No,No,Month-to-Month,Yes,Electronic check,,483.7,Yes
1291-CUOCY,Female,0,Yes,No,72.0,Yes,Yes,Dsl,No,Yes,Yes,Yes,Yes,Yes,One Year,Yes,Credit card (automatic),110.6,7962.2,No
9795-SHUHB,Male,0,y,Yes,66.0,Yes,No,DSL,Yes,Yes,No,Yes,No,No,2 year,Yes,Credit card (automatic),58.2,3810.8,No
3230-IUALN,f,0,NO,Yes,45.0,Yes,No,fiber optic,Yes,No,Yes,Yes,Yes,Yes,Month-to-Month,,Mailed check,81.0,3533.6,No
0042-RLHYP,Female,0,YES,Yes,69.0,Yes,No,Fiberoptic,No internet service,No internet service,No internet service,No internet service,No internet service,No internet service,month to month,No,Bank transfer (automatic),19.7,1396.9,No
8519-IMDHU,Male,1,No,No,,Yes,Yes,dsl,No,No,No,No,No,Yes,month to month,Yes,Bank transfer (automatic),85.6,1345.55,Yes
4945-RVMTE,Male,0,No,No,28.0,Yes,No,fiber,No,No,Yes,No,Yes,No,Month-to-Month,Yes,Bank transfer (automatic),59.55,1646.45,No
0201-OAMXR,m,0,Yes,No,70.0,Yes,Yes,Fiber Optic,Yes,Yes,Yes,Yes,Yes,Yes,2 Year,No,Credit card (automatic),115.55,8127.6,Yes
1866-NXPSP,FEMALE,0,y,No,36.0,Yes,No,DSL,Yes,Yes,Yes,Yes,No,Yes,One Year,Yes,Mailed check,75.55,2680.15,No
3372-KWFBM,Male,1,YES,No,16.0,Yes,Yes,Dsl,No,No,No,No,Yes,No,Two Year,Yes,Electronic check,86.6,1281,Yes
7831-QGOXH,f,0,No,No,18.0,Yes,Yes,Fiberoptic,No,No,No,No,Yes,No,2 year,Yes,Electronic check,85.2,1553.9,Yes
6393-WRYZE,m,0,n,No,34.0,Yes,Yes,fiber optic,No,No,No,No,Yes,Yes,Two Year,Yes,Electronic check,97.65,,Yes
3941-XTSKM,Male,0,NO,Yes,42.0,No,No phone service,Fiberoptic,No,Yes,Yes,No,No,Yes,2 year,Yes,Credit card (automatic),45.1,2049.05,No
1661-CZBAU,FEMALE,0,NO,No,48.0,Yes,Yes,fiber optic,Yes,No,No,Yes,No,Yes,1 Year,Yes,Bank transfer (automatic),70.95,3629.2,No
6599-RCLCJ,FEMALE,0,y,No,47.0,Yes,Yes,dsl,No,Yes,Yes,Yes,Yes,Yes,2 year,Yes,Electronic check,109.55,5124.55,Yes
9831-BPFRI,FEMALE,0,YES,Yes,39.0,Yes,Yes,DSL,No,Yes,Yes,Yes,No,No,One Year,Yes,Electronic check,89.55,,Yes
5158-RIVOP,Male,0,YES,Yes,11.0,Yes,No,fiber,No internet service,No internet service,No internet service,No internet service,No internet service,No internet service,One Year,No,Credit card (automatic),20.9,202.3,No
9788-YTFGE,fe male,0,Yes,No,7.0,Yes,No,fiber,No internet service,No internet service,No internet service,No internet service,No internet service,No internet service,Two Year,Yes,Mailed check,19.95,147.5,No
9277-JOOMO,Male,0,y,No,3.0,Yes,Yes,fiber,No internet service,No internet service,No internet service,No internet service,No internet service,No internet service,2 Year,No,Mailed check,24.6,86.35,No
1907-YLNYW,m,0,no,No,,Yes,No,Dsl,Yes,No,Yes,No,No,Yes,1 year,Yes,Electronic check,66.7,579,No
1725-MIMXW,fe male,0,Yes,Yes,1.0,Yes,No,Fiber Optic,No internet service,No internet service,No internet service,No internet service,No internet service,No internet service,2 year,Yes,Mailed check,19.45,19.45,Yes
8947-YRTDV,FEMALE,0,Yes,Yes,32.0,Yes,No,Dsl,Yes,Yes,Yes,No,No,Yes,month to month,No,Mailed check,94.8,3131.55,No
3161-ONRWK,Male,0,y,Yes,60.0,Yes,No,Fiberoptic,Yes,Yes,Yes,Yes,No,No,1 Year,Yes,Bank transfer (automatic),65.85,,No
0114-RSRRW,Female,0,YES,No,10.0,Yes,No,Fiber Optic,No internet service,No internet service,No internet service,No internet service,No internet service,No internet service,2 Year,Yes,Bank transfer (automatic),19.95,187.75,No
4565-NLZBV,Male,0,No,No,,Yes,Yes,Dsl,No internet service,No internet service,No internet service,No internet service,No internet service,No internet service,One Year,Yes,Bank transfer (automatic),24.65,1710.15,No
0031-PVLZI,Male,0,Yes,Yes,4.0,Yes,No,dsl,No internet service,No internet service,No internet service,No internet service,No internet service,No internet service,1 year,No,Mailed check,20.35,,Yes
7206-GZCDC,m,1,Yes,No,1.0,Yes,No,Dsl,No,No,No,No,No,No,2 Year,Yes,Electronic check,69.25,69.25,Yes
6682-VCIXC,Male,0,n,Yes,43.0,No,No phone service,DSL,Yes,Yes,No,Yes,Yes,No,1 Year,Yes,Bank transfer (automatic),51.25,2151.6,No
4791-QRGMF,Male,0,y,No,59.0,Yes,Yes,DSL,No,No,Yes,No,Yes,Yes,Month-to-Month,Yes,Bank transfer (automatic),99.5,5961.1,Yes
6475-VHUIZ,Male,0,NO,,23.0,Yes,No,dsl,No,No,Yes,Yes,No,No,Two Year,No,Electronic check,54.25,1221.55,No
3910-MRQOY,m,0,no,No,72.0,Yes,No,Fiber Optic,No internet service,No internet service,No internet service,No internet service,No internet service,No internet service,2 year,,Bank transfer (automatic),19.4,1496.45,No
0661-WCQNQ,Female,0,NO,No,22.0,Yes,No,Dsl,Yes,No,No,Yes,No,No,1 year,Yes,Credit card (automatic),56.25,1292.2,No
7537-RBWEA,Male,0,Yes,No,1.0,No,No phone service,dsl,No,No,No,No,No,No,2 Year,Yes,Mailed check,25.15,25.15,No
4656-CAURT,Male,0,Yes,No,69.0,Yes,Yes,fiber,No internet service,No internet service,No internet service,No internet service,No internet service,No internet service,Two Year,No,Bank transfer (automatic),23.95,1713.1,No
0121-SNYRK,Male,0,No,No,,No,No phone service,Fiberoptic,Yes,No,No,Yes,No,No,2 Year,Yes,Mailed check,35.4,1748.9,No
1768-ZAIFU,Male,1,Yes,No,1.0,No,No phone service,Fiber Optic,No,No,No,No,No,No,1 year,Yes,Electronic check,25.2,25.2,Yes
4671-LXRDQ,f,0,YES,No,2.0,Yes,No,DSL,No,No,No,No,No,No,1 Year,Yes,Mailed check,45.0,96.45,Yes
3733-LSYCE,f,0,n,No,15.0,Yes,No,Dsl,No,Yes,No,No,No,No,One Year,No,Bank transfer (automatic),75.35,1114.55,No
6265-FRMTQ,FEMALE,0,Yes,No,31.0,Yes,No,Dsl,No internet service,No internet service,No internet service,No internet service,No internet service,No internet service,month to month,No,Bank transfer (automatic),20.4,609.1,No
1934-SJVJK,fe male,0,YES,No,1.0,Yes,No,fiber optic,No internet service,No internet service,No internet service,No internet service,No internet service,No internet service,Two Year,No,Mailed check,20.15,20.15,Yes
3838-OZURD,Male,0,no,No,66.0,Yes,Yes,dsl,No,Yes,Yes,No,Yes,Yes,month to month,Yes,Credit card (automatic),105.0,7133.25,Yes
1371-DWPAZ,m,0,NO,Yes,,No,No phone service,Fiber Optic,Yes,Yes,Yes,Yes,Yes,No,2 Year,No,Credit card (automatic),56.05, ,No
9269-CQOOL,FEMALE,0,y,Yes,3.0,Yes,No,Fiberoptic,No,No,No,No,Yes,No,2 year,Yes,Credit card (automatic),54.7,169.45,Yes
2017-CCBLH,Male,0,No,No,,Yes,No,DSL,No internet service,No internet service,No internet service,No internet service,No internet service,No internet service,1 year,No,Mailed check,20.0,141.6,No
7690-KPNCU,fe male,0,YES,,64.0,Yes,No,Dsl,Yes,No,Yes,No,Yes,Yes,1 year,Yes,Credit card (automatic),73.05,4688.65,No
0536-BGFMZ,Female,0,YES,No,,Yes,No,DSL,No internet service,No internet service,No internet service,No internet service,No internet service,No internet service,1 Year,No,Mailed check,20.5,563.05,No
2293-IJWPS,m,0,Yes,No,57.0,Yes,Yes,Dsl,No,No,Yes,No,Yes,Yes,month to month,Yes,Credit card (automatic),,5985,No
2845-HSJCY,f,0,n,Yes,14.0,Yes,Yes,DSL,No,No,Yes,No,No,Yes,Month-to-Month,Yes,Electronic check,87.25,,Yes
5469-NUJUR,Female,0,NO,No,19.0,Yes,No,dsl,No internet service,No internet service,No internet service,No internet service,No internet service,No internet service,Two Year,Yes,Mailed check,19.95,373.5,No
1184-PJVDB,f,0,No,No,10.0,Yes,No,Fiberoptic,No,No,No,No,Yes,No,1 year,Yes,Electronic check,79.95,857.2,Yes
2625-TRCZQ,Female,0,YES,No,51.0,No,No phone service,dsl,No,Yes,No,No,Yes,Yes,One Year,Yes,Electronic check,49.65,2553.35,No
4102-HLENU,f,0,no,No,,Yes,Yes,DSL,Yes,Yes,Yes,No,No,No,1 Year,No,Mailed check,65.65,4322.85,No
7266-GSSJX,f,0,no,Yes,11.0,Yes,No,DSL,No internet service,No internet service,No internet service,No internet service,No internet service,No internet service,1 year,Yes,Electronic check,20.45,250.8,No
7722-VJRQD,fe male,0,YES,Yes,72.0,No,No phone service,fiber,Yes,No,Yes,Yes,Yes,Yes,1 Year,No,Bank transfer (automatic),60.95,4549.05,No
7073-QETQY,Male,0,YES,Yes,66.0,Yes,No,fiber,No internet service,No internet service,No internet service,No internet service,No internet service,No internet service,2 Year,Yes,Electronic check,,1359.5,No
9415-DPEWS,Female,0,No,No,18.0,Yes,Yes,dsl,No,No,No,Yes,Yes,No,2 Year,Yes,Electronic check,88.35,1639.3,Yes
5624-RYAMH,fe male,0,no,No,9.0,Yes,No,Fiberoptic,No internet service,No internet service,No internet service,No internet service,No internet service,No internet service,Two Year,,Electronic check,19.5,178.85,No
0196-JTUQI,fe male,0,YES,No,9.0,Yes,Yes,Fiber Optic,No,No,No,No,No,No,month to month,Yes,Credit card (automatic),75.2,633.85,No
7130-YXBRO,m,0,NO,No,48.0,Yes,Yes,dsl,Yes,Yes,Yes,No,Yes,Yes,Month-to-Month,Yes,Bank transfer (automatic),111.45,5315.1,No
9272-LSVYH,FEMALE,0,No,No,10.0,Yes,No,fiber optic,No,No,No,No,No,No,One Year,No,Mailed check,70.15,735.5,No
7943-RQCHR,f,0,n,No,9.0,Yes,Yes,dsl,No,No,No,No,Yes,Yes,1 year,Yes,Electronic check,94.75,889.9,Yes
3793-MMFUH,Male,1,Yes,No,13.0,Yes,Yes,Fiber Optic,No,No,No,No,Yes,Yes,1 Year,Yes,Electronic check,95.05,1290,Yes
3249-ZPQRG,fe male,0,no,No,,Yes,Yes,Fiberoptic,No,Yes,No,No,No,No,month to month,No,Electronic check,78.45,330.05,Yes
2568-BRGYX,Male,0,YES,,4.0,Yes,No,Fiber Optic,No,No,No,No,No,No,Month-to-Month,Yes,Electronic check,70.2,237.95,Yes
3084-DOWLE,m,0,NO,No,72.0,Yes,Yes,DSL,Yes,Yes,Yes,Yes,Yes,Yes,month to month,No,Bank transfer (automatic),92.0,6474.4,No
1084-MNSMJ,fe male,0,No,Yes,51.0,Yes,No,Fiberoptic,Yes,Yes,Yes,Yes,Yes,Yes,Two Year,No,Credit card (automatic),85.5,4421.95,No
7721-JXEAW,Male,0,no,No,59.0,No,No phone service,fiber,No,Yes,No,No,No,Yes,One Year,Yes,Bank transfer (automatic),41.05,2452.7,Yes
7249-WBIYX,fe male,0,Yes,No,10.0,Yes,Yes,fiber optic,No,No,No,No,Yes,No,Month-to-Month,Yes,Electronic check,,813.85,Yes
4238-HFHSN,FEMALE,1,y,No,61.0,Yes,Yes,DSL,No,Yes,No,No,No,No,2 year,Yes,Electronic check,82.15,4904.85,No
6250-CGGUN,f,0,Yes,No,54.0,Yes,No,dsl,Yes,No,Yes,Yes,No,No,Month-to-Month,No,Electronic check,84.4,4484.05,No
5478-JJVZK,FEMALE,0,no,No,33.0,Yes,Yes,DSL,Yes,Yes,No,No,No,No,Month-to-Month,,Mailed check,60.9,,No
7596-IIWYC,Male,0,y,No,27.0,Yes,No,fiber,No internet service,No internet service,No internet service,No internet service,No internet service,No internet service,month to month,,Bank transfer (automatic),20.25,,No
6567-HOOPW,m,1,n,No,1.0,Yes,No,DSL,No,No,No,No,Yes,No,2 Year,Yes,Electronic check,79.2,79.2,Yes
9793-WECQC,FEMALE,0,n,No,,Yes,No,DSL,No,Yes,No,No,Yes,Yes,Month-to-Month,,Mailed check,95.3,2192.9,No
4291-HPAXL,Male,0,Yes,Yes,1.0,Yes,No,DSL,No internet service,No internet service,No internet service,No internet service,No internet service,No internet service,month to month,No,Mailed check,19.85,19.85,No
8999-YPYBV,f,0,n,Yes,45.0,Yes,No,Dsl,Yes,Yes,Yes,Yes,Yes,Yes,1 Year,Yes,Mailed check,84.35,3858.05,No
1839-FBNFR,Female,0,No,Yes,39.0,Yes,No,Dsl,No internet service,No internet service,No internet service,No internet service,No internet service,No internet service,Month-to-Month,,Bank transfer (automatic),19.85,,No
3164-AALRN,Male,0,y,No,5.0,Yes,No,dsl,No,No,Yes,No,Yes,Yes,month to month,Yes,Mailed check,70.0,347.4,Yes
3071-MVJCD,Male,0,NO,Yes,72.0,Yes,Yes,fiber,Yes,Yes,Yes,Yes,Yes,No,1 Year,No,Bank transfer (automatic),82.3,5815.15,No
1697-BCSHV,Male,0,y,Yes,58.0,Yes,Yes,fiber,No,Yes,No,No,Yes,No,month to month,Yes,Bank transfer (automatic),66.8,3970.4,No
0562-KBDVM,fe male,0,YES,No,70.0,No,No phone service,Dsl,Yes,Yes,Yes,Yes,No,No,1 Year,Yes,Bank transfer (automatic),44.6,3058.15,No
1131-SUEKT,Male,0,n,Yes,61.0,Yes,No,fiber optic,No,Yes,No,Yes,Yes,Yes,1 Year,Yes,Bank transfer (automatic),98.45,6145.2,No
3717-OEAUQ,Female,0,Yes,No,2.0,Yes,No,fiber,No,No,No,No,No,No,2 year,No,Mailed check,70.7,129.2,No
4538-WNTMJ,Male,0,n,Yes,46.0,Yes,Yes,DSL,No internet service,No internet service,No internet service,No internet service,No internet service,No internet service,2 year,No,Mailed check,24.95,1165.9,No
3334-CTHOL,Male,0,No,No,1.0,Yes,Yes,dsl,No,No,No,No,No,No,1 Year,Yes,Bank transfer (automatic),49.95,49.95,Yes
4704-ERYFC,Male,0,y,No,22.0,Yes,No,Dsl,No,No,No,No,No,No,1 Year,Yes,Electronic check,69.25,1554,Yes
9432-RUVSL,f,0,y,No,48.0,Yes,No,dsl,Yes,No,Yes,Yes,Yes,Yes,2 Year,,Credit card (automatic),102.5,4904.25,No
8060-HIWJJ,Female,0,n,No,64.0,Yes,Yes,DSL,No,Yes,Yes,Yes,Yes,Yes,One Year,No,Credit card (automatic),86.55,5632.55,No
7684-XSZIY,FEMALE,0,no,Yes,72.0,Yes,Yes,DSL,No internet service,No internet service,No internet service,No internet service,No internet service,No internet service,1 year,No,Bank transfer (automatic),24.3,1643.25,No
9089-UOWJG,m,0,n,Yes,12.0,Yes,No,dsl,No,No,Yes,No,Yes,No,1 Year,Yes,Credit card (automatic),58.35,740.55,No
8621-MNIHH,fe male,1,YES,No,34.0,Yes,Yes,dsl,No,Yes,Yes,No,No,Yes,Two Year,Yes,Electronic check,94.25,3217.55,Yes
8039-ACLPL,f,0,y,Yes,72.0,Yes,No,DSL,Yes,Yes,Yes,No,No,Yes,Month-to-Month,No,Credit card (automatic),68.75,4888.2,No
9885-AIBVB,Female,0,n,No,29.0,Yes,Yes,fiber,No,Yes,Yes,No,No,No,1 Year,Yes,Electronic check,85.8,2440.25,No
1934-MKPXS,fe male,0,YES,Yes,33.0,Yes,No,DSL,No internet service,No internet service,No internet service,No internet service,No internet service,No internet service,month to month,No,Credit card (automatic),20.1,620.55,No
2592-YKDIF,Female,0,no,No,1.0,Yes,No,fiber optic,No internet service,No internet service,No internet service,No internet service,No internet service,No internet service,Month-to-Month,No,Mailed check,20.35,20.35,No
2272-JKMSI,m,0,NO,Yes,62.0,Yes,Yes,Fiberoptic,No,Yes,Yes,Yes,Yes,Yes,Two Year,Yes,Electronic check,110.8,6840.95,No
0471-LVHGK,Female,0,Yes,No,41.0,Yes,Yes,dsl,No,No,Yes,No,Yes,Yes,Month-to-Month,Yes,Electronic check,,3001.2,Yes
9518-RWHZL,Male,0,Yes,No,64.0,Yes,Yes,Dsl,No,No,Yes,No,Yes,Yes,month to month,Yes,Credit card (automatic),100.05,6254.2,Yes
8714-CTZJW,fe male,0,y,No,4.0,Yes,No,dsl,No,No,Yes,No,No,Yes,2 year,Yes,Credit card (automatic),82.85,319.6,No
3569-EDBPQ,f,0,Yes,No,24.0,Yes,Yes,Fiberoptic,Yes,No,No,Yes,No,No,One Year,Yes,Electronic check,84.35,1938.05,No
3131-NWVFJ,Male,0,n,Yes,14.0,Yes,No,Dsl,No internet service,No internet service,No internet service,No internet service,No internet service,No internet service,2 Year,No,Mailed check,19.55,294.5,No
7521-YXVZY,Male,0,Yes,Yes,3.0,Yes,No,Fiberoptic,No internet service,No internet service,No internet service,No internet service,No internet service,No internet service,Two Year,No,Mailed check,,58.3,No
5419-CONWX,Male,1,YES,No,4.0,Yes,No,Dsl,No,Yes,Yes,No,Yes,Yes,1 Year,Yes,Credit card (automatic),99.8,442.85,Yes
6240-EURKS,f,0,Yes,,18.0,No,No phone service,DSL,No,No,No,No,No,Yes,1 year,Yes,Electronic check,35.0,553,Yes
2373-NTKOD,fe male,0,y,,8.0,Yes,No,Dsl,No,No,No,No,Yes,Yes,month to month,Yes,Electronic check,66.25,546.45,No
1970-KKFWL,f,0,Yes,No,,Yes,Yes,dsl,No internet service,No internet service,No internet service,No internet service,No internet service,No internet service,1 year,No,Bank transfer (automatic),23.3,797.1,No
6960-HVYXR,Female,0,no,No,1.0,Yes,Yes,fiber,No,No,No,No,No,No,2 year,No,Electronic check,76.0,76,Yes
9337-SRRNI,Male,0,YES,Yes,66.0,Yes,Yes,fiber,No internet service,No internet service,No internet service,No internet service,No internet service,No internet service,2 year,Yes,Credit card (automatic),25.3,,No
0895-UADGO,Female,0,no,Yes,8.0,No,No phone service,fiber,Yes,No,No,Yes,No,Yes,2 year,Yes,Mailed check,44.55,343.45,No
5678-VFNEQ,fe male,0,YES,No,,Yes,Yes,fiber optic,Yes,No,Yes,No,Yes,Yes,Two Year,Yes,Credit card (automatic),104.1,7412.25,No
5977-CKHON,FEMALE,0,Yes,Yes,43.0,Yes,Yes,Fiber Optic,No,No,Yes,No,No,Yes,month to month,Yes,Bank transfer (automatic),92.55,4039,No
7024-OHCCK,Male,1,Yes,No,2.0,Yes,Yes,Fiber Optic,No,No,No,No,Yes,Yes,2 Year,Yes,Electronic check,93.85,170.85,Yes
2692-BUCFV,fe male,1,YES,No,29.0,Yes,No,fiber,No,Yes,Yes,No,Yes,Yes,1 Year,Yes,Bank transfer (automatic),101.45,2948.6,No
7861-UVUFT,fe male,0,Yes,No,15.0,Yes,No,fiber,No,No,Yes,No,Yes,No,Month-to-Month,Yes,Electronic check,84.3,1308.4,Yes
1830-GGFNM,FEMALE,0,no,Yes,65.0,Yes,Yes,Fiber Optic,Yes,Yes,Yes,Yes,No,No,2 Year,No,Credit card (automatic),94.55,6078.75,No
5302-BDJNT,f,0,Yes,No,35.0,Yes,Yes,Dsl,No,No,Yes,Yes,Yes,No,Two Year,No,Electronic check,95.5,3418.2,No
5223-UZAVK,m,0,no,No,64.0,Yes,No,Fiberoptic,Yes,Yes,No,No,Yes,Yes,Month-to-Month,Yes,Credit card (automatic),100.3,,No
4859-ZSRDZ,Male,0,no,Yes,58.0,No,No phone service,DSL,No,No,Yes,Yes,Yes,Yes,1 year,Yes,Credit card (automatic),55.5,3166.9,No
5651-WYIPH,m,1,Yes,No,18.0,Yes,No,Dsl,No,Yes,No,No,No,No,2 Year,Yes,Credit card (automatic),49.85,865.75,No
9350-VLHMB,m,0,Yes,Yes,67.0,Yes,Yes,fiber optic,No,Yes,No,No,No,Yes,1 year,Yes,Bank transfer (automatic),89.55,6373.1,No
3498-LZGQZ,FEMALE,0,no,Yes,63.0,Yes,No,Fiberoptic,No internet service,No internet service,No internet service,No internet service,No internet service,No internet service,2 year,Yes,Mailed check,19.15,1177.05,No
8785-CJSHH,fe male,0,y,,60.0,Yes,Yes,fiber,No,Yes,No,No,Yes,Yes,2 Year,Yes,Electronic check,99.8,5985.75,No
5357-TZHPP,Female,1,n,No,9.0,Yes,Yes,Fiber Optic,No,No,No,No,No,Yes,2 year,Yes,Credit card (automatic),84.4,732.5,Yes
3870-SPZSI,Male,0,y,Yes,70.0,Yes,Yes,dsl,Yes,Yes,Yes,Yes,Yes,Yes,1 Year,Yes,Credit card (automatic),113.05,7869.05,No
0680-DFNNY,Female,0,n,No,15.0,Yes,Yes,Fiberoptic,No,No,Yes,No,Yes,Yes,1 year,Yes,Electronic check,101.1,,Yes
7560-QRBXH,m,0,Yes,Yes,48.0,Yes,No,dsl,No internet service,No internet service,No internet service,No internet service,No internet service,No internet service,month to month,No,Mailed check,19.95,936.7,No
7077-XJMET,f,0,YES,No,12.0,Yes,No,fiber,No,No,Yes,Yes,Yes,Yes,1 Year,Yes,Electronic check,74.15,741.4,No
8752-GHJFU,Male,1,NO,No,71.0,Yes,Yes,fiber,Yes,Yes,Yes,Yes,No,No,1 Year,Yes,Electronic check,92.0,6585.2,No
6896-SRVYQ,m,1,no,No,44.0,Yes,No,fiber optic,No,No,Yes,No,No,No,One Year,No,Electronic check,73.85,3122.4,No
7767-UXAGJ,Male,0,NO,No,1.0,Yes,Yes,DSL,No,No,No,No,No,No,2 Year,Yes,Electronic check,50.45,,Yes
4652-ODEVH,FEMALE,0,No,,45.0,Yes,Yes,fiber optic,No internet service,No internet service,No internet service,No internet service,No internet service,No internet service,1 Year,No,Mailed check,24.45,1088.25,No
6510-UPNKS,Male,0,Yes,No,23.0,Yes,Yes,Dsl,No internet service,No internet service,No internet service,No internet service,No internet service,No internet service,1 year,No,Credit card (automatic),24.8,615.35,No
6718-BDGHG,m,0,No,No,43.0,Yes,Yes,Fiberoptic,No,No,No,Yes,Yes,No,1 Year,Yes,Bank transfer (automatic),,2908.2,No
9046-DQMTP,fe male,0,no,No,35.0,Yes,No,dsl,No internet service,No internet service,No internet service,No internet service,No internet service,No internet service,1 year,No,Bank transfer (automatic),20.75,739.9,No
6439-LAJXL,Female,0,no,No,9.0,Yes,No,Fiberoptic,Yes,Yes,No,Yes,Yes,No,2 Year,Yes,Mailed check,68.95,593.85,No
1571-SAVHK,Male,0,y,No,12.0,Yes,Yes,Fiberoptic,No,No,No,Yes,Yes,Yes,1 year,Yes,Mailed check,99.95,1132.75,Yes
9052-VKDUW,Male,1,No,No,65.0,Yes,Yes,fiber optic,Yes,Yes,Yes,No,Yes,Yes,2 year,Yes,Credit card (automatic),109.4,7227.45,No
9546-CQJSU,f,0,Yes,No,2.0,Yes,Yes,DSL,No,No,Yes,No,Yes,No,Month-to-Month,Yes,Electronic check,91.4,193.6,Yes
1666-JZPZT,Male,0,y,No,27.0,Yes,Yes,dsl,No,No,No,No,No,No,Two Year,No,Mailed check,49.0,1291.35,No
5777-KJIRB,m,0,no,No,40.0,Yes,No,fiber optic,No,No,Yes,No,No,No,month to month,Yes,Mailed check,50.25,2023.55,No
0506-LVNGN,Male,1,no,No,5.0,Yes,No,Fiber Optic,No,No,Yes,No,No,No,Month-to-Month,Yes,Credit card (automatic),75.55,349.65,Yes
7677-SJJJK,fe male,0,n,Yes,8.0,Yes,No,fiber optic,No internet service,No internet service,No internet service,No internet service,No internet service,No internet service,1 Year,No,Credit card (automatic),19.9,153.95,No
2480-EJWYP,Female,1,YES,No,58.0,Yes,Yes,Fiberoptic,No,Yes,No,No,Yes,Yes,1 year,Yes,Bank transfer (automatic),97.8,5458.8,No
3253-HKOKL,Male,0,y,Yes,52.0,Yes,No,DSL,Yes,No,Yes,No,Yes,Yes,One Year,No,Electronic check,100.3,5244.45,No
7055-HNEOJ,FEMALE,0,YES,No,3.0,Yes,No,Fiberoptic,No,No,Yes,Yes,No,No,Two Year,Yes,Mailed check,55.8,154.55,No
5514-YQENT,Male,0,y,Yes,41.0,Yes,No,dsl,Yes,Yes,Yes,Yes,Yes,Yes,One Year,,Electronic check,111.15,4507.15,No
3211-AAPKX,f,0,NO,No,20.0,Yes,Yes,fiber optic,No,No,No,Yes,Yes,Yes,2 Year,Yes,Mailed check,98.55,2031.95,No
8445-DNBAE,f,0,y,Yes,1.0,Yes,Yes,DSL,No,No,No,No,No,No,2 year,Yes,Electronic check,50.05,50.05,No
2951-QOQTK,f,0,NO,Yes,,Yes,Yes,fiber,No,No,No,Yes,No,No,2 Year,No,Credit card (automatic),80.8,332.45,Yes
2958-NHPPS,fe male,0,y,No,23.0,Yes,No,fiber,No internet service,No internet service,No internet service,No internet service,No internet service,No internet service,1 year,No,Electronic check,20.85,473.9,No
6806-YDEUL,fe male,1,y,No,6.0,Yes,No,Dsl,No internet service,No internet service,No internet service,No internet service,No internet service,No internet service,month to month,No,Bank transfer (automatic),19.5,106.8,No
1735-XMJVH,f,0,Yes,Yes,8.0,Yes,No,fiber optic,No internet service,No internet service,No internet service,No internet service,No internet service,No internet service,1 Year,Yes,Mailed check,19.35,152.6,No
6890-PFRQX,Male,0,y,No,18.0,Yes,Yes,Fiber Optic,Yes,No,Yes,No,Yes,No,1 Year,No,Mailed check,69.5,,No
0222-CNVPT,Male,1,n,No,52.0,No,No phone service,fiber,Yes,No,No,No,Yes,Yes,One Year,Yes,Credit card (automatic),48.8,2555.05,No
5899-OUVKV,Male,0,n,No,31.0,Yes,No,fiber optic,No,Yes,No,No,Yes,Yes,2 Year,Yes,Electronic check,94.5,2979.2,No
8681-ICONS,Male,0,n,Yes,29.0,Yes,No,dsl,No internet service,No internet service,No internet service,No internet service,No internet service,No internet service,1 Year,Yes,Mailed check,20.65,,No
1621-YNCJH,Male,0,Yes,No,36.0,Yes,Yes,Dsl,Yes,Yes,Yes,Yes,No,Yes,Month-to-Month,Yes,Credit card (automatic),106.05,3834.4,No
3473-XIIIT,FEMALE,0,No,No,16.0,Yes,Yes,Fiber Optic,No,Yes,No,No,Yes,Yes,1 year,Yes,Electronic check,100.0,1534.75,Yes
6362-QHAFM,Male,0,no,No,42.0,Yes,Yes,Fiberoptic,No,No,Yes,Yes,Yes,Yes,2 Year,Yes,Electronic check,,4586.15,No
7893-IXHRQ,m,0,Yes,No,1.0,Yes,No,Fiber Optic,No internet service,No internet service,No internet service,No internet service,No internet service,No internet service,1 Year,No,Electronic check,20.55,,Yes
3070-BDOQC,m,0,n,No,60.0,Yes,No,dsl,No,Yes,Yes,No,Yes,Yes,2 Year,Yes,Electronic check,99.65,5941.05,No
2952-QAYZF,Male,0,Yes,No,5.0,Yes,Yes,fiber,No,Yes,Yes,No,No,No,month to month,Yes,Electronic check,85.3,,Yes
6234-PFPXL,FEMALE,0,y,No,22.0,Yes,Yes,Fiber Optic,Yes,No,No,Yes,Yes,No,1 year,No,Credit card (automatic),95.9,,No
9824-QCJPK,m,0,Yes,No,36.0,Yes,No,Dsl,No internet service,No internet service,No internet service,No internet service,No internet service,No internet service,month to month,,Mailed check,20.0,666.75,No
4763-PGDPO,fe male,0,YES,No,4.0,Yes,No,dsl,No,No,No,No,No,No,month to month,No,Electronic check,70.4,,Yes
4283-IVYCI,m,0,NO,No,9.0,Yes,No,Fiberoptic,Yes,No,No,Yes,No,Yes,2 year,No,Mailed check,64.95,547.8,No
1866-OBPNR,fe male,0,n,Yes,1.0,Yes,No,Fiberoptic,No,Yes,No,No,No,No,month to month,No,Credit card (automatic),74.6,74.6,No
8205-MQUGY,FEMALE,0,No,Yes,12.0,Yes,No,fiber,Yes,No,No,No,No,No,2 Year,Yes,Electronic check,49.2,,No
8970-ANWXO,FEMALE,0,YES,No,,Yes,Yes,DSL,No,No,No,Yes,Yes,Yes,1 year,Yes,Mailed check,73.75,1756.6,No
9480-BQJEI,Male,0,y,No,62.0,Yes,Yes,Fiberoptic,Yes,Yes,No,No,No,Yes,month to month,Yes,Bank transfer (automatic),92.3,5731.45,No
5394-SVGJV,m,0,No,No,37.0,Yes,Yes,fiber,No,No,No,Yes,Yes,Yes,1 Year,No,Bank transfer (automatic),98.8,3475.55,Yes
6979-TNDEU,Male,0,y,No,8.0,Yes,No,fiber,No internet service,No internet service,No internet service,No internet service,No internet service,No internet service,2 year,No,Mailed check,19.2,,No
9777-WJJPR,f,0,No,No,31.0,Yes,Yes,dsl,No,No,Yes,No,Yes,No,month to month,No,Credit card (automatic),88.65,2683.2,No
9283-LZQOH,f,0,no,Yes,13.0,Yes,Yes,dsl,No,No,No,No,No,No,1 Year,Yes,Credit card (automatic),74.4,896.75,Yes
7079-QRCBC,FEMALE,0,No,No,24.0,Yes,Yes,fiber optic,No,No,Yes,No,Yes,Yes,month to month,Yes,Electronic check,98.75,2407.3,Yes
9495-SKLKD,fe male,0,NO,Yes,45.0,Yes,Yes,dsl,No,Yes,Yes,No,No,Yes,2 Year,Yes,Bank transfer (automatic),95.95,4456.65,No
6048-UWKAL,Female,1,y,No,69.0,Yes,Yes,Dsl,No,Yes,No,Yes,Yes,Yes,2 year,No,Credit card (automatic),105.4,,No
5067-DGXLL,m,0,NO,No,2.0,Yes,No,Dsl,No internet service,No internet service,No internet service,No internet service,No internet service,No internet service,One Year,No,Mailed check,20.25,36.8,No
5469-CTCWN,FEMALE,0,y,Yes,61.0,Yes,Yes,fiber optic,Yes,Yes,No,No,Yes,Yes,Month-to-Month,Yes,Electronic check,,6547.7,Yes
9851-QXEEQ,fe male,0,YES,No,41.0,Yes,Yes,Dsl,No,Yes,Yes,No,Yes,Yes,1 Year,Yes,Electronic check,104.7,4346.4,Yes
6281-FKEWS,Male,0,Yes,No,44.0,No,No phone service,fiber optic,No,No,Yes,No,Yes,Yes,Month-to-Month,Yes,Electronic check,49.05,2265,No
8898-KASCD,Female,0,no,No,39.0,No,No phone service,Dsl,No,No,Yes,Yes,No,No,month to month,No,Mailed check,35.55,1309.15,No
9242-TKFSV,Male,0,Yes,Yes,72.0,No,No phone service,fiber,Yes,Yes,Yes,Yes,Yes,Yes,2 year,Yes,Credit card (automatic),65.1,4754.3,No
9290-SHCMB,m,1,NO,No,13.0,Yes,No,Dsl,No,No,Yes,No,Yes,Yes,Two Year,Yes,Electronic check,96.85,1235.55,No
0743-HNPFG,Male,0,NO,Yes,51.0,Yes,No,fiber,Yes,Yes,No,Yes,No,Yes,2 year,Yes,Credit card (automatic),69.75,3562.5,No
2277-BKJKN,m,1,Yes,No,71.0,Yes,No,Fiber Optic,No,Yes,Yes,No,Yes,Yes,2 Year,Yes,Electronic check,99.2,7213.75,No
9809-IMGCQ,f,1,No,No,22.0,Yes,Yes,dsl,No,No,No,No,Yes,Yes,Month-to-Month,Yes,Electronic check,96.7,2082.95,Yes
5208-HFSBT,FEMALE,0,Yes,No,2.0,Yes,No,DSL,No,Yes,No,Yes,No,No,Two Year,Yes,Credit card (automatic),55.05,102.75,Yes
5035-PGZXH,FEMALE,0,y,No,56.0,Yes,Yes,fiber,No,Yes,Yes,No,Yes,Yes,month to month,Yes,Electronic check,106.8,5914.4,No
8695-WDYEA,FEMALE,0,n,No,1.0,Yes,No,Fiberoptic,Yes,No,No,No,No,No,1 Year,No,Mailed check,51.25,51.25,No
6543-JXSOO,m,0,Yes,Yes,23.0,Yes,No,Dsl,Yes,Yes,No,Yes,No,No,Month-to-Month,,Mailed check,57.75,1282.85,No
8016-ZMGMO,Female,1,Yes,No,66.0,Yes,Yes,Dsl,No,Yes,Yes,No,Yes,No,2 year,Yes,Bank transfer (automatic),,4738.85,No
8605-ITULD,Male,0,n,No,1.0,Yes,No,dsl,No internet service,No internet service,No internet service,No internet service,No internet service,No internet service,month to month,No,Mailed check,19.55,19.55,No
3254-YRILK,Male,1,No,No,19.0,Yes,Yes,dsl,No,Yes,No,No,Yes,No,2 Year,Yes,Electronic check,88.2,1775.8,Yes
6416-YJTTB,FEMALE,0,No,No,11.0,Yes,No,fiber optic,Yes,No,Yes,No,No,No,One Year,Yes,Bank transfer (automatic),79.5,795.65,No
2667-WYLWJ,fe male,0,y,Yes,8.0,Yes,No,Dsl,No internet service,No internet service,No internet service,No internet service,No internet service,No internet service,1 year,Yes,Mailed check,19.75,,Yes
4472-VESGY,m,0,NO,Yes,52.0,Yes,Yes,DSL,Yes,Yes,Yes,No,No,Yes,Month-to-Month,No,Bank transfer (automatic),98.15,4993.4,No
3195-TQDZX,fe male,0,No,No,3.0,Yes,No,dsl,No internet service,No internet service,No internet service,No internet service,No internet service,No internet service,1 year,Yes,Electronic check,20.25,61.45,No
3128-YOVTD,FEMALE,0,n,Yes,51.0,Yes,No,fiber optic,Yes,Yes,No,No,No,No,Two Year,Yes,Bank transfer (automatic),79.15,,No
0529-ONKER,Male,1,y,No,15.0,Yes,Yes,Fiberoptic,No,No,No,No,No,No,Two Year,No,Electronic check,75.65,1146.65,Yes
1728-CXQBE,Male,1,y,No,64.0,Yes,Yes,fiber optic,No,Yes,Yes,No,No,Yes,2 Year,Yes,Electronic check,94.25,6081.4,No
7041-TXQJH,Female,0,y,No,37.0,No,No phone service,DSL,No,No,Yes,No,No,Yes,2 year,,Credit card (automatic),40.2,1478.85,No
5014-GSOUQ,f,0,No,No,13.0,Yes,No,DSL,No internet service,No internet service,No internet service,No internet service,No internet service,No internet service,One Year,No,Mailed check,19.95,243.65,No
5724-BIDBU,Female,0,YES,No,49.0,Yes,Yes,Fiber Optic,Yes,No,No,No,No,No,1 Year,Yes,Electronic check,55.35,2633.95,No
0481-SUMCB,fe male,1,y,,45.0,Yes,Yes,Dsl,No,No,Yes,No,Yes,Yes,1 Year,Yes,Bank transfer (automatic),102.15,4735.35,No
1769-GRUIK,f,0,YES,No,18.0,Yes,No,DSL,No,No,No,No,No,No,Month-to-Month,Yes,Electronic check,71.1,1247.75,No
5240-IJOQT,fe male,1,n,No,1.0,Yes,Yes,fiber,No,No,No,No,No,No,2 year,Yes,Electronic check,74.7,,Yes
8819-WFGGJ,fe male,0,Yes,No,68.0,No,No phone service,fiber optic,Yes,No,Yes,No,Yes,Yes,2 Year,Yes,Bank transfer (automatic),54.1,3794.5,No
7427-AUFPY,FEMALE,0,Yes,No,54.0,Yes,No,Fiberoptic,No internet service,No internet service,No internet service,No internet service,No internet service,No internet service,1 Year,No,Credit card (automatic),19.65,1008.7,No
2811-POVEX,Male,1,YES,Yes,23.0,Yes,No,dsl,No,Yes,Yes,No,No,Yes,One Year,Yes,Bank transfer (automatic),88.45,2130.55,No
1092-GANHU,Female,0,y,No,17.0,Yes,No,Fiber Optic,No,No,Yes,No,No,No,Month-to-Month,Yes,Electronic check,76.65,1313.55,Yes
7898-PDWQE,Female,0,y,No,71.0,Yes,Yes,Fiberoptic,Yes,Yes,Yes,Yes,No,Yes,2 Year,No,Credit card (automatic),80.4,5727.15,No
9972-EWRJS,Male,0,Yes,Yes,67.0,Yes,No,dsl,No internet service,No internet service,No internet service,No internet service,No internet service,No internet service,Month-to-Month,Yes,Bank transfer (automatic),19.25,1372.9,No
9314-IJWSQ,Female,0,No,Yes,14.0,Yes,Yes,Fiber Optic,No,No,No,No,Yes,No,month to month,Yes,Electronic check,84.8,1203.9,No
0661-XEYAN,Female,1,Yes,No,1.0,No,No phone service,DSL,No,No,No,No,No,No,Month-to-Month,Yes,Mailed check,25.8,25.8,Yes
5799-JRCZO,f,0,YES,Yes,63.0,Yes,No,Dsl,No internet service,No internet service,No internet service,No internet service,No internet service,No internet service,month to month,No,Credit card (automatic),19.5,1215.1,No
1921-KYSAY,Female,0,YES,No,41.0,Yes,Yes,Fiberoptic,No,No,Yes,Yes,No,Yes,Month-to-Month,Yes,Electronic check,68.6,2877.05,No
6198-RTPMF,f,0,Yes,No,17.0,Yes,Yes,Dsl,No,No,No,No,Yes,Yes,Month-to-Month,No,Electronic check,92.6,1579.7,No
2924-KHUVI,fe male,0,Yes,No,56.0,Yes,Yes,Dsl,Yes,No,No,No,Yes,Yes,1 Year,Yes,Electronic check,100.55,5514.95,No
1925-GMVBW,m,0,No,No,5.0,Yes,No,dsl,No internet service,No internet service,No internet service,No internet service,No internet service,No internet service,1 year,No,Credit card (automatic),20.55,96.1,No
7881-EVUAD,fe male,0,no,No,2.0,No,No phone service,Fiber Optic,Yes,Yes,No,No,No,Yes,1 Year,Yes,Electronic check,42.6,72.4,Yes
6184-DYUOB,Male,0,YES,No,3.0,Yes,No,Fiberoptic,No internet service,No internet service,No internet service,No internet service,No internet service,No internet service,2 Year,Yes,Mailed check,19.6,55.25,No
9207-ZPANB,Female,0,YES,No,37.0,Yes,Yes,fiber,Yes,Yes,Yes,Yes,No,No,2 year,,Electronic check,67.45,2443.3,No
5766-XQXMQ,fe male,0,NO,No,29.0,Yes,No,fiber optic,Yes,Yes,Yes,No,No,Yes,1 Year,Yes,Bank transfer (automatic),68.85,1970.5,Yes
9327-QSDED,m,0,Yes,,8.0,Yes,No,DSL,No,No,No,No,No,No,2 Year,No,Mailed check,43.55,335.4,No
1656-DRSMG,Female,0,n,No,63.0,Yes,Yes,Dsl,No,Yes,Yes,Yes,Yes,Yes,2 year,Yes,Credit card (automatic),109.85,7002.95,No
3012-VFFMN,Male,0,Yes,Yes,7.0,Yes,No,fiber optic,No internet service,No internet service,No internet service,No internet service,No internet service,No internet service,Two Year,No,Mailed check,20.65,158.95,No
2984-AFWNC,Male,0,Yes,No,3.0,Yes,No,Fiberoptic,No,Yes,No,No,Yes,Yes,1 year,No,Electronic check,95.4,293.15,No
0640-YJTPY,fe male,0,NO,Yes,72.0,Yes,No,fiber optic,No internet service,No internet service,No internet service,No internet service,No internet service,No internet service,Two Year,No,Bank transfer (automatic),21.0,1493.75,No
8096-LOIST,Male,0,NO,No,19.0,Yes,No,Fiber Optic,No,No,No,No,No,Yes,1 Year,Yes,Electronic check,56.2,1093.4,No
9764-REAFF,m,0,No,No,59.0,Yes,No,fiber optic,No internet service,No internet service,No internet service,No internet service,No internet service,No internet service,month to month,No,Bank transfer (automatic),18.4,1057.85,No
3703-VAVCL,FEMALE,0,no,Yes,2.0,Yes,No,Fiberoptic,No,No,Yes,Yes,No,Yes,1 year,No,Credit card (automatic),90.0,190.05,Yes
7107-UBYKY,m,0,NO,Yes,35.0,Yes,Yes,DSL,No internet service,No internet service,No internet service,No internet service,No internet service,No internet service,2 Year,Yes,Electronic check,25.75,882.55,No
4881-GQJTW,m,0,y,No,14.0,Yes,No,Fiber Optic,No internet service,No internet service,No internet service,No internet service,No internet service,No internet service,2 Year,No,Credit card (automatic),19.6,300.4,No
8519-QJGJD,fe male,0,n,No,14.0,Yes,No,DSL,No,No,Yes,No,No,No,1 year,No,Electronic check,75.35,1025.95,Yes
7876-DNYAP,fe male,0,NO,Yes,69.0,Yes,No,DSL,No internet service,No internet service,No internet service,No internet service,No internet service,No internet service,month to month,No,Credit card (automatic),19.8,1436.95,No
7905-NJMXS,Male,1,No,No,7.0,Yes,Yes,fiber optic,Yes,Yes,No,Yes,No,No,1 Year,No,Electronic check,64.2,475,No
2882-WDTBA,f,0,Yes,Yes,69.0,Yes,No,fiber,Yes,Yes,Yes,Yes,Yes,No,1 year,Yes,Bank transfer (automatic),75.75,5388.15,No
2091-GPPIQ,FEMALE,0,y,Yes,72.0,Yes,Yes,dsl,No,Yes,No,Yes,Yes,Yes,1 year,,Electronic check,78.95,5730.15,No
6326-MTTXK,fe male,0,y,No,8.0,Yes,Yes,fiber optic,No,Yes,No,No,Yes,Yes,Month-to-Month,No,Electronic check,100.85,819.55,Yes
5071-FBJFS,FEMALE,0,No,Yes,4.0,Yes,No,Fiberoptic,Yes,No,No,No,No,No,month to month,No,Electronic check,50.3,217.1,No
2796-UUZZO,m,0,Yes,Yes,63.0,Yes,No,dsl,No,Yes,Yes,No,No,No,One Year,Yes,Credit card (automatic),80.3,4896.35,No
2429-AYKKO,f,0,No,No,72.0,Yes,No,Dsl,No internet service,No internet service,No internet service,No internet service,No internet service,No internet service,2 Year,No,Bank transfer (automatic),19.85,1434.1,No
9798-OPFEM,Female,0,Yes,No,46.0,Yes,No,fiber,No internet service,No internet service,No internet service,No internet service,No internet service,No internet service,Two Year,Yes,Electronic check,21.1,937.1,No
0330-IVZHA,f,0,No,No,5.0,Yes,No,fiber,No,No,No,No,No,No,Month-to-Month,No,Electronic check,69.95,330.15,Yes
3794-NFNCH,Male,0,NO,No,30.0,Yes,No,Fiber Optic,No,No,Yes,No,No,No,2 year,Yes,Mailed check,50.0,1474.9,No
5193-QLVZB,Female,0,YES,No,63.0,Yes,Yes,Fiberoptic,No,Yes,Yes,No,Yes,Yes,month to month,Yes,Bank transfer (automatic),104.75,,No
7114-AEOZE,m,0,Yes,No,60.0,Yes,No,Dsl,No internet service,No internet service,No internet service,No internet service,No internet service,No internet service,Month-to-Month,No,Bank transfer (automatic),19.85,1128.1,No
2886-KEFUM,fe male,0,Yes,No,63.0,Yes,Yes,dsl,No,Yes,Yes,No,Yes,Yes,month to month,Yes,Electronic check,107.5,6873.75,Yes
5522-NYKPB,FEMALE,0,Yes,Yes,25.0,Yes,No,Fiber Optic,No,No,No,Yes,Yes,No,month to month,No,Electronic check,85.9,2199.05,No
4237-RLAQD,m,0,NO,No,1.0,Yes,No,Fiber Optic,No,No,No,No,No,No,One Year,Yes,Mailed check,45.85,45.85,Yes
9957-YODKZ,fe male,1,No,No,6.0,Yes,Yes,Fiber Optic,No,No,Yes,No,No,No,Month-to-Month,Yes,Electronic check,,457.1,No
6518-KZXCB,FEMALE,0,Yes,No,22.0,Yes,Yes,Fiber Optic,No internet service,No internet service,No internet service,No internet service,No internet service,No internet service,month to month,No,Mailed check,25.25,566.5,No
2245-ADZFJ,f,0,y,Yes,31.0,Yes,Yes,Fiberoptic,No,Yes,No,Yes,Yes,Yes,Month-to-Month,No,Bank transfer (automatic),80.55,2471.6,No
7776-QGYJC,Male,0,Yes,Yes,39.0,Yes,No,dsl,No,No,Yes,Yes,No,No,2 year,Yes,Bank transfer (automatic),81.5,3107.3,No
9313-QOLTZ,Female,0,no,No,26.0,Yes,No,fiber optic,No internet service,No internet service,No internet service,No internet service,No internet service,No internet service,1 year,No,Mailed check,,518.3,No
9651-GTSAQ,Male,0,NO,No,53.0,Yes,No,Dsl,Yes,Yes,Yes,No,Yes,Yes,Two Year,Yes,Bank transfer (automatic),106.1,5769.75,Yes
3186-BAXNB,m,0,no,No,1.0,Yes,No,Fiber Optic,No,Yes,No,Yes,Yes,No,1 year,No,Electronic check,91.7,91.7,Yes
4672-FOTSD,fe male,0,no,No,12.0,Yes,Yes,fiber optic,Yes,Yes,No,Yes,No,No,2 year,Yes,Electronic check,67.25,832.3,No
0637-YLETY,Male,0,YES,No,16.0,Yes,Yes,Fiberoptic,No,Yes,Yes,No,No,Yes,Two Year,Yes,Credit card (automatic),95.6,1555.65,Yes
9818-XQCUV,fe male,0,n,No,2.0,Yes,No,Fiber Optic,No internet service,No internet service,No internet service,No internet service,No internet service,No internet service,1 Year,No,Mailed check,20.35,45.3,No
7338-ERIVA,fe male,0,y,Yes,39.0,No,No phone service,Dsl,Yes,No,No,Yes,Yes,No,One Year,No,Bank transfer (automatic),45.05,1790.6,No
1157-BQCUW,Female,0,NO,No,1.0,Yes,Yes,Fiber Optic,No,No,No,No,No,No,1 Year,Yes,Electronic check,74.95,74.95,Yes
8259-NFJTV,Male,0,y,Yes,7.0,No,No phone service,fiber,Yes,No,No,Yes,No,No,2 year,No,Mailed check,34.65,246.6,No
3223-DWFIO,Female,1,n,No,4.0,Yes,No,fiber optic,No,No,No,No,No,No,One Year,No,Electronic check,69.35,261.65,No
2660-EMUBI,f,1,Yes,No,,Yes,Yes,dsl,No,No,No,No,Yes,Yes,2 Year,,Electronic check,95.35,898.35,Yes
6968-GMKPR,FEMALE,0,No,No,55.0,Yes,No,fiber optic,No,Yes,Yes,No,No,No,Two Year,Yes,Electronic check,81.55,4509.5,No
4751-ERMAN,FEMALE,0,no,Yes,72.0,Yes,No,fiber optic,No,Yes,Yes,No,Yes,Yes,2 year,Yes,Bank transfer (automatic),75.4,5480.25,No
1436-ZMJAN,Male,0,No,No,10.0,Yes,No,Fiberoptic,No,No,Yes,No,Yes,Yes,1 Year,Yes,Credit card (automatic),67.8,653.15,No
3292-PBZEJ,Male,1,y,No,11.0,Yes,Yes,fiber optic,No,Yes,Yes,Yes,Yes,Yes,1 Year,Yes,Electronic check,111.4,1183.05,No
0799-DDIHE,Female,0,n,Yes,15.0,Yes,No,fiber optic,No,No,No,No,No,No,One Year,No,Electronic check,46.3,,No
3070-FNFZQ,f,0,n,Yes,23.0,Yes,No,DSL,No internet service,No internet service,No internet service,No internet service,No internet service,No internet service,1 Year,No,Bank transfer (automatic),20.4,478.75,No
2812-SFXMJ,f,0,n,,1.0,Yes,No,Dsl,No internet service,No internet service,No internet service,No internet service,No internet service,No internet service,Two Year,No,Mailed check,20.05,20.05,No
7675-OZCZG,FEMALE,1,y,No,3.0,Yes,No,fiber optic,No,No,No,No,No,No,2 year,No,Electronic check,45.0,127.1,Yes
5014-WUQMG,m,0,no,Yes,47.0,Yes,No,fiber optic,Yes,Yes,Yes,No,No,Yes,Two Year,Yes,Electronic check,96.1,4391.45,No
5312-TSZVC,fe male,0,Yes,Yes,15.0,Yes,No,dsl,No internet service,No internet service,No internet service,No internet service,No internet service,No internet service,2 Year,No,Mailed check,19.65,270.6,No
2003-CKLOR,fe male,0,Yes,No,,Yes,No,Fiber Optic,No,Yes,Yes,No,Yes,Yes,2 year,No,Electronic check,99.5,6710.5,Yes
0993-OSGPT,fe male,1,Yes,No,68.0,Yes,No,Dsl,No,Yes,Yes,Yes,No,No,2 year,Yes,Bank transfer (automatic),60.65,3975.9,No
9254-RBFON,Female,0,No,Yes,17.0,Yes,No,fiber,No,No,Yes,Yes,Yes,Yes,1 Year,No,Bank transfer (automatic),98.6,,Yes
1205-WNWPJ,m,0,No,No,7.0,Yes,No,DSL,No,No,No,Yes,Yes,No,1 year,Yes,Mailed check,59.5,415.95,Yes
9391-EOYLI,FEMALE,1,No,No,,Yes,No,fiber,No,No,No,No,No,Yes,Month-to-Month,Yes,Electronic check,80.45,950.2,Yes
7108-DGVUU,Male,1,no,No,21.0,Yes,Yes,fiber,No,Yes,Yes,No,No,Yes,Two Year,No,Bank transfer (automatic),71.7,1497.05,No
2782-JEEBU,Female,0,n,No,21.0,No,No phone service,Fiber Optic,No,Yes,No,Yes,No,No,2 Year,,Mailed check,36.0,780.15,No
5127-BZENZ,Female,0,y,Yes,,Yes,Yes,Dsl,Yes,No,No,No,Yes,No,1 year,No,Bank transfer (automatic),65.2,3512.15,No
2720-FVBQP,FEMALE,0,no,Yes,6.0,Yes,Yes,fiber optic,No,No,No,No,No,No,2 Year,Yes,Credit card (automatic),48.95,273.25,No
9906-NHHVC,Male,1,n,No,65.0,No,No phone service,Fiber Optic,No,Yes,Yes,No,Yes,Yes,1 Year,Yes,Bank transfer (automatic),53.5,3517.9,No
4522-XRWWI,Female,0,YES,No,42.0,Yes,Yes,fiber,Yes,No,No,Yes,Yes,Yes,month to month,No,Credit card (automatic),80.45,3375.9,No
3766-EJLFL,Female,0,Yes,Yes,68.0,Yes,Yes,fiber optic,Yes,No,Yes,Yes,Yes,Yes,Two Year,Yes,Bank transfer (automatic),109.05,7508.55,No
5939-SXWHM,Male,0,no,Yes,48.0,Yes,Yes,Fiberoptic,No internet service,No internet service,No internet service,No internet service,No internet service,No internet service,month to month,No,Bank transfer (automatic),26.3,1245.05,No
8152-UOBNY,Male,1,YES,No,50.0,Yes,Yes,DSL,No,Yes,No,Yes,Yes,Yes,Month-to-Month,Yes,Electronic check,106.8,5347.95,No
7351-KYHQH,FEMALE,1,Yes,No,7.0,Yes,No,Fiberoptic,No,Yes,Yes,No,Yes,No,One Year,Yes,Electronic check,64.95,493.65,No
7643-RCHXS,m,0,Yes,Yes,63.0,Yes,No,Dsl,No internet service,No internet service,No internet service,No internet service,No internet service,No internet service,1 year,No,Electronic check,19.35,,No
8246-SHFGA,m,0,NO,No,17.0,Yes,No,Fiberoptic,No internet service,No internet service,No internet service,No internet service,No internet service,No internet service,2 Year,No,Credit card (automatic),21.1,385.55,No
8387-MOJJT,m,0,YES,Yes,42.0,Yes,No,dsl,No,No,No,No,Yes,No,2 Year,Yes,Credit card (automatic),77.95,3384,Yes
0620-XEFWH,fe male,0,Yes,Yes,4.0,Yes,No,Fiberoptic,No internet service,No internet service,No internet service,No internet service,No internet service,No internet service,Two Year,No,Mailed check,18.85,84.2,No
6485-QXWWE,FEMALE,0,YES,Yes,62.0,Yes,Yes,fiber,No internet service,No internet service,No internet service,No internet service,No internet service,No internet service,Two Year,No,Bank transfer (automatic),26.0,1638.7,No
2761-OCIAX,fe male,1,Yes,No,2.0,Yes,No,Fiberoptic,No,Yes,No,No,No,No,Two Year,Yes,Electronic check,74.7,165.4,Yes
7321-VGNKU,FEMALE,0,Yes,No,2.0,Yes,No,fiber,No,No,No,No,No,No,Month-to-Month,Yes,Electronic check,70.35,120.25,No
5327-CNLUQ,FEMALE,0,YES,No,48.0,Yes,Yes,Fiberoptic,Yes,Yes,Yes,No,Yes,No,1 Year,Yes,Bank transfer (automatic),96.9,4473.45,No
7552-KEYGT,Female,0,Yes,No,27.0,Yes,No,fiber optic,No internet service,No internet service,No internet service,No internet service,No internet service,No internet service,One Year,,Bank transfer (automatic),19.55,520.55,No
5816-JMLGY,Female,0,Yes,Yes,70.0,Yes,No,dsl,No,Yes,Yes,Yes,Yes,Yes,2 year,Yes,Bank transfer (automatic),80.4,5717.85,No
3068-OMWZA,fe male,1,Yes,No,1.0,Yes,Yes,fiber,No,No,Yes,No,Yes,No,One Year,Yes,Electronic check,88.8,88.8,Yes
2927-QRRQV,fe male,0,YES,No,46.0,Yes,Yes,dsl,No,Yes,Yes,No,Yes,No,Month-to-Month,Yes,Electronic check,94.65,4312.5,No
6032-KRXXO,Male,0,NO,No,30.0,Yes,No,dsl,No,No,No,No,Yes,Yes,One Year,Yes,Electronic check,90.25,2755.35,Yes
7459-RRWQZ,FEMALE,0,n,No,15.0,Yes,Yes,DSL,Yes,No,No,No,No,Yes,One Year,Yes,Bank transfer (automatic),64.65,994.55,Yes
6265-SXWBU,f,0,y,Yes,69.0,Yes,Yes,DSL,No,Yes,Yes,No,Yes,No,Two Year,,Credit card (automatic),95.75,6511.25,No
7941-RCJOW,m,0,Yes,No,,Yes,No,DSL,No internet service,No internet service,No internet service,No internet service,No internet service,No internet service,1 year,Yes,Credit card (automatic),19.55,1218.65,No
6374-NTQLP,fe male,1,no,Yes,72.0,Yes,No,Fiber Optic,Yes,No,Yes,Yes,Yes,Yes,1 year,Yes,Credit card (automatic),104.1,7447.7,No
4154-AQUGT,FEMALE,1,NO,No,13.0,Yes,No,dsl,No,Yes,No,Yes,No,Yes,1 year,Yes,Bank transfer (automatic),89.05,1169.35,Yes
2387-KDZQY,Male,0,Yes,No,17.0,Yes,No,fiber optic,No internet service,No internet service,No internet service,No internet service,No internet service,No internet service,1 Year,Yes,Mailed check,20.1,279.5,No
3584-WKTTW,Male,0,Yes,No,51.0,Yes,Yes,fiber optic,Yes,No,Yes,Yes,Yes,Yes,2 Year,Yes,Electronic check,111.55,5720.35,No
3399-BMLVW,m,0,NO,Yes,51.0,Yes,No,DSL,Yes,Yes,No,Yes,No,No,1 Year,No,Credit card (automatic),60.5,3121.45,No
1971-DTCZB,FEMALE,0,Yes,No,72.0,Yes,Yes,dsl,Yes,Yes,Yes,Yes,Yes,Yes,Month-to-Month,Yes,Bank transfer (automatic),90.95,6468.6,No
3092-IGHWF,Male,0,n,Yes,67.0,Yes,Yes,Dsl,No,Yes,Yes,No,No,No,2 Year,No,Electronic check,87.4,5918.8,Yes
3374-PZLXD,Female,0,NO,No,34.0,Yes,No,Dsl,No internet service,No internet service,No internet service,No internet service,No internet service,No internet service,One Year,No,Mailed check,19.7,675.6,No
3813-DHBBB,Male,0,n,,67.0,No,No phone service,Fiber Optic,Yes,Yes,No,Yes,No,Yes,Month-to-Month,Yes,Bank transfer (automatic),50.95,3521.7,No
2812-REYAT,Male,0,Yes,,49.0,Yes,No,fiber optic,No internet service,No internet service,No internet service,No internet service,No internet service,No internet service,2 Year,Yes,Bank transfer (automatic),,923.1,No
6518-PPLMZ,Male,0,NO,Yes,53.0,Yes,No,Dsl,No internet service,No internet service,No internet service,No internet service,No internet service,No internet service,month to month,Yes,Mailed check,19.4,,No
4939-KYYPY,f,0,Yes,No,27.0,Yes,Yes,Fiber Optic,No,No,Yes,Yes,No,No,2 year,,Electronic check,,1611.65,No
8017-LXHFA,fe male,1,y,No,23.0,Yes,No,fiber optic,No,Yes,No,No,Yes,Yes,month to month,Yes,Electronic check,94.75,2293.6,Yes
5930-GBIWP,Male,0,No,No,69.0,Yes,Yes,fiber,Yes,Yes,Yes,Yes,No,Yes,2 year,,Credit card (automatic),81.5,5553.25,No
6022-KOUQO,fe male,0,No,Yes,2.0,No,No phone service,fiber,No,No,No,Yes,No,No,1 year,No,Bank transfer (automatic),29.05,44.75,No
6352-TWCAU,fe male,0,YES,,35.0,Yes,Yes,Fiberoptic,No,No,No,No,Yes,No,Month-to-Month,Yes,Electronic check,86.45,3029.1,Yes
2361-UPSND,FEMALE,0,Yes,No,46.0,Yes,No,Fiberoptic,Yes,Yes,No,Yes,No,Yes,2 year,No,Mailed check,70.6,3231.05,No
6035-RIIOM,Male,0,No,No,,Yes,Yes,fiber optic,No,Yes,No,No,Yes,Yes,1 year,Yes,Bank transfer (automatic),97.2,5129.45,No
2929-QNSRW,Female,0,no,No,56.0,Yes,Yes,Fiberoptic,No,Yes,No,No,Yes,Yes,month to month,Yes,Electronic check,98.25,5508.35,Yes
1262-OPMFY,m,0,YES,No,9.0,Yes,No,fiber optic,No,No,Yes,No,No,No,1 Year,Yes,Bank transfer (automatic),,655.9,Yes
9504-DSHWM,Male,0,n,No,20.0,Yes,Yes,Dsl,Yes,No,No,Yes,No,No,One Year,No,Bank transfer (automatic),59.2,1191.2,No
5035-BVCXS,Female,0,YES,No,11.0,Yes,No,fiber,No,Yes,No,No,No,No,2 Year,,Mailed check,75.9,866.4,No
6267-DCFFZ,FEMALE,1,No,No,30.0,Yes,Yes,fiber,No,Yes,No,No,Yes,No,Two Year,Yes,Electronic check,90.05,2627.2,No
3533-UVMOM,Male,0,n,No,68.0,Yes,No,DSL,Yes,Yes,Yes,No,No,Yes,2 Year,No,Bank transfer (automatic),70.95,4741.45,No
2439-LYPMQ,Male,1,n,,38.0,Yes,Yes,dsl,No,Yes,Yes,No,Yes,Yes,2 year,Yes,Electronic check,102.6,4009.2,No
4248-QPAVC,fe male,1,Yes,No,17.0,Yes,Yes,fiber,Yes,No,Yes,No,No,No,month to month,Yes,Bank transfer (automatic),85.35,1463.45,Yes
1899-VXWXM,f,0,YES,No,48.0,Yes,Yes,fiber,No,Yes,Yes,No,Yes,Yes,month to month,Yes,Credit card (automatic),106.1,,Yes
1478-VPOAD,Male,0,y,,1.0,Yes,No,Fiber Optic,No,No,No,No,No,No,month to month,No,Electronic check,43.8,43.8,No
9995-HOTOH,Female,0,YES,Yes,63.0,No,No phone service,Fiber Optic,Yes,Yes,Yes,No,Yes,Yes,Month-to-Month,No,Electronic check,59.0,3707.6,No
2988-PLAHS,FEMALE,0,YES,No,3.0,Yes,No,fiber,No,No,Yes,No,Yes,Yes,Month-to-Month,,Electronic check,69.95,220.45,No
1371-OJCEK,f,0,Yes,No,48.0,Yes,Yes,Fiberoptic,No internet service,No internet service,No internet service,No internet service,No internet service,No internet service,Two Year,No,Bank transfer (automatic),24.35,1133.7,No
4999-IEZLT,m,0,no,No,66.0,No,No phone service,Fiberoptic,No,No,No,Yes,No,No,Two Year,No,Credit card (automatic),29.45,1983.15,No
8883-ANODQ,Female,0,n,Yes,,Yes,Yes,fiber,No,Yes,Yes,No,No,No,Two Year,Yes,Credit card (automatic),84.4,5746.75,No
4690-LLKUA,m,1,NO,No,17.0,Yes,No,DSL,No,No,No,No,No,No,2 year,Yes,Electronic check,45.05,770.6,Yes
2351-RRBUE,Male,0,YES,Yes,7.0,Yes,No,fiber,No internet service,No internet service,No internet service,No internet service,No internet service,No internet service,Month-to-Month,No,Mailed check,20.65,134.05,No
5980-BDHPY,fe male,0,no,No,72.0,Yes,Yes,Fiber Optic,Yes,Yes,Yes,Yes,Yes,Yes,One Year,Yes,Bank transfer (automatic),,6230.1,No
1498-DQNRX,Male,0,Yes,No,29.0,Yes,No,fiber,No internet service,No internet service,No internet service,No internet service,No internet service,No internet service,Two Year,No,Mailed check,19.85,573.05,No
9469-WEJBT,Male,0,NO,No,37.0,Yes,No,fiber optic,No,No,Yes,Yes,No,Yes,2 Year,Yes,Electronic check,90.35,3419.3,No
3331-HQDTW,Male,0,YES,No,34.0,Yes,Yes,Fiber Optic,Yes,Yes,Yes,No,Yes,Yes,1 year,Yes,Mailed check,109.8,,Yes
9490-DFPMD,FEMALE,1,NO,No,42.0,Yes,Yes,DSL,No,No,No,No,Yes,No,2 Year,Yes,Electronic check,84.65,3541.35,Yes
2581-VKIRT,f,0,Yes,Yes,59.0,Yes,Yes,DSL,Yes,Yes,No,Yes,No,No,Month-to-Month,No,Mailed check,65.5,3801.3,No
5442-XSDCW,Male,0,Yes,Yes,11.0,Yes,No,Fiberoptic,No,No,No,No,Yes,No,2 Year,Yes,Bank transfer (automatic),79.5,,Yes
7426-WEIJX,m,1,n,Yes,60.0,Yes,Yes,Fiberoptic,Yes,No,No,No,No,No,2 year,Yes,Electronic check,80.95,4859.1,No
2851-MMUTZ,m,0,Yes,No,27.0,Yes,No,Fiberoptic,No,Yes,No,Yes,No,No,2 Year,Yes,Mailed check,56.15,1439.35,No
3049-NDXFL,m,0,Yes,No,1.0,Yes,Yes,fiber optic,No,No,No,No,No,Yes,1 year,No,Mailed check,85.8,85.8,Yes
8580-AECUZ,Male,1,y,No,1.0,Yes,No,Fiberoptic,No,No,No,No,Yes,No,1 Year,Yes,Electronic check,79.1,79.1,Yes
3307-TLCUD,m,0,YES,No,17.0,No,No phone service,Fiberoptic,Yes,No,Yes,No,No,No,Month-to-Month,No,Mailed check,34.4,592.75,No
6625-FLENO,fe male,0,y,No,58.0,Yes,No,Dsl,No internet service,No internet service,No internet service,No internet service,No internet service,No internet service,1 year,No,Mailed check,20.75,1185.95,No
2967-MXRAV,Male,0,n,Yes,1.0,Yes,No,fiber optic,No internet service,No internet service,No internet service,No internet service,No internet service,No internet service,month to month,No,Mailed check,18.8,18.8,No
7963-GQRMY,f,0,YES,Yes,3.0,Yes,No,DSL,No,No,No,No,No,No,1 Year,No,Mailed check,44.3,134.5,Yes
8189-HBVRW,Female,0,YES,No,53.0,Yes,Yes,Fiberoptic,Yes,Yes,Yes,No,No,No,2 Year,No,Electronic check,90.8,4921.2,No
4163-KIUHY,FEMALE,0,No,No,35.0,Yes,Yes,fiber optic,No internet service,No internet service,No internet service,No internet service,No internet service,No internet service,month to month,Yes,Electronic check,25.6,901.25,No
1228-FZFRV,Male,0,n,Yes,50.0,Yes,Yes,fiber,Yes,No,Yes,No,Yes,Yes,1 Year,No,Credit card (automatic),105.95,5341.8,Yes
3500-NSDOA,fe male,0,No,Yes,68.0,Yes,Yes,Fiberoptic,No,Yes,No,Yes,No,Yes,2 Year,No,Credit card (automatic),70.8,4859.95,No
1171-TYKUR,Female,0,n,No,47.0,Yes,Yes,Fiberoptic,No internet service,No internet service,No internet service,No internet service,No internet service,No internet service,month to month,No,Electronic check,25.4,1139.2,No
3761-FLYZI,fe male,1,y,No,65.0,Yes,Yes,Dsl,No,Yes,Yes,No,Yes,Yes,1 year,Yes,Bank transfer (automatic),108.8,7082.45,No
2058-DCJBE,Male,0,Yes,No,5.0,Yes,No,Fiber Optic,No,No,No,No,No,No,Two Year,Yes,Electronic check,69.75,324.6,Yes
5364-XYIRR,Female,0,No,No,51.0,Yes,Yes,DSL,No,No,No,No,Yes,Yes,Month-to-Month,Yes,Electronic check,,4812.75,Yes
4829-AUOAX,Female,0,YES,No,46.0,Yes,Yes,Fiberoptic,No,No,No,No,Yes,Yes,Month-to-Month,,Bank transfer (automatic),96.05,4399.5,Yes
1219-NNDDO,Male,0,No,No,9.0,Yes,Yes,dsl,No,No,No,No,No,No,Month-to-Month,Yes,Electronic check,76.85,663.55,No
8388-DMKAE,FEMALE,0,YES,No,8.0,Yes,No,Fiberoptic,No internet service,No internet service,No internet service,No internet service,No internet service,No internet service,month to month,No,Mailed check,20.25,174.65,No
4403-BWPAY,m,0,YES,No,14.0,Yes,Yes,fiber optic,No internet service,No internet service,No internet service,No internet service,No internet service,No internet service,2 Year,Yes,Credit card (automatic),24.8,321.7,No
9659-QEQSY,fe male,0,YES,No,45.0,Yes,Yes,fiber optic,Yes,Yes,Yes,Yes,Yes,Yes,One Year,Yes,Electronic check,115.65,5125.5,No
5405-ZMYXQ,f,0,n,No,8.0,Yes,Yes,fiber,No,No,No,No,No,No,2 Year,Yes,Credit card (automatic),74.6,548.9,No
5047-LHVLY,m,1,NO,Yes,,Yes,No,DSL,No,No,Yes,No,No,No,month to month,Yes,Mailed check,50.15,50.15,Yes
1442-OKRJE,f,0,y,Yes,66.0,Yes,No,fiber optic,Yes,Yes,Yes,No,Yes,Yes,One Year,Yes,Bank transfer (automatic),103.15,7031.3,No
4737-AQCPU,Male,0,NO,Yes,72.0,Yes,Yes,Fiberoptic,Yes,Yes,Yes,Yes,No,No,2 Year,No,Credit card (automatic),72.1,5016.65,No
9158-VCTQB,f,0,Yes,No,41.0,Yes,Yes,DSL,Yes,Yes,Yes,Yes,Yes,Yes,month to month,Yes,Bank transfer (automatic),113.6,4594.95,Yes
2808-CHTDM,FEMALE,0,n,Yes,23.0,Yes,Yes,Fiber Optic,No internet service,No internet service,No internet service,No internet service,No internet service,No internet service,Two Year,No,Mailed check,25.1,611.45,No
6311-UEUME,fe male,0,No,No,29.0,Yes,No,dsl,No,No,No,No,Yes,No,1 year,Yes,Electronic check,,2384.15,Yes
0793-TWELN,FEMALE,0,YES,No,4.0,Yes,Yes,DSL,Yes,No,No,No,No,No,1 year,Yes,Electronic check,80.15,319.85,No
3283-WCWXT,Male,0,Yes,Yes,6.0,Yes,Yes,Fiberoptic,No internet service,No internet service,No internet service,No internet service,No internet service,No internet service,One Year,No,Mailed check,25.4,,No
1060-ENTOF,Female,1,NO,No,67.0,Yes,Yes,fiber,Yes,Yes,Yes,Yes,No,Yes,2 Year,Yes,Credit card (automatic),105.4,7035.6,No
0999-QXNSA,fe male,1,Yes,Yes,7.0,Yes,No,Fiberoptic,No,No,No,No,No,No,1 year,Yes,Mailed check,45.75,344.2,No
5451-MHQOF,m,0,No,Yes,56.0,Yes,Yes,Fiberoptic,No internet service,No internet service,No internet service,No internet service,No internet service,No internet service,1 Year,Yes,Mailed check,24.45,,No
4836-WNFNO,FEMALE,0,Yes,No,72.0,Yes,Yes,DSL,No internet service,No internet service,No internet service,No internet service,No internet service,No internet service,Month-to-Month,No,Credit card (automatic),,1849.2,No
9225-BZLNZ,f,0,No,No,72.0,Yes,Yes,fiber,Yes,Yes,Yes,No,Yes,Yes,month to month,Yes,Electronic check,85.25,6083.1,No
0354-VXMJC,Male,0,YES,,,Yes,No,dsl,No internet service,No internet service,No internet service,No internet service,No internet service,No internet service,Month-to-Month,No,Credit card (automatic),19.6,426.65,No
4422-QVIJA,fe male,0,Yes,Yes,35.0,Yes,Yes,fiber,No,No,No,No,No,No,One Year,No,Mailed check,50.15,1655.35,No
9365-SRSZE,Female,1,n,No,27.0,Yes,No,fiber optic,No,No,No,No,No,No,2 year,Yes,Electronic check,70.55,1943.9,No
6839-ITVZJ,Male,0,no,Yes,26.0,Yes,Yes,dsl,No,Yes,No,Yes,No,No,1 Year,Yes,Electronic check,,1616.15,Yes
8332-OSJDW,Female,0,Yes,Yes,12.0,Yes,Yes,DSL,No internet service,No internet service,No internet service,No internet service,No internet service,No internet service,month to month,No,Mailed check,26.4,314.95,No
4735-BJKOU,Male,0,Yes,No,40.0,Yes,No,Fiberoptic,No internet service,No internet service,No internet service,No internet service,No internet service,No internet service,Two Year,No,Mailed check,20.15,804.85,No
0274-JKUJR,Male,0,no,Yes,7.0,No,No phone service,fiber,Yes,Yes,Yes,No,Yes,Yes,One Year,No,Mailed check,58.85,465.7,No
5740-YHGTW,Male,0,Yes,Yes,70.0,Yes,Yes,Dsl,Yes,Yes,No,No,Yes,No,2 year,Yes,Credit card (automatic),97.55,6669.05,No
8917-SZTTJ,m,0,n,Yes,60.0,Yes,No,Dsl,No internet service,No internet service,No internet service,No internet service,No internet service,No internet service,2 Year,No,Credit card (automatic),19.65,1161.75,No
1696-MZVAU,Male,0,n,Yes,39.0,No,No phone service,dsl,No,No,No,No,No,No,month to month,Yes,Credit card (automatic),25.25,947.75,No
7359-WWYJV,Male,0,n,No,72.0,Yes,Yes,fiber,Yes,Yes,Yes,Yes,Yes,Yes,Two Year,No,Credit card (automatic),114.45,8375.05,No
0375-HVGXO,fe male,0,Yes,No,1.0,No,No phone service,Dsl,No,No,No,No,Yes,No,2 Year,Yes,Electronic check,34.7,34.7,Yes
4906-ZHGPK,Male,0,n,Yes,54.0,Yes,Yes,Fiberoptic,No,Yes,No,Yes,Yes,No,1 year,Yes,Electronic check,,3770,No
8593-WHYHV,m,0,Yes,No,3.0,Yes,Yes,dsl,No,No,No,No,No,Yes,2 year,Yes,Electronic check,85.3,264.8,Yes
3795-GWTRD,FEMALE,0,Yes,Yes,63.0,Yes,No,fiber optic,Yes,Yes,Yes,Yes,Yes,No,2 Year,No,Credit card (automatic),75.55,4707.85,No
1298-PHBTI,f,0,YES,,71.0,Yes,Yes,dsl,No,Yes,No,Yes,No,No,1 Year,,Electronic check,84.8,6152.4,No
6223-DHJGV,Male,0,No,No,42.0,Yes,No,Fiber Optic,No internet service,No internet service,No internet service,No internet service,No internet service,No internet service,Two Year,Yes,Mailed check,20.65,958.1,No
6961-MJKBO,FEMALE,0,YES,No,47.0,Yes,No,DSL,No internet service,No internet service,No internet service,No internet service,No internet service,No internet service,One Year,No,Bank transfer (automatic),20.45,943,No
6097-EQISJ,Male,0,no,Yes,66.0,Yes,Yes,Dsl,No,Yes,Yes,No,Yes,Yes,2 year,Yes,Credit card (automatic),102.45,6615.15,Yes
4423-YLHDV,Male,0,y,No,21.0,Yes,Yes,fiber,Yes,No,Yes,No,Yes,Yes,2 Year,Yes,Bank transfer (automatic),104.4,2200.25,Yes
8158-WPEZG,fe male,0,NO,,11.0,No,No phone service,Dsl,No,Yes,No,Yes,No,No,2 year,Yes,Electronic check,35.65,425.1,No
0107-YHINA,FEMALE,0,n,Yes,1.0,Yes,Yes,fiber optic,No,No,Yes,No,Yes,Yes,2 year,,Electronic check,99.75,99.75,Yes
4918-FYJNT,Male,1,n,No,55.0,Yes,Yes,fiber optic,No,Yes,Yes,Yes,No,No,1 Year,No,Electronic check,,5044.8,No
0727-BNRLG,fe male,0,Yes,No,69.0,Yes,Yes,fiber,No,Yes,Yes,Yes,Yes,No,Month-to-Month,Yes,Credit card (automatic),97.65,6743.55,No
4854-CIDCF,Male,1,Yes,No,3.0,Yes,No,fiber,No,No,Yes,No,No,No,month to month,No,Electronic check,73.85,196.4,No
8640-SDGKB,Male,0,Yes,No,4.0,Yes,No,fiber,No,No,Yes,Yes,Yes,Yes,One Year,Yes,Electronic check,,299.7,Yes
3280-MRDOF,f,1,Yes,No,30.0,Yes,Yes,Dsl,No,No,Yes,Yes,Yes,No,month to month,Yes,Credit card (automatic),69.1,2093.9,No
6435-SRWBJ,f,0,Yes,No,5.0,Yes,Yes,Fiber Optic,No,No,Yes,Yes,No,No,2 year,Yes,Electronic check,82.75,417.75,No
9964-WBQDJ,Female,0,Yes,No,71.0,Yes,Yes,fiber,No internet service,No internet service,No internet service,No internet service,No internet service,No internet service,1 year,Yes,Credit card (automatic),,1725.4,No
6303-KFWSL,fe male,0,n,No,29.0,Yes,Yes,DSL,No,Yes,No,No,No,No,Two Year,Yes,Electronic check,55.25,1620.2,No
1702-CCFNJ,Male,0,NO,No,52.0,Yes,Yes,fiber,No,Yes,No,Yes,No,No,Two Year,No,Bank transfer (automatic),61.35,3169.55,No
8932-CZHRQ,Female,0,No,No,68.0,Yes,Yes,Fiberoptic,Yes,Yes,Yes,No,No,Yes,1 year,No,Credit card (automatic),76.75,5233.25,No
0386-CWRGM,Male,0,YES,Yes,46.0,Yes,No,fiber,No internet service,No internet service,No internet service,No internet service,No internet service,No internet service,Two Year,,Mailed check,19.4,967.85,No
5515-RUGKN,FEMALE,0,No,No,8.0,Yes,No,Fiberoptic,No,No,No,No,No,Yes,One Year,Yes,Credit card (automatic),54.75,438.05,No
0404-AHASP,Female,0,Yes,No,72.0,Yes,No,DSL,No internet service,No internet service,No internet service,No internet service,No internet service,No internet service,month to month,No,Credit card (automatic),19.7,1421.9,No
7279-NMVJC,fe male,0,y,No,17.0,Yes,No,Fiber Optic,No internet service,No internet service,No internet service,No internet service,No internet service,No internet service,One Year,No,Bank transfer (automatic),19.9,323.15,No
2081-VEYEH,Male,0,n,No,3.0,Yes,No,Fiberoptic,No,Yes,Yes,Yes,Yes,Yes,2 year,Yes,Electronic check,107.95,318.6,No
6407-UTSLV,m,1,n,No,2.0,Yes,No,DSL,No,Yes,No,No,Yes,No,2 Year,Yes,Bank transfer (automatic),83.8,,No
4116-TZAQJ,m,0,No,No,9.0,Yes,No,fiber optic,Yes,No,No,No,No,No,1 Year,Yes,Credit card (automatic),74.25,639.65,Yes
9060-HJJRW,f,0,no,No,51.0,No,No phone service,fiber optic,No,Yes,Yes,No,Yes,Yes,2 year,Yes,Credit card (automatic),56.4,2928.5,No
2587-YNLES,f,0,y,Yes,6.0,Yes,No,Dsl,No internet service,No internet service,No internet service,No internet service,No internet service,No internet service,One Year,No,Mailed check,20.1,,No
7398-SKNQZ,f,0,Yes,No,3.0,Yes,Yes,Fiberoptic,No,No,No,No,Yes,Yes,1 year,No,Electronic check,94.9,273.2,No
5935-FCCNB,m,1,n,No,17.0,Yes,Yes,fiber,No,No,No,No,Yes,Yes,Month-to-Month,Yes,Electronic check,94.2,1608.15,No
1958-RNRKS,fe male,0,Yes,No,30.0,Yes,Yes,fiber,No,No,No,No,No,No,Month-to-Month,No,Electronic check,49.9,,No
5136-RGMZO,Male,0,n,No,31.0,Yes,Yes,Fiberoptic,No,Yes,No,Yes,Yes,No,One Year,Yes,Electronic check,71.05,,No
8345-MVDYC,m,0,n,No,45.0,Yes,No,Fiberoptic,Yes,No,Yes,Yes,Yes,Yes,1 Year,No,Bank transfer (automatic),81.65,3618.7,No
8226-BXGES,m,0,no,No,64.0,Yes,Yes,dsl,Yes,Yes,Yes,No,No,No,2 Year,No,Bank transfer (automatic),89.45,5692.65,No
3877-JRJIP,Male,0,y,No,1.0,Yes,Yes,fiber optic,No,No,No,No,Yes,No,One Year,Yes,Electronic check,59.85,59.85,Yes
8375-DKEBR,FEMALE,1,NO,No,1.0,Yes,No,Fiberoptic,No,No,No,No,No,No,One Year,Yes,Electronic check,69.6,69.6,Yes
9705-IOVQQ,m,1,n,Yes,61.0,Yes,Yes,fiber optic,No,Yes,No,No,Yes,Yes,2 year,No,Electronic check,99.0,5969.3,No
1015-OWJKI,Male,0,Yes,No,1.0,Yes,No,dsl,No internet service,No internet service,No internet service,No internet service,No internet service,No internet service,1 Year,No,Mailed check,19.05,19.05,No
7511-YMXVQ,f,0,No,,9.0,No,No phone service,Fiber Optic,No,No,No,No,Yes,Yes,Two Year,Yes,Electronic check,45.4,418.8,Yes
2040-XBAVJ,Male,0,n,Yes,72.0,Yes,Yes,Fiber Optic,Yes,Yes,Yes,Yes,Yes,Yes,One Year,No,Bank transfer (automatic),114.45,8100.55,No
7551-JOHTI,Male,0,Yes,No,1.0,Yes,No,fiber optic,No internet service,No internet service,No internet service,No internet service,No internet service,No internet service,Month-to-Month,No,Mailed check,19.5,19.5,Yes
8887-IPQNC,FEMALE,0,n,No,7.0,Yes,No,Fiberoptic,No,No,No,No,No,No,1 year,Yes,Mailed check,44.25,313.45,No
8646-JCOMS,f,0,NO,No,66.0,Yes,Yes,fiber,No,Yes,Yes,Yes,No,No,One Year,Yes,Bank transfer (automatic),90.55,6130.95,No
9804-ICWBG,fe male,0,NO,No,1.0,Yes,No,Dsl,No,No,No,No,No,No,Month-to-Month,Yes,Electronic check,69.9,69.9,Yes
1222-KJNZD,f,0,n,Yes,40.0,Yes,No,dsl,No internet service,No internet service,No internet service,No internet service,No internet service,No internet service,2 Year,Yes,Bank transfer (automatic),,745.3,No
0106-GHRQR,f,0,Yes,No,16.0,Yes,Yes,Fiberoptic,No,Yes,Yes,No,No,Yes,month to month,Yes,Bank transfer (automatic),71.4,1212.1,No
5318-IXUZF,Male,0,YES,No,2.0,Yes,No,fiber optic,No,Yes,No,No,Yes,No,2 Year,Yes,Bank transfer (automatic),,183.75,Yes
3768-VHXQO,Male,0,No,No,67.0,Yes,Yes,Dsl,No internet service,No internet service,No internet service,No internet service,No internet service,No internet service,One Year,No,Credit card (automatic),24.85,1583.5,No
8952-WCVCD,f,0,Yes,No,41.0,Yes,No,fiber optic,Yes,Yes,Yes,No,Yes,Yes,1 year,Yes,Bank transfer (automatic),104.45,4162.05,No
2418-TPEUN,FEMALE,0,YES,Yes,56.0,Yes,No,Fiber Optic,No internet service,No internet service,No internet service,No internet service,No internet service,No internet service,One Year,,Credit card (automatic),19.8,1119.9,No
3963-RYFNS,m,0,y,No,,Yes,Yes,Fiber Optic,Yes,Yes,Yes,Yes,Yes,Yes,One Year,Yes,Bank transfer (automatic),116.45,8013.55,No
3198-VELRD,Male,0,No,,3.0,Yes,Yes,fiber,No,No,No,No,No,Yes,2 Year,Yes,Bank transfer (automatic),84.75,264.85,Yes
8540-ZQGEA,f,0,Yes,No,54.0,Yes,No,fiber,No internet service,No internet service,No internet service,No internet service,No internet service,No internet service,Month-to-Month,No,Credit card (automatic),20.05,1102.4,No
1320-REHCS,fe male,1,no,No,52.0,Yes,Yes,Fiber Optic,No,Yes,Yes,Yes,Yes,Yes,Month-to-Month,Yes,Electronic check,110.75,5832,No
4137-JOPHL,f,0,No,No,50.0,Yes,No,dsl,No,No,Yes,Yes,No,Yes,Month-to-Month,Yes,Bank transfer (automatic),89.7,4304.5,No
9436-ZBZCT,m,0,Yes,No,14.0,Yes,Yes,dsl,No,No,No,Yes,Yes,No,One Year,Yes,Electronic check,89.95,1178.4,Yes
7801-CEDNV,f,0,Yes,No,27.0,Yes,No,DSL,Yes,No,No,No,No,No,Month-to-Month,No,Credit card (automatic),48.7,1421.75,No
2057-BOYKM,f,1,n,No,72.0,Yes,Yes,dsl,Yes,Yes,Yes,Yes,No,No,1 Year,Yes,Bank transfer (automatic),96.6,6827.5,No
3658-QQJYD,Male,0,Yes,No,62.0,Yes,No,Dsl,Yes,Yes,No,No,Yes,Yes,2 year,Yes,Credit card (automatic),74.3,4698.05,No
1803-BGNBD,Male,0,NO,No,12.0,Yes,No,fiber,No,Yes,No,Yes,No,No,month to month,Yes,Electronic check,54.3,654.5,No
0134-XWXCE,fe male,1,no,,44.0,Yes,No,DSL,No,No,Yes,Yes,Yes,Yes,1 Year,No,Bank transfer (automatic),74.85,3268.05,No
6950-TWMYB,Male,0,no,Yes,54.0,Yes,No,Fiberoptic,No,Yes,No,Yes,No,No,Two Year,Yes,Bank transfer (automatic),79.95,4362.05,No
5848-FHRFC,Male,0,No,No,68.0,Yes,No,DSL,No internet service,No internet service,No internet service,No internet service,No internet service,No internet service,2 year,No,Bank transfer (automatic),20.05,1386.9,No
2243-FNMMI,m,0,NO,No,20.0,Yes,No,fiber,No internet service,No internet service,No internet service,No internet service,No internet service,No internet service,Month-to-Month,No,Mailed check,,415.4,No
2511-MORQY,f,0,Yes,Yes,50.0,Yes,Yes,Fiber Optic,No,No,Yes,No,No,No,Month-to-Month,,Bank transfer (automatic),54.9,2614.1,No
5356-KZCKT,f,0,Yes,,58.0,Yes,Yes,fiber optic,No internet service,No internet service,No internet service,No internet service,No internet service,No internet service,1 year,Yes,Credit card (automatic),24.45,1513.6,No
9470-XCCEM,FEMALE,0,y,Yes,35.0,Yes,Yes,DSL,No,Yes,No,No,Yes,No,Month-to-Month,Yes,Bank transfer (automatic),89.65,3161.6,No
6519-CFDBX,Male,0,No,No,2.0,Yes,No,Dsl,No,No,No,No,No,No,Month-to-Month,Yes,Electronic check,45.4,80.95,No
3902-MIVLE,f,0,No,Yes,63.0,Yes,Yes,dsl,Yes,No,Yes,Yes,No,Yes,Month-to-Month,No,Mailed check,75.7,4676.7,No
0409-WTMPL,fe male,0,YES,No,58.0,Yes,Yes,fiber optic,Yes,Yes,Yes,No,Yes,Yes,Two Year,Yes,Credit card (automatic),110.65,6526.65,No
8763-KIAFH,Male,0,No,Yes,27.0,Yes,No,Fiberoptic,No internet service,No internet service,No internet service,No internet service,No internet service,No internet service,month to month,Yes,Mailed check,20.55,583.3,No
3669-WHAFY,FEMALE,0,Yes,No,71.0,Yes,Yes,Fiber Optic,Yes,Yes,Yes,Yes,Yes,Yes,1 year,Yes,Credit card (automatic),115.15,8078.1,No
3055-VTCGS,Male,0,Yes,,63.0,Yes,No,DSL,No,No,Yes,No,No,Yes,month to month,No,Credit card (automatic),58.55,3503.5,No
3144-KMTWZ,f,0,y,No,71.0,Yes,Yes,DSL,No,Yes,Yes,No,No,Yes,2 Year,Yes,Bank transfer (automatic),93.25,6669.45,No
7279-BUYWN,fe male,1,n,No,41.0,Yes,Yes,DSL,Yes,Yes,Yes,No,Yes,Yes,Two Year,Yes,Electronic check,113.2,4689.5,Yes
7156-MHUGY,Female,1,y,No,13.0,Yes,No,fiber,No,No,No,No,Yes,Yes,month to month,Yes,Electronic check,90.5,1201.15,Yes
7198-GLXTC,FEMALE,0,YES,No,2.0,Yes,No,fiber,No,No,No,No,Yes,No,2 Year,No,Electronic check,79.0,143.65,Yes
2007-QVGAW,Male,0,NO,Yes,68.0,Yes,No,Dsl,No internet service,No internet service,No internet service,No internet service,No internet service,No internet service,1 year,Yes,Bank transfer (automatic),19.35,1292.65,No
5207-PLSTK,Male,0,No,Yes,1.0,Yes,No,dsl,Yes,No,No,No,No,No,month to month,Yes,Mailed check,48.75,48.75,No
2307-FYNNL,FEMALE,1,n,No,65.0,Yes,Yes,fiber,Yes,No,Yes,Yes,Yes,Yes,One Year,Yes,Electronic check,109.05,7108.2,No
5605-XNWEN,Male,1,No,No,72.0,Yes,Yes,Fiber Optic,No internet service,No internet service,No internet service,No internet service,No internet service,No internet service,month to month,Yes,Bank transfer (automatic),25.0,1802.55,No
2155-AMQRX,fe male,0,n,No,28.0,Yes,Yes,Fiberoptic,No,No,No,Yes,No,No,One Year,Yes,Credit card (automatic),54.9,1505.15,No
6181-AXXYF,FEMALE,0,no,Yes,72.0,Yes,Yes,DSL,No internet service,No internet service,No internet service,No internet service,No internet service,No internet service,Two Year,No,Credit card (automatic),24.75,1859.1,No
5091-HFAZW,Female,0,Yes,No,2.0,Yes,No,Fiberoptic,Yes,Yes,No,No,Yes,No,1 Year,Yes,Electronic check,91.15,168.5,No
0516-VRYBW,f,0,No,,18.0,Yes,No,fiber,No internet service,No internet service,No internet service,No internet service,No internet service,No internet service,1 Year,No,Bank transfer (automatic),20.15,390.85,Yes
2519-LBNQL,f,1,YES,No,60.0,Yes,Yes,dsl,No,Yes,Yes,No,Yes,Yes,month to month,Yes,Electronic check,104.35,6339.45,No
8623-ULFNQ,fe male,1,no,No,26.0,Yes,Yes,dsl,No,No,No,Yes,No,Yes,One Year,Yes,Electronic check,66.05,,No
8380-PEFPE,Female,0,No,Yes,1.0,Yes,No,DSL,No,No,No,No,No,No,2 year,Yes,Electronic check,71.65,71.65,Yes
5687-DKDTV,f,0,No,No,4.0,Yes,No,Dsl,No internet service,No internet service,No internet service,No internet service,No internet service,No internet service,month to month,No,Mailed check,20.35,77.5,Yes
1568-LJSZU,f,0,YES,Yes,68.0,Yes,Yes,fiber optic,Yes,Yes,Yes,Yes,Yes,Yes,1 year,Yes,Credit card (automatic),92.2,6392.85,No
7530-HDYDS,FEMALE,0,YES,No,38.0,Yes,No,fiber optic,No,Yes,Yes,Yes,No,No,month to month,Yes,Credit card (automatic),84.25,3264.5,Yes
7789-HKSBS,Male,1,y,No,42.0,Yes,Yes,dsl,Yes,No,Yes,No,Yes,Yes,month to month,Yes,Bank transfer (automatic),105.2,4599.15,No
7416-CKTEP,Female,0,n,No,57.0,Yes,No,fiber,No internet service,No internet service,No internet service,No internet service,No internet service,No internet service,1 year,Yes,Bank transfer (automatic),19.6,1134.25,No
2586-CWXVV,f,0,YES,No,54.0,No,No phone service,Fiber Optic,No,Yes,No,No,No,No,2 year,No,Electronic check,30.4,1621.35,No
3096-IZETN,FEMALE,0,Yes,No,12.0,Yes,No,Fiber Optic,No,No,No,No,No,Yes,2 year,No,Bank transfer (automatic),78.1,947.3,Yes
2348-KCJLT,Male,0,no,No,44.0,Yes,No,Fiber Optic,Yes,Yes,Yes,No,No,No,Two Year,Yes,Mailed check,61.5,2722.2,No
8401-EMUWF,m,0,y,Yes,42.0,Yes,Yes,Fiberoptic,Yes,Yes,No,No,Yes,No,Two Year,Yes,Bank transfer (automatic),69.4,3058.3,No
4193-IBKSW,fe male,0,No,Yes,72.0,Yes,Yes,Fiberoptic,No internet service,No internet service,No internet service,No internet service,No internet service,No internet service,month to month,No,Bank transfer (automatic),24.75,1769.6,No
5377-NDTOU,m,0,YES,Yes,71.0,Yes,Yes,Dsl,Yes,Yes,Yes,Yes,Yes,Yes,Month-to-Month,,Mailed check,91.05,6293.75,No
5922-ABDVO,FEMALE,0,no,No,19.0,Yes,Yes,Fiber Optic,No,No,Yes,No,No,Yes,1 Year,No,Mailed check,89.65,1761.05,Yes
2474-LCNUE,fe male,0,Yes,No,23.0,Yes,Yes,Fiber Optic,No,No,No,Yes,Yes,Yes,month to month,Yes,Credit card (automatic),73.65,,No
0839-QNXME,fe male,0,No,No,30.0,Yes,No,dsl,No internet service,No internet service,No internet service,No internet service,No internet service,No internet service,month to month,,Credit card (automatic),19.4,578.5,No
3506-OVLKD,Male,0,no,No,35.0,Yes,Yes,dsl,No internet service,No internet service,No internet service,No internet service,No internet service,No internet service,One Year,No,Bank transfer (automatic),26.2,954.9,No
9172-ANCRX,f,0,NO,No,10.0,Yes,Yes,Fiber Optic,Yes,No,No,No,Yes,Yes,Month-to-Month,Yes,Electronic check,98.7,973.25,Yes
6650-VJONK,f,0,n,No,1.0,Yes,No,Fiberoptic,No,No,No,No,No,No,1 Year,Yes,Bank transfer (automatic),43.85,,No
2178-PMGCJ,FEMALE,0,YES,No,22.0,Yes,No,fiber,No,No,No,No,No,No,One Year,,Mailed check,,1490.4,No
7492-TAFJD,fe male,0,No,Yes,7.0,No,No phone service,DSL,Yes,Yes,Yes,No,No,No,Two Year,No,Mailed check,38.55,,No
2773-MADBQ,f,0,No,No,36.0,No,No phone service,Dsl,Yes,Yes,Yes,Yes,No,Yes,1 year,Yes,Mailed check,,1901.25,No
6016-LVTJQ,f,0,Yes,Yes,34.0,Yes,No,DSL,No internet service,No internet service,No internet service,No internet service,No internet service,No internet service,Month-to-Month,No,Mailed check,20.65,716.4,No
7860-KSUGX,m,0,Yes,,72.0,Yes,Yes,Dsl,Yes,Yes,Yes,No,No,No,2 Year,No,Credit card (automatic),64.45,4720,No
8966-KZXXA,m,0,No,Yes,36.0,Yes,Yes,fiber optic,No internet service,No internet service,No internet service,No internet service,No internet service,No internet service,2 Year,No,Credit card (automatic),25.1,,No
6910-HADCM,m,0,Yes,No,1.0,Yes,No,Dsl,No,No,Yes,No,No,No,One Year,No,Electronic check,76.35,76.35,Yes
4816-LXZYW,fe male,0,n,No,23.0,Yes,Yes,dsl,No,Yes,No,No,No,No,One Year,Yes,Electronic check,79.15,1676.95,Yes
9606-PBKBQ,m,1,Yes,No,32.0,Yes,Yes,Fiber Optic,No,No,No,No,No,Yes,1 year,Yes,Electronic check,85.0,2642.05,Yes
5149-QYTTU,FEMALE,0,NO,Yes,71.0,Yes,Yes,Fiber Optic,Yes,Yes,Yes,Yes,No,No,2 Year,Yes,Credit card (automatic),95.15,6770.85,No
2070-XYMFH,Male,1,NO,No,23.0,Yes,Yes,Fiber Optic,No,No,Yes,No,No,No,1 Year,Yes,Mailed check,,1835.3,No
2085-BOJKI,fe male,0,No,No,17.0,Yes,No,Fiber Optic,No,No,Yes,No,Yes,Yes,One Year,Yes,Bank transfer (automatic),96.65,1588.25,No
0817-HSUSE,FEMALE,0,y,No,,Yes,No,fiber optic,No,No,Yes,Yes,Yes,Yes,month to month,Yes,Electronic check,75.5,75.5,No
5442-PPTJY,Male,0,y,Yes,12.0,Yes,No,DSL,No internet service,No internet service,No internet service,No internet service,No internet service,No internet service,Two Year,No,Mailed check,19.7,258.35,No
1927-QEWMY,f,0,Yes,No,72.0,Yes,No,fiber,No internet service,No internet service,No internet service,No internet service,No internet service,No internet service,Two Year,No,Credit card (automatic),20.5,1502.25,No
1663-MHLHE,Male,0,No,No,,Yes,No,fiber,No internet service,No internet service,No internet service,No internet service,No internet service,No internet service,Two Year,No,Mailed check,19.2,19.2,No
5663-QBGIS,Female,1,no,No,72.0,Yes,Yes,Fiberoptic,No,Yes,No,No,Yes,Yes,month to month,No,Bank transfer (automatic),98.35,6929.4,No
4450-MDZFX,Female,0,Yes,Yes,60.0,Yes,Yes,Dsl,No,No,No,No,No,No,Two Year,No,Bank transfer (automatic),74.35,4453.3,No
6701-DHKWQ,Male,0,Yes,Yes,61.0,No,No phone service,fiber optic,No,Yes,Yes,Yes,Yes,No,month to month,No,Credit card (automatic),51.35,3244.4,No
7554-AKDQF,Male,0,Yes,No,6.0,Yes,No,Fiberoptic,No,No,No,No,No,No,1 year,No,Mailed check,45.65,323.45,No
3536-IQCTX,FEMALE,1,Yes,No,32.0,Yes,Yes,dsl,No,No,No,No,No,Yes,1 year,No,Electronic check,85.3,2661.1,Yes
4911-BANWH,Female,0,Yes,Yes,31.0,Yes,Yes,fiber,No,No,No,No,Yes,No,month to month,Yes,Credit card (automatic),86.55,2697.4,Yes
8496-EJAUI,Female,0,No,No,19.0,Yes,No,fiber optic,No,Yes,No,No,No,No,2 year,Yes,Credit card (automatic),73.85,1424.5,Yes
0794-YVSGE,m,0,Yes,Yes,72.0,Yes,No,Fiber Optic,No internet service,No internet service,No internet service,No internet service,No internet service,No internet service,month to month,No,Bank transfer (automatic),20.3,1401.15,No
5423-BHIXO,Male,0,y,No,32.0,Yes,Yes,Dsl,No,Yes,No,No,No,No,Month-to-Month,,Electronic check,54.2,1739.6,No
6908-VVYHM,Female,0,Yes,No,65.0,Yes,Yes,fiber optic,No,Yes,No,No,No,Yes,2 year,Yes,Electronic check,90.65,5931,No
2959-EEXWB,f,0,Yes,Yes,45.0,No,No phone service,Dsl,Yes,No,No,No,Yes,Yes,month to month,Yes,Bank transfer (automatic),50.9,2333.85,No
1839-UMACK,fe male,0,YES,No,42.0,Yes,Yes,fiber optic,No internet service,No internet service,No internet service,No internet service,No internet service,No internet service,Month-to-Month,No,Electronic check,25.05,949.85,No
3030-YDNRM,f,0,y,No,8.0,Yes,Yes,dsl,No,No,No,No,No,No,2 year,Yes,Electronic check,,572.45,No
7321-KKSDU,fe male,0,no,Yes,32.0,Yes,No,Fiber Optic,No internet service,No internet service,No internet service,No internet service,No internet service,No internet service,2 year,,Mailed check,20.5,696.8,No
3402-XRIUO,Male,1,y,No,,Yes,Yes,Fiberoptic,Yes,Yes,No,Yes,No,No,2 Year,,Mailed check,63.55,1381.8,No
3132-TVFDZ,f,1,Yes,No,57.0,No,No phone service,Fiber Optic,No,No,No,No,Yes,Yes,One Year,Yes,Electronic check,44.85,,Yes
8286-AFUYI,Male,0,Yes,No,1.0,Yes,No,Fiber Optic,Yes,No,No,No,No,No,2 Year,No,Electronic check,47.95,47.95,No
8080-DDEMJ,FEMALE,1,YES,No,1.0,Yes,No,DSL,No,No,No,No,No,No,Two Year,No,Electronic check,45.1,45.1,Yes
8356-WUAOJ,FEMALE,0,No,No,1.0,Yes,No,fiber,No,No,No,No,No,No,Two Year,Yes,Electronic check,45.0,45,No
6365-MTGZX,f,0,n,No,,Yes,No,Dsl,No,No,No,Yes,Yes,Yes,2 Year,Yes,Electronic check,96.0,2122.45,Yes
1349-WXNGG,Female,0,No,No,1.0,Yes,No,dsl,No internet service,No internet service,No internet service,No internet service,No internet service,No internet service,One Year,No,Bank transfer (automatic),20.05,20.05,Yes
8058-DMYRU,m,1,n,No,54.0,Yes,Yes,fiber optic,No,Yes,No,No,No,Yes,month to month,Yes,Electronic check,90.05,4931.8,No
9350-ZXYJC,FEMALE,0,No,No,4.0,Yes,Yes,DSL,No internet service,No internet service,No internet service,No internet service,No internet service,No internet service,1 Year,Yes,Credit card (automatic),25.3,116.95,No
6990-YNRIO,Male,0,y,Yes,65.0,Yes,Yes,Dsl,Yes,No,Yes,Yes,Yes,Yes,month to month,No,Bank transfer (automatic),,6937.95,Yes
8958-JPTRR,fe male,0,y,,56.0,Yes,Yes,fiber,No internet service,No internet service,No internet service,No internet service,No internet service,No internet service,One Year,No,Electronic check,24.3,1261.7,No
6959-GQEGV,Male,0,no,No,45.0,Yes,No,fiber,Yes,No,Yes,No,Yes,Yes,1 Year,Yes,Electronic check,75.95,3273.8,No
3173-WSSUE,Female,0,No,Yes,71.0,Yes,No,fiber optic,No internet service,No internet service,No internet service,No internet service,No internet service,No internet service,month to month,No,Credit card (automatic),19.7,1415.85,No
1265-HVPZB,FEMALE,0,Yes,No,59.0,Yes,No,DSL,Yes,Yes,Yes,No,Yes,No,1 Year,No,Credit card (automatic),66.4,3958.2,No
4115-UMJFQ,Male,0,n,No,69.0,No,No phone service,Fiber Optic,No,Yes,Yes,No,No,No,1 Year,Yes,Bank transfer (automatic),35.75,2492.25,No
7369-TRPFD,fe male,0,n,No,19.0,Yes,No,fiber optic,No internet service,No internet service,No internet service,No internet service,No internet service,No internet service,month to month,No,Mailed check,18.8,279.2,No
1098-KFQEC,f,0,Yes,Yes,55.0,Yes,No,Dsl,No internet service,No internet service,No internet service,No internet service,No internet service,No internet service,One Year,No,Credit card (automatic),19.4,1083,No
7190-XHTWJ,Female,0,NO,No,38.0,Yes,No,fiber optic,No internet service,No internet service,No internet service,No internet service,No internet service,No internet service,2 year,No,Mailed check,19.3,755.5,No
0621-TWIEM,m,0,No,No,10.0,Yes,No,dsl,No,No,No,No,No,No,Month-to-Month,Yes,Electronic check,,402.6,Yes
3537-RYBHH,Female,1,NO,No,47.0,Yes,Yes,Dsl,Yes,Yes,Yes,No,No,No,Two Year,Yes,Credit card (automatic),67.45,3252,No
2485-ITVKB,Male,0,n,No,2.0,No,No phone service,Fiberoptic,No,No,No,No,No,Yes,Two Year,,Electronic check,35.1,68.75,Yes
3669-OYSJI,m,0,n,No,,Yes,No,Fiber Optic,No,No,No,No,No,No,Two Year,No,Credit card (automatic),46.2,46.2,Yes
1612-EOHDH,m,0,No,No,1.0,Yes,No,DSL,No,No,No,No,No,No,1 Year,No,Electronic check,45.15,45.15,Yes
6702-OHFWR,m,1,NO,No,1.0,No,No phone service,Dsl,No,Yes,Yes,No,No,Yes,month to month,Yes,Electronic check,43.3,43.3,Yes
5296-BFCYD,Female,0,n,Yes,46.0,Yes,No,DSL,No internet service,No internet service,No internet service,No internet service,No internet service,No internet service,Month-to-Month,Yes,Mailed check,20.1,936.85,No
4510-PYUSH,fe male,1,NO,No,38.0,Yes,No,Fiber Optic,Yes,Yes,No,No,No,No,Month-to-Month,Yes,Credit card (automatic),57.15,2250.65,Yes
9359-JANWS,Male,0,NO,No,65.0,Yes,No,Dsl,Yes,No,Yes,Yes,No,No,1 year,No,Credit card (automatic),58.9,3857.1,No
7517-SAWMO,m,0,NO,No,19.0,Yes,No,dsl,Yes,No,No,No,No,No,Month-to-Month,Yes,Electronic check,73.2,1441.1,Yes
4143-HHPMK,Male,0,n,No,52.0,Yes,No,fiber,No,Yes,No,No,No,Yes,Two Year,Yes,Electronic check,85.35,4338.6,Yes
3279-DYZQM,Male,0,No,Yes,71.0,Yes,No,Dsl,No internet service,No internet service,No internet service,No internet service,No internet service,No internet service,Two Year,No,Mailed check,19.45,1378.45,No
7054-LGEQW,Male,0,No,No,1.0,Yes,No,fiber optic,No,No,No,No,No,No,One Year,No,Mailed check,45.95,45.95,Yes
0523-VNGTF,m,1,No,No,52.0,No,No phone service,fiber optic,No,Yes,Yes,Yes,Yes,No,2 Year,Yes,Electronic check,50.5,2566.3,No
9575-IWCAZ,fe male,0,NO,No,6.0,Yes,Yes,fiber optic,No internet service,No internet service,No internet service,No internet service,No internet service,No internet service,1 Year,No,Mailed check,25.1,171,No
7105-MXJLL,Male,1,y,No,26.0,Yes,No,dsl,No,No,Yes,No,No,Yes,Month-to-Month,No,Mailed check,60.7,1597.4,No
7064-FRRSW,fe male,1,NO,No,48.0,Yes,Yes,fiber optic,No,Yes,No,No,Yes,Yes,One Year,Yes,Electronic check,99.0,4744.35,No
7940-UQQUG,fe male,0,no,Yes,64.0,Yes,Yes,Fiber Optic,Yes,No,No,Yes,Yes,Yes,1 year,Yes,Bank transfer (automatic),104.4,6721.6,No
0923-PNFUB,Male,0,No,No,3.0,Yes,No,Fiber Optic,No,Yes,No,No,Yes,No,1 year,No,Electronic check,83.75,247.25,Yes
3961-SXAXY,Male,0,n,No,1.0,Yes,No,Dsl,No,No,No,No,No,No,month to month,Yes,Bank transfer (automatic),44.05,44.05,No
7010-BRBUU,fe male,0,n,Yes,72.0,Yes,Yes,dsl,No internet service,No internet service,No internet service,No internet service,No internet service,No internet service,month to month,No,Credit card (automatic),24.1,1734.65,No
3566-HJGPK,FEMALE,0,YES,No,1.0,Yes,No,Fiber Optic,No,No,No,No,No,No,Two Year,Yes,Mailed check,45.55,45.55,No
3062-ICYZQ,FEMALE,0,No,Yes,51.0,Yes,Yes,fiber optic,Yes,Yes,No,No,No,Yes,month to month,Yes,Electronic check,93.8,4539.35,No
9938-PRCVK,fe male,0,YES,,41.0,Yes,No,fiber optic,No internet service,No internet service,No internet service,No internet service,No internet service,No internet service,1 year,No,Bank transfer (automatic),19.7,804.25,No
0973-KYVNF,FEMALE,0,NO,Yes,72.0,Yes,No,fiber,Yes,Yes,Yes,No,Yes,No,One Year,Yes,Credit card (automatic),70.65,5011.15,No
5129-HHMZC,Female,0,Yes,No,43.0,Yes,Yes,fiber,Yes,Yes,No,Yes,Yes,Yes,month to month,No,Credit card (automatic),86.45,3574.5,No
9637-CDTKZ,fe male,0,y,No,,Yes,Yes,dsl,Yes,Yes,Yes,Yes,Yes,Yes,One Year,Yes,Credit card (automatic),114.1,8086.4,No
3946-JEWRQ,f,0,Yes,No,47.0,Yes,Yes,Fiber Optic,No,No,No,No,Yes,Yes,1 Year,Yes,Credit card (automatic),95.2,4563,No
7873-CVMAW,FEMALE,0,Yes,No,72.0,Yes,Yes,dsl,Yes,Yes,Yes,Yes,Yes,Yes,2 Year,No,Credit card (automatic),88.55,,No
0463-WZZKO,Female,0,y,No,3.0,Yes,No,Fiber Optic,No internet service,No internet service,No internet service,No internet service,No internet service,No internet service,2 year,Yes,Credit card (automatic),20.75,67.1,No
3494-JCHRQ,Male,0,NO,No,1.0,Yes,No,DSL,No,No,No,No,No,No,month to month,Yes,Electronic check,70.05,70.05,Yes
6474-FVJLC,Male,0,Yes,No,2.0,Yes,Yes,Fiberoptic,No,No,No,No,No,Yes,2 Year,Yes,Electronic check,86.0,165.45,Yes
4524-QCSSM,fe male,0,Yes,No,26.0,No,No phone service,Fiber Optic,Yes,Yes,No,No,No,Yes,1 Year,Yes,Bank transfer (automatic),44.65,1156.55,No
5832-EXGTT,f,0,YES,,29.0,Yes,No,dsl,Yes,No,No,No,No,Yes,Month-to-Month,Yes,Mailed check,60.2,,No
8840-DQLGN,f,1,No,No,35.0,Yes,Yes,DSL,Yes,Yes,No,Yes,Yes,No,2 year,Yes,Bank transfer (automatic),100.5,,Yes
2039-JONDJ,f,0,YES,No,27.0,Yes,No,Fiberoptic,Yes,Yes,No,No,No,No,1 Year,No,Bank transfer (automatic),55.45,,No
7217-JYHOQ,Male,0,n,Yes,24.0,Yes,No,fiber optic,Yes,Yes,No,Yes,No,Yes,2 year,Yes,Credit card (automatic),70.3,,No
6695-FRVEC,FEMALE,0,n,Yes,67.0,Yes,No,Dsl,Yes,No,Yes,Yes,No,No,2 Year,Yes,Bank transfer (automatic),60.4,3953.7,No
4547-LYTDD,Male,0,y,No,16.0,Yes,Yes,dsl,No,No,No,No,No,No,month to month,No,Electronic check,72.65,1194.3,Yes
9894-QMIMJ,Male,0,NO,No,23.0,Yes,No,DSL,No,Yes,Yes,No,No,No,Two Year,No,Bank transfer (automatic),55.8,1327.85,No
8069-YQQAJ,fe male,0,YES,No,14.0,No,No phone service,Fiberoptic,No,Yes,No,No,No,No,Month-to-Month,Yes,Mailed check,31.1,419.7,No
6770-XUAGN,Male,0,no,Yes,1.0,Yes,No,Fiberoptic,No internet service,No internet service,No internet service,No internet service,No internet service,No internet service,1 year,Yes,Electronic check,21.0,21,Yes
4193-ORFCL,Female,1,Yes,No,1.0,Yes,No,Fiberoptic,No,No,No,No,No,No,month to month,No,Mailed check,,45.1,Yes
1636-NTNCO,fe male,1,y,No,4.0,No,No phone service,fiber optic,No,Yes,No,No,Yes,Yes,1 year,Yes,Credit card (automatic),50.95,207.35,No
3466-WAESX,Male,0,n,Yes,16.0,Yes,Yes,Fiberoptic,Yes,Yes,No,No,No,Yes,2 Year,Yes,Electronic check,69.1,1083.7,No
9281-PKKZE,Male,0,No,No,46.0,No,No phone service,dsl,No,No,No,No,Yes,Yes,1 year,Yes,Electronic check,,2007.85,No
3638-VBZTA,m,0,NO,Yes,68.0,Yes,Yes,Fiberoptic,Yes,Yes,No,Yes,Yes,Yes,1 year,Yes,Bank transfer (automatic),86.5,5882.75,No
7459-IMVYU,fe male,0,y,No,38.0,Yes,Yes,DSL,Yes,Yes,Yes,Yes,No,No,Two Year,No,Electronic check,69.95,2657.55,No
7776-QWNFX,FEMALE,1,n,No,30.0,Yes,No,fiber,No,Yes,No,No,No,No,Month-to-Month,Yes,Bank transfer (automatic),50.4,1527.5,Yes
6689-TCZHQ,FEMALE,1,Yes,No,5.0,Yes,No,Fiberoptic,No,No,No,No,No,Yes,1 Year,No,Electronic check,78.95,378.4,Yes
8563-OYMQY,Male,0,Yes,No,17.0,Yes,No,DSL,No,Yes,Yes,No,No,Yes,month to month,Yes,Credit card (automatic),90.95,1612.2,No
0754-EEBDC,Male,0,Yes,Yes,4.0,Yes,No,DSL,No internet service,No internet service,No internet service,No internet service,No internet service,No internet service,month to month,No,Mailed check,19.9,76.65,No
5777-ZPQNC,f,0,Yes,No,12.0,Yes,No,Fiberoptic,No internet service,No internet service,No internet service,No internet service,No internet service,No internet service,Month-to-Month,No,Electronic check,20.15,260.7,No
1951-IEYXM,fe male,0,n,Yes,72.0,Yes,Yes,DSL,Yes,Yes,Yes,Yes,Yes,Yes,Month-to-Month,,Credit card (automatic),,6441.85,No
3318-NMQXL,fe male,0,Yes,No,3.0,Yes,No,fiber optic,No,No,No,No,Yes,Yes,Two Year,Yes,Electronic check,92.0,,No
3143-ILDAL,f,0,n,No,56.0,Yes,Yes,fiber,No,Yes,No,Yes,No,Yes,Month-to-Month,Yes,Electronic check,94.45,5124.6,Yes
1022-RKXDR,FEMALE,0,no,No,41.0,Yes,Yes,Fiber Optic,No internet service,No internet service,No internet service,No internet service,No internet service,No internet service,1 Year,Yes,Mailed check,24.85,962.25,No
2361-FJWNO,fe male,0,Yes,No,40.0,No,No phone service,Fiberoptic,No,Yes,No,Yes,No,No,month to month,No,Credit card (automatic),36.0,,No
2272-UOINI,m,0,No,No,7.0,Yes,No,fiber,Yes,Yes,No,Yes,Yes,Yes,1 year,Yes,Electronic check,78.5,571.05,No
8232-UTFOZ,fe male,0,No,No,69.0,Yes,No,DSL,No internet service,No internet service,No internet service,No internet service,No internet service,No internet service,1 year,No,Credit card (automatic),19.95,1399.35,No
3750-YHRYO,fe male,0,NO,Yes,7.0,Yes,No,Dsl,No internet service,No internet service,No internet service,No internet service,No internet service,No internet service,1 year,No,Mailed check,20.65,150,No
6637-KYRCV,fe male,0,y,Yes,5.0,No,No phone service,fiber optic,No,Yes,No,No,No,No,One Year,Yes,Electronic check,30.5,167.2,No
5668-MEISB,FEMALE,0,No,Yes,72.0,Yes,Yes,fiber optic,Yes,Yes,Yes,Yes,Yes,No,2 Year,No,Credit card (automatic),106.1,7657.4,No
0129-QMPDR,m,0,Yes,Yes,44.0,Yes,No,DSL,No internet service,No internet service,No internet service,No internet service,No internet service,No internet service,1 Year,Yes,Bank transfer (automatic),20.5,865.05,No
7188-CBBBA,FEMALE,0,Yes,No,65.0,Yes,Yes,Dsl,No,Yes,Yes,No,Yes,No,month to month,Yes,Electronic check,95.5,6153.85,No
5356-CSVSQ,f,0,No,No,3.0,Yes,Yes,Fiberoptic,No,No,No,Yes,Yes,No,Two Year,No,Electronic check,64.6,174.2,No
3221-CJMSG,fe male,0,y,No,24.0,Yes,No,Fiberoptic,No,No,No,Yes,No,No,Month-to-Month,Yes,Credit card (automatic),51.1,1269.6,No
4720-VSTSI,Male,0,no,No,44.0,Yes,Yes,Fiber Optic,No,Yes,Yes,No,No,No,1 year,Yes,Bank transfer (automatic),84.8,3862.55,Yes
3219-JQRSL,fe male,1,Yes,No,72.0,Yes,Yes,Dsl,Yes,Yes,Yes,Yes,Yes,Yes,Two Year,No,Credit card (automatic),89.1,6352.4,No
2801-NISEI,FEMALE,0,no,No,24.0,Yes,No,Dsl,Yes,No,No,Yes,No,No,2 year,No,Electronic check,54.95,1348.5,No
3946-MHCZW,FEMALE,0,no,No,,Yes,No,dsl,No,No,Yes,No,No,No,1 year,No,Mailed check,50.9,50.9,Yes
4623-ZKHLY,fe male,0,YES,No,22.0,Yes,No,Fiberoptic,No internet service,No internet service,No internet service,No internet service,No internet service,No internet service,1 Year,Yes,Bank transfer (automatic),20.45,471.55,No
6732-VAILE,FEMALE,0,NO,Yes,70.0,Yes,Yes,fiber,No,Yes,Yes,Yes,Yes,Yes,1 year,Yes,Credit card (automatic),85.95,5931.75,No
8201-AAXCB,m,0,YES,Yes,25.0,Yes,Yes,DSL,No,No,No,No,Yes,No,1 year,No,Electronic check,60.35,1404.65,No
7696-CFTAT,m,0,NO,Yes,37.0,Yes,No,Fiber Optic,No internet service,No internet service,No internet service,No internet service,No internet service,No internet service,2 year,No,Bank transfer (automatic),19.8,726.1,No
1845-CSBRZ,Male,1,NO,Yes,22.0,Yes,Yes,Fiber Optic,No,No,No,No,Yes,No,2 Year,No,Bank transfer (automatic),85.35,1961.6,No
2123-VSCOT,f,0,YES,Yes,59.0,Yes,Yes,Fiber Optic,No,No,Yes,Yes,Yes,No,2 Year,Yes,Bank transfer (automatic),72.1,4194.85,No
6651-AZVTJ,Male,0,y,,49.0,Yes,Yes,fiber optic,No,No,Yes,No,Yes,Yes,Two Year,Yes,Electronic check,99.8,4872.45,Yes
4566-GOLUK,f,0,NO,Yes,47.0,Yes,Yes,fiber optic,No,No,Yes,Yes,Yes,Yes,1 Year,Yes,Bank transfer (automatic),107.35,5118.95,Yes
2484-DGXPZ,f,0,no,Yes,31.0,Yes,No,Dsl,No internet service,No internet service,No internet service,No internet service,No internet service,No internet service,1 Year,Yes,Mailed check,19.55,658.95,Yes
2018-QKYGT,Male,0,n,Yes,1.0,Yes,No,Fiber Optic,No,No,No,No,No,Yes,1 Year,Yes,Electronic check,81.05,81.05,No
2792-VPPET,f,0,No,No,,Yes,No,fiber optic,No internet service,No internet service,No internet service,No internet service,No internet service,No internet service,2 year,,Electronic check,20.5,76.95,No
7409-JURKQ,m,0,NO,,53.0,Yes,Yes,fiber optic,No,Yes,Yes,Yes,Yes,Yes,1 Year,Yes,Bank transfer (automatic),111.8,5809.75,No
3247-MHJKM,Female,0,No,No,1.0,Yes,No,Fiber Optic,No internet service,No internet service,No internet service,No internet service,No internet service,No internet service,2 Year,No,Mailed check,20.2,20.2,No
1964-SVLEA,f,0,no,No,20.0,Yes,No,Dsl,No internet service,No internet service,No internet service,No internet service,No internet service,No internet service,month to month,Yes,Mailed check,19.7,415.9,No
4587-NUKOX,Male,0,no,No,3.0,Yes,No,dsl,Yes,Yes,No,No,No,No,1 Year,Yes,Electronic check,79.1,246.5,Yes
7297-DVYGA,m,0,YES,No,51.0,Yes,No,Fiberoptic,No internet service,No internet service,No internet service,No internet service,No internet service,No internet service,2 year,Yes,Bank transfer (automatic),19.85,996.95,No
2239-CGBUZ,FEMALE,0,n,No,51.0,Yes,No,fiber,Yes,Yes,No,Yes,No,No,Two Year,Yes,Bank transfer (automatic),60.5,3145.15,No
0854-UYHZD,Male,0,Yes,Yes,13.0,Yes,No,fiber optic,No internet service,No internet service,No internet service,No internet service,No internet service,No internet service,month to month,No,Mailed check,19.55,265.3,No
7243-LCGGZ,FEMALE,0,no,No,1.0,Yes,No,fiber optic,No internet service,No internet service,No internet service,No internet service,No internet service,No internet service,Month-to-Month,No,Mailed check,20.9,20.9,No
8267-KFGYD,Male,0,Yes,,1.0,Yes,No,dsl,No internet service,No internet service,No internet service,No internet service,No internet service,No internet service,Month-to-Month,Yes,Mailed check,21.05,21.05,No
4890-VMUAV,FEMALE,0,y,No,63.0,Yes,Yes,dsl,Yes,Yes,Yes,Yes,No,No,One Year,No,Electronic check,71.5,4576.3,No
9261-WDCAF,Female,0,No,No,3.0,Yes,No,dsl,No,No,No,No,No,Yes,month to month,No,Mailed check,54.65,189.1,No
3764-MNMOI,Female,0,YES,No,46.0,Yes,No,Fiber Optic,No internet service,No internet service,No internet service,No internet service,No internet service,No internet service,One Year,No,Credit card (automatic),19.2,908.15,No
7442-YGZFK,Female,0,Yes,No,1.0,Yes,Yes,fiber,No,No,No,No,No,No,2 year,Yes,Credit card (automatic),49.8,49.8,No
0420-BWTPW,Female,0,NO,Yes,8.0,No,No phone service,DSL,No,No,No,No,No,No,2 Year,No,Mailed check,25.5,215.2,Yes
8229-BUJHX,FEMALE,0,NO,Yes,71.0,Yes,No,fiber,No internet service,No internet service,No internet service,No internet service,No internet service,No internet service,Month-to-Month,No,Bank transfer (automatic),20.5,1500.95,No
7449-HVPIV,f,0,n,Yes,,Yes,Yes,dsl,No,No,Yes,No,Yes,No,Two Year,Yes,Credit card (automatic),90.4,5099.15,No
5504-WSIUR,m,0,Yes,No,70.0,Yes,Yes,fiber,No,Yes,Yes,Yes,No,No,2 year,Yes,Bank transfer (automatic),90.25,6385.95,No
8183-ONMXC,FEMALE,0,YES,No,2.0,Yes,No,Fiber Optic,No,No,No,No,No,Yes,2 Year,No,Electronic check,80.75,159.45,Yes
8466-PZBLH,fe male,0,Yes,Yes,67.0,Yes,Yes,Fiberoptic,Yes,No,No,Yes,Yes,Yes,1 year,No,Bank transfer (automatic),104.6,6885.75,No
9614-RMGHA,fe male,0,Yes,No,65.0,Yes,Yes,Fiberoptic,No,Yes,No,No,Yes,No,1 year,Yes,Bank transfer (automatic),91.85,5940.85,Yes
8735-IJJEG,fe male,0,No,No,14.0,Yes,No,fiber,No,No,Yes,No,No,No,One Year,No,Credit card (automatic),,668.85,No
0564-MUUQK,fe male,0,Yes,Yes,20.0,Yes,Yes,Fiber Optic,No,No,Yes,Yes,No,Yes,2 year,Yes,Bank transfer (automatic),95.5,1916.2,No
5054-IEXZT,Female,0,Yes,Yes,1.0,Yes,No,fiber,No,Yes,No,No,No,No,Month-to-Month,Yes,Electronic check,75.35,75.35,Yes
5834-ASPWA,Male,0,No,No,1.0,Yes,Yes,DSL,No,No,No,No,No,No,2 Year,Yes,Electronic check,75.45,75.45,Yes
0701-RFGFI,fe male,0,No,Yes,49.0,Yes,Yes,Fiber Optic,No,No,No,No,Yes,Yes,1 year,Yes,Bank transfer (automatic),95.4,4613.95,No
0019-EFAEP,FEMALE,0,No,No,,Yes,Yes,fiber,Yes,Yes,Yes,No,Yes,No,1 year,Yes,Bank transfer (automatic),101.3,7261.25,No
5619-PTMIK,Female,0,No,No,46.0,Yes,Yes,Fiber Optic,Yes,No,No,No,No,No,month to month,No,Electronic check,53.1,2459.8,No
3737-XBQDD,m,0,no,No,24.0,Yes,Yes,Fiber Optic,No,Yes,Yes,No,No,No,month to month,Yes,Bank transfer (automatic),84.85,2048.8,No
5882-CMAZQ,Male,0,NO,Yes,5.0,No,No phone service,Dsl,No,Yes,No,Yes,No,No,2 year,No,Electronic check,34.25,163.55,No
5846-QFDFI,f,0,n,Yes,33.0,Yes,Yes,Fiber Optic,No,Yes,Yes,Yes,No,No,One Year,No,Credit card (automatic),,2888.7,No
4445-KWOKW,f,0,YES,No,42.0,Yes,Yes,dsl,Yes,Yes,No,No,No,No,2 year,Yes,Bank transfer (automatic),60.15,2421.6,No
3511-APPBJ,m,0,YES,No,23.0,Yes,No,fiber optic,Yes,No,Yes,No,Yes,Yes,2 Year,Yes,Credit card (automatic),99.95,2292.75,No
7967-HYCDE,Female,0,No,,8.0,Yes,No,fiber,No,No,No,No,No,No,month to month,No,Bank transfer (automatic),70.7,553.4,No
2430-RRYUW,Male,0,YES,No,66.0,Yes,No,Dsl,Yes,Yes,No,No,No,No,1 year,,Mailed check,54.8,3465.7,No
3948-XHGNA,fe male,0,Yes,No,24.0,Yes,No,fiber,Yes,No,No,No,No,No,2 Year,Yes,Bank transfer (automatic),49.55,,Yes
3723-BFBGR,fe male,1,n,,24.0,Yes,Yes,Fiber Optic,No,Yes,No,No,No,No,month to month,No,Credit card (automatic),,1291.3,No
0565-IYCGT,m,0,y,No,69.0,Yes,Yes,Dsl,Yes,Yes,Yes,Yes,No,Yes,1 Year,Yes,Credit card (automatic),78.6,5356.45,Yes
5447-WZAFP,f,0,Yes,No,53.0,Yes,No,DSL,No,Yes,Yes,No,Yes,Yes,2 Year,Yes,Mailed check,100.3,5200.8,No
5110-CHOPY,Female,0,NO,No,60.0,No,No phone service,DSL,Yes,No,Yes,No,Yes,Yes,2 year,No,Electronic check,,3237.05,No
5445-UTODQ,Male,0,No,No,7.0,Yes,No,dsl,No,No,No,No,Yes,No,2 year,Yes,Electronic check,81.1,576.65,Yes
4425-OWHWB,Male,0,no,No,20.0,Yes,No,fiber optic,No internet service,No internet service,No internet service,No internet service,No internet service,No internet service,2 year,Yes,Credit card (automatic),19.35,433.75,No
7892-QVYKW,Male,0,no,,23.0,Yes,Yes,DSL,No,No,No,No,No,Yes,2 year,No,Electronic check,85.6,1868.4,No
9675-ICXCT,Male,0,y,Yes,72.0,Yes,No,Dsl,Yes,No,Yes,Yes,Yes,Yes,month to month,Yes,Electronic check,80.8,,No
1024-VRZHF,Male,0,YES,No,11.0,Yes,Yes,Fiber Optic,No,No,No,No,No,No,2 Year,Yes,Electronic check,74.95,825.7,Yes
4703-MQYKT,Male,0,Yes,No,21.0,Yes,No,fiber optic,No internet service,No internet service,No internet service,No internet service,No internet service,No internet service,2 year,No,Mailed check,19.6,390.4,No
9497-QCMMS,Male,1,y,No,1.0,Yes,Yes,dsl,No,No,No,No,Yes,Yes,month to month,Yes,Electronic check,93.55,93.55,Yes
5692-ICXLW,m,1,NO,No,,Yes,Yes,fiber optic,No,Yes,No,No,Yes,No,month to month,Yes,Electronic check,90.7,2845.15,No
0602-DDUML,Male,0,Yes,No,57.0,Yes,No,Fiber Optic,No,Yes,Yes,Yes,Yes,No,1 year,No,Mailed check,69.75,,No
2208-MPXIO,f,0,NO,Yes,45.0,Yes,No,fiber optic,No internet service,No internet service,No internet service,No internet service,No internet service,No internet service,1 Year,Yes,Bank transfer (automatic),20.0,886.4,No
1960-UYCNN,FEMALE,0,n,,10.0,Yes,Yes,dsl,No,Yes,Yes,No,No,Yes,2 year,Yes,Electronic check,95.25,1021.55,No
0348-SDKOL,fe male,0,No,No,58.0,Yes,Yes,Dsl,No,No,Yes,Yes,Yes,Yes,2 Year,Yes,Credit card (automatic),102.1,5885.4,Yes
3190-FZATL,Female,0,n,,14.0,Yes,No,DSL,No internet service,No internet service,No internet service,No internet service,No internet service,No internet service,1 Year,No,Mailed check,19.95,268.4,No
7336-RLLRH,Male,0,no,No,27.0,Yes,Yes,fiber optic,Yes,No,No,Yes,Yes,Yes,1 Year,No,Mailed check,80.85,2204.35,No
4373-MAVJG,Male,0,NO,Yes,14.0,Yes,Yes,Fiber Optic,No,Yes,No,No,No,Yes,2 Year,Yes,Bank transfer (automatic),90.9,1259,Yes
8901-HJXTF,m,0,y,Yes,,No,No phone service,fiber optic,No,Yes,No,No,No,No,2 Year,No,Mailed check,29.2,309.1,Yes
7710-JSYOA,m,0,NO,,69.0,Yes,Yes,Fiberoptic,No,Yes,No,Yes,No,Yes,Two Year,Yes,Bank transfer (automatic),93.3,6398.05,No
5419-KLXBN,Male,0,No,Yes,25.0,Yes,No,Fiberoptic,No,Yes,Yes,No,Yes,No,month to month,Yes,Bank transfer (automatic),89.15,2257.75,Yes
3424-NMNBO,f,1,Yes,No,58.0,Yes,Yes,fiber optic,Yes,Yes,Yes,No,Yes,Yes,2 Year,,Electronic check,108.85,,Yes
9885-MFVSU,fe male,0,y,Yes,35.0,No,No phone service,fiber,Yes,No,No,Yes,Yes,No,1 year,Yes,Credit card (automatic),46.35,1662.05,No
4514-GFCFI,Male,1,YES,No,16.0,Yes,Yes,fiber,No,No,No,No,Yes,No,month to month,,Electronic check,,1350.15,Yes
0607-MVMGC,Male,0,Yes,Yes,45.0,Yes,Yes,Fiber Optic,No,Yes,Yes,No,Yes,Yes,1 Year,No,Credit card (automatic),,3600.65,No
3365-SAIGS,f,0,NO,No,17.0,Yes,No,fiber optic,No,Yes,No,No,Yes,No,Two Year,Yes,Electronic check,83.55,1329.15,No
9828-AOQLM,FEMALE,0,no,Yes,1.0,Yes,No,Fiber Optic,No,No,No,No,No,No,month to month,,Electronic check,45.7,45.7,Yes
8022-BECSI,fe male,0,Yes,No,22.0,Yes,No,fiber optic,No internet service,No internet service,No internet service,No internet service,No internet service,No internet service,Month-to-Month,No,Mailed check,19.6,422.5,No
8000-REIQB,m,1,NO,,1.0,Yes,No,dsl,No,No,No,No,No,No,Month-to-Month,Yes,Electronic check,69.95,69.95,Yes
9993-LHIEB,fe male,0,YES,Yes,67.0,Yes,No,fiber,Yes,No,Yes,Yes,No,Yes,One Year,No,Mailed check,67.85,4627.65,No
0266-CLZKZ,Male,0,Yes,Yes,67.0,Yes,Yes,Fiberoptic,No,No,Yes,Yes,Yes,Yes,month to month,Yes,Bank transfer (automatic),,6717.9,No
7615-ESMYF,Male,0,y,No,2.0,No,No phone service,DSL,No,No,No,No,Yes,Yes,One Year,No,Electronic check,44.6,97.1,Yes
3858-VOBET,FEMALE,0,No,No,23.0,Yes,Yes,dsl,No,No,No,No,No,No,month to month,Yes,Electronic check,74.95,1710.45,Yes
7020-OZKXZ,FEMALE,1,Yes,No,9.0,Yes,No,fiber optic,No,No,Yes,No,No,No,2 Year,No,Credit card (automatic),75.5,637.4,No
3977-QCRSL,m,0,y,No,5.0,Yes,No,Fiber Optic,No internet service,No internet service,No internet service,No internet service,No internet service,No internet service,1 year,No,Mailed check,20.15,,No
0017-DINOC,Female,0,Yes,No,54.0,No,No phone service,fiber,Yes,No,No,Yes,Yes,No,1 Year,No,Credit card (automatic),,2460.55,No
1447-PJGGA,Female,0,No,No,57.0,Yes,No,fiber optic,No,No,Yes,No,Yes,Yes,month to month,Yes,Electronic check,95.25,5464.65,Yes
8565-CLBZW,Male,0,y,No,24.0,Yes,Yes,fiber,No,No,Yes,No,Yes,No,month to month,Yes,Mailed check,89.85,2165.05,Yes
9139-WQQDY,FEMALE,0,No,Yes,49.0,Yes,Yes,Fiber Optic,No,Yes,No,No,Yes,Yes,1 year,No,Mailed check,100.45,4941.8,Yes
0224-HJAPT,Male,0,Yes,No,5.0,Yes,Yes,fiber optic,No,No,No,No,No,No,Two Year,No,Electronic check,47.15,223.15,Yes
8086-OVPWV,Female,0,y,No,2.0,Yes,No,dsl,No,No,No,No,No,Yes,month to month,Yes,Electronic check,80.2,181.1,Yes
9430-FRQOC,f,0,Yes,Yes,4.0,Yes,Yes,fiber optic,No,No,Yes,Yes,No,No,2 year,Yes,Mailed check,87.1,341.45,Yes
7639-OPLNG,fe male,0,y,Yes,70.0,Yes,Yes,Fiberoptic,Yes,Yes,Yes,Yes,Yes,No,2 year,Yes,Bank transfer (automatic),79.25,5731.85,No
3074-GQWYX,Male,0,No,No,5.0,Yes,Yes,Fiber Optic,No,No,No,No,No,No,month to month,Yes,Bank transfer (automatic),75.9,357.75,Yes
1492-QGCLU,FEMALE,0,no,Yes,53.0,Yes,Yes,Fiberoptic,Yes,No,Yes,Yes,Yes,Yes,1 Year,No,Electronic check,,4616.1,No
6845-RGTYS,Male,0,no,No,47.0,Yes,Yes,fiber optic,Yes,Yes,Yes,No,Yes,No,1 year,Yes,Electronic check,98.75,4533.7,Yes
7328-OWMOM,FEMALE,0,NO,Yes,31.0,Yes,No,dsl,No internet service,No internet service,No internet service,No internet service,No internet service,No internet service,month to month,No,Credit card (automatic),20.1,589.25,No
4418-LZMSV,fe male,0,NO,Yes,13.0,Yes,No,Dsl,No,Yes,Yes,Yes,No,No,1 year,No,Bank transfer (automatic),,750.1,No
5155-AZQPB,Male,0,No,Yes,28.0,Yes,Yes,Fiber Optic,No,No,No,No,No,No,Month-to-Month,No,Mailed check,49.9,1410.25,No
8861-HGGKB,Male,0,n,No,10.0,Yes,Yes,Dsl,No,No,No,No,No,Yes,2 Year,,Electronic check,86.45,830.85,Yes
1087-GRUYI,Male,0,Yes,No,38.0,Yes,No,fiber optic,No internet service,No internet service,No internet service,No internet service,No internet service,No internet service,One Year,No,Bank transfer (automatic),,743.5,No
7065-YUNRY,m,0,y,No,1.0,Yes,No,fiber optic,No,No,No,No,No,No,Two Year,,Mailed check,45.3,45.3,Yes
7694-VLBWQ,Male,0,Yes,No,67.0,Yes,Yes,Dsl,No,Yes,Yes,No,Yes,Yes,Month-to-Month,No,Electronic check,104.1,7040.85,Yes
2546-KZAAT,m,0,n,No,52.0,Yes,No,Fiberoptic,Yes,Yes,No,No,Yes,Yes,Two Year,Yes,Mailed check,75.4,3865.45,No
0181-RITDD,Male,0,NO,Yes,62.0,Yes,No,DSL,Yes,Yes,Yes,Yes,Yes,Yes,2 year,No,Mailed check,108.15,6825.65,No
5989-PGKJB,Male,0,no,No,16.0,Yes,No,Dsl,No,Yes,No,No,No,Yes,2 Year,Yes,Electronic check,86.25,1340.1,No
4795-KTRTH,Male,1,Yes,No,5.0,Yes,Yes,dsl,No,Yes,No,No,No,No,1 Year,Yes,Electronic check,81.0,371.65,Yes
8272-ONJLV,fe male,0,Yes,No,12.0,Yes,No,fiber optic,No,No,Yes,No,Yes,Yes,month to month,No,Electronic check,95.7,1184,No
1488-PBLJN,Male,0,n,Yes,72.0,Yes,Yes,DSL,Yes,Yes,Yes,Yes,Yes,Yes,2 Year,Yes,Bank transfer (automatic),116.85,8477.7,No
0308-GIQJT,m,1,no,No,71.0,Yes,Yes,dsl,No,Yes,No,Yes,Yes,Yes,One Year,No,Bank transfer (automatic),105.75,7382.85,No
3778-FOAQW,Male,0,no,No,24.0,Yes,No,fiber optic,No internet service,No internet service,No internet service,No internet service,No internet service,No internet service,Month-to-Month,No,Mailed check,20.15,456.85,No
4452-ROHMO,m,0,y,No,15.0,Yes,No,Fiberoptic,No internet service,No internet service,No internet service,No internet service,No internet service,No internet service,1 year,No,Mailed check,19.6,331.6,No
6481-OGDOO,Female,0,NO,No,67.0,Yes,No,Dsl,Yes,Yes,No,No,No,Yes,One Year,Yes,Credit card (automatic),90.6,6056.15,Yes
3090-LETTY,fe male,0,Yes,Yes,2.0,Yes,Yes,Dsl,Yes,Yes,No,No,No,No,month to month,No,Bank transfer (automatic),60.95,134.6,No
5349-AZPEW,FEMALE,0,No,,5.0,No,No phone service,dsl,No,No,No,No,No,No,One Year,No,Mailed check,25.05,125.5,No
3753-TSEMP,Female,0,NO,,15.0,Yes,No,Fiberoptic,No,No,No,No,Yes,Yes,1 Year,,Electronic check,88.15,1390.6,Yes
8305-VHZBZ,fe male,0,n,No,1.0,Yes,No,Dsl,No internet service,No internet service,No internet service,No internet service,No internet service,No internet service,1 Year,Yes,Mailed check,20.2,20.2,Yes
9720-JJJOR,f,0,n,Yes,41.0,Yes,No,fiber optic,Yes,Yes,Yes,No,No,No,1 year,Yes,Bank transfer (automatic),60.3,2511.3,No
8100-HZZLJ,FEMALE,0,YES,Yes,43.0,Yes,No,Dsl,Yes,Yes,No,No,No,Yes,2 Year,Yes,Electronic check,63.95,2737.05,No
8775-ERLNB,Male,1,Yes,No,1.0,Yes,Yes,DSL,No,No,No,No,No,No,month to month,No,Electronic check,74.3,74.3,No
8309-IEYJD,f,1,No,No,1.0,Yes,No,fiber optic,No,No,No,No,No,No,1 Year,Yes,Mailed check,,70.6,No
9172-JITSM,Female,0,n,Yes,26.0,Yes,No,Fiberoptic,No,No,No,No,Yes,Yes,Month-to-Month,Yes,Electronic check,90.8,2361.8,Yes
6298-QDFNH,f,0,Yes,,22.0,Yes,Yes,DSL,No,Yes,No,No,No,No,1 year,,Electronic check,79.35,1730.35,Yes
7398-HPYZQ,Male,0,n,No,71.0,Yes,Yes,Dsl,Yes,Yes,Yes,Yes,Yes,Yes,2 year,No,Bank transfer (automatic),90.55,6404,No
3546-GHEAE,FEMALE,0,YES,No,7.0,Yes,No,Fiberoptic,No internet service,No internet service,No internet service,No internet service,No internet service,No internet service,1 Year,No,Mailed check,19.45,165.35,No
7361-YPXFS,Female,1,Yes,No,28.0,Yes,Yes,Fiber Optic,No,Yes,Yes,Yes,No,No,One Year,No,Bank transfer (automatic),64.45,1867.6,No
6557-BZXLQ,m,1,No,No,16.0,Yes,No,dsl,No,No,No,No,No,No,Month-to-Month,No,Electronic check,69.65,1043.3,No
2550-QHZGP,Female,0,no,No,7.0,Yes,No,fiber,No internet service,No internet service,No internet service,No internet service,No internet service,No internet service,One Year,No,Mailed check,19.5,128.6,No
7519-JTWQH,Male,0,y,No,69.0,Yes,Yes,dsl,No,Yes,Yes,Yes,Yes,Yes,One Year,Yes,Bank transfer (automatic),110.5,7455.45,No
2538-OIMXF,fe male,0,No,Yes,1.0,No,No phone service,fiber,No,No,No,No,No,No,2 Year,No,Mailed check,24.7,24.7,No
8543-MSDMF,FEMALE,0,Yes,No,3.0,Yes,No,dsl,Yes,No,Yes,No,Yes,Yes,Two Year,Yes,Electronic check,77.4,206.15,No
9961-JBNMK,Female,1,Yes,No,21.0,Yes,No,fiber optic,No,No,Yes,No,Yes,Yes,One Year,Yes,Bank transfer (automatic),96.8,2030.3,Yes
1170-SASML,Female,0,y,No,,Yes,Yes,fiber optic,No,Yes,Yes,No,No,No,2 year,Yes,Bank transfer (automatic),85.4,5869.4,No
4872-JCVCA,m,0,Yes,No,71.0,No,No phone service,fiber,Yes,Yes,Yes,Yes,No,No,One Year,Yes,Bank transfer (automatic),47.6,3377.8,No
5346-BZCHP,FEMALE,0,No,Yes,,Yes,No,DSL,No internet service,No internet service,No internet service,No internet service,No internet service,No internet service,One Year,No,Mailed check,19.4,1346.2,No
2038-LLMLM,Female,0,YES,No,48.0,Yes,Yes,fiber,No,No,Yes,Yes,Yes,Yes,month to month,Yes,Electronic check,103.85,4946.05,No
6173-ITPWD,Male,0,YES,No,47.0,Yes,Yes,dsl,No,Yes,Yes,No,No,No,One Year,Yes,Bank transfer (automatic),83.35,4065,Yes
9734-UYXQI,f,0,No,No,2.0,Yes,Yes,Fiberoptic,No,No,No,No,No,No,1 Year,,Electronic check,,106.55,Yes
1216-BGTSP,fe male,0,n,No,45.0,Yes,Yes,fiber optic,Yes,No,Yes,Yes,Yes,Yes,Two Year,Yes,Credit card (automatic),108.45,4964.7,No
4138-NAXED,FEMALE,0,NO,No,51.0,Yes,Yes,fiber optic,No,Yes,No,No,No,No,Month-to-Month,No,Bank transfer (automatic),81.0,4085.75,No
2189-UXTKY,Male,0,Yes,No,22.0,Yes,Yes,fiber,Yes,No,No,Yes,Yes,Yes,2 Year,Yes,Electronic check,79.2,1742.75,Yes
0744-BIKKF,Female,0,Yes,No,72.0,Yes,Yes,fiber,Yes,Yes,Yes,Yes,Yes,Yes,month to month,No,Bank transfer (automatic),86.65,6224.8,No
7483-IQWIB,Male,0,no,Yes,37.0,Yes,Yes,Dsl,No,Yes,Yes,No,Yes,No,One Year,Yes,Electronic check,92.95,3415.25,No
5248-KWLAR,Female,0,YES,Yes,71.0,Yes,Yes,DSL,Yes,Yes,Yes,Yes,Yes,Yes,Two Year,No,Electronic check,90.35,6325.25,No
4958-GZWIY,f,0,y,Yes,7.0,Yes,No,Fiberoptic,No,No,Yes,No,No,No,2 Year,No,Electronic check,48.7,340.25,Yes
7996-MHXLW,Male,0,Yes,,66.0,Yes,Yes,Dsl,No internet service,No internet service,No internet service,No internet service,No internet service,No internet service,Month-to-Month,Yes,Credit card (automatic),25.15,1683.6,No
7833-PKIHD,Male,0,n,Yes,51.0,Yes,No,Dsl,Yes,No,No,Yes,Yes,Yes,month to month,Yes,Bank transfer (automatic),76.4,3966.3,No
7061-OVMIM,m,0,n,Yes,30.0,Yes,No,Fiberoptic,No internet service,No internet service,No internet service,No internet service,No internet service,No internet service,2 year,No,Bank transfer (automatic),19.55,,No
5153-RTHKF,FEMALE,0,Yes,No,34.0,Yes,Yes,Fiberoptic,No,No,No,No,Yes,No,2 Year,No,Electronic check,85.35,2896.6,No
1852-QSWCD,fe male,0,Yes,Yes,64.0,Yes,Yes,DSL,No internet service,No internet service,No internet service,No internet service,No internet service,No internet service,One Year,Yes,Mailed check,24.8,1514.85,No
4832-VRBMR,f,1,n,No,65.0,Yes,Yes,fiber,No,Yes,Yes,No,Yes,Yes,2 Year,Yes,Bank transfer (automatic),103.15,6792.45,No
9079-LWTFD,f,0,n,No,47.0,Yes,Yes,Fiber Optic,Yes,Yes,No,Yes,Yes,No,Two Year,No,Mailed check,100.75,4669.2,No
6356-ELRKD,FEMALE,0,Yes,No,1.0,Yes,No,DSL,Yes,No,No,No,Yes,Yes,Month-to-Month,Yes,Electronic check,95.6,95.6,Yes
8624-GIOUT,m,0,Yes,No,49.0,Yes,Yes,DSL,Yes,Yes,No,No,No,No,1 year,Yes,Credit card (automatic),59.75,2934.3,Yes
3392-EHMNK,FEMALE,0,NO,Yes,67.0,Yes,Yes,fiber,No,Yes,No,Yes,Yes,No,Two Year,,Credit card (automatic),94.1,,No
5986-WWXDV,f,0,No,Yes,39.0,Yes,No,Fiber Optic,No internet service,No internet service,No internet service,No internet service,No internet service,No internet service,2 year,No,Bank transfer (automatic),19.35,779.2,No
3061-BCKYI,Female,0,Yes,No,14.0,Yes,No,Fiber Optic,No internet service,No internet service,No internet service,No internet service,No internet service,No internet service,month to month,No,Mailed check,19.9,283.75,No
6179-GJPSO,f,1,NO,No,43.0,Yes,No,fiber optic,Yes,Yes,No,Yes,Yes,Yes,1 year,Yes,Credit card (automatic),108.15,4600.7,Yes
7901-TBKJX,fe male,1,n,No,56.0,Yes,Yes,Fiberoptic,No,No,Yes,No,Yes,Yes,Two Year,Yes,Electronic check,101.05,5594,No
7228-PAQPD,Male,0,NO,No,14.0,Yes,No,dsl,No,No,No,Yes,No,Yes,1 Year,No,Credit card (automatic),59.1,772.85,No
3177-LASXD,m,0,YES,No,1.0,Yes,No,Fiber Optic,No,No,No,No,No,No,Two Year,No,Electronic check,71.35,71.35,Yes
7746-QYVCO,fe male,0,y,Yes,16.0,Yes,No,Dsl,Yes,Yes,No,No,No,No,month to month,Yes,Mailed check,55.85,857.8,No
5804-HYIEZ,Male,0,Yes,Yes,70.0,Yes,Yes,Fiberoptic,Yes,Yes,No,No,Yes,Yes,One Year,Yes,Electronic check,106.05,7554.05,No
9919-FZDED,Female,1,No,No,72.0,Yes,Yes,Dsl,Yes,Yes,Yes,No,Yes,Yes,Two Year,Yes,Credit card (automatic),84.1,5981.65,No
5934-TSSAU,Male,0,No,Yes,23.0,Yes,No,Fiberoptic,No,No,Yes,No,No,No,2 Year,Yes,Credit card (automatic),75.3,1702.9,No
3486-KHMLI,fe male,0,Yes,Yes,21.0,Yes,Yes,fiber optic,No internet service,No internet service,No internet service,No internet service,No internet service,No internet service,Month-to-Month,No,Mailed check,24.7,467.15,No
4897-QSUYC,Female,0,YES,No,1.0,Yes,No,dsl,No internet service,No internet service,No internet service,No internet service,No internet service,No internet service,1 year,Yes,Mailed check,20.15,20.15,Yes
1084-UQCHV,FEMALE,0,y,Yes,1.0,Yes,No,DSL,No,No,No,No,No,No,Two Year,No,Bank transfer (automatic),69.75,69.75,Yes
8290-YWKHZ,f,1,YES,No,32.0,Yes,Yes,Fiberoptic,No,No,No,No,Yes,Yes,One Year,Yes,Electronic check,93.2,2931,Yes
2955-BJZHG,Male,0,no,Yes,17.0,Yes,No,dsl,No,No,No,No,Yes,No,1 Year,No,Electronic check,80.85,1400.85,Yes
3806-DXQOM,f,0,YES,No,4.0,No,No phone service,Fiber Optic,Yes,Yes,No,No,No,No,1 Year,Yes,Electronic check,33.65,137.85,Yes
6784-XYJAE,FEMALE,0,no,,36.0,Yes,Yes,Fiber Optic,No,No,Yes,No,No,No,month to month,No,Electronic check,55.8,1941.5,No
3933-DQPWX,Male,0,Yes,No,50.0,No,No phone service,Fiber Optic,No,Yes,Yes,Yes,No,No,2 year,No,Credit card (automatic),39.7,1932.75,No
6661-EIPZC,f,0,y,Yes,48.0,No,No phone service,Fiber Optic,No,No,No,Yes,No,No,One Year,Yes,Credit card (automatic),29.5,1423.05,No
8957-THMOA,Male,0,no,Yes,50.0,Yes,No,Fiber Optic,No internet service,No internet service,No internet service,No internet service,No internet service,No internet service,Two Year,No,Credit card (automatic),20.15,970.85,No
2251-PYLPB,Male,0,No,No,72.0,Yes,Yes,fiber,Yes,Yes,Yes,Yes,No,Yes,month to month,No,Credit card (automatic),79.55,5810.9,No
5555-RNPGT,Female,0,No,Yes,10.0,Yes,Yes,dsl,No internet service,No internet service,No internet service,No internet service,No internet service,No internet service,1 Year,,Credit card (automatic),24.8,223.9,No
1057-FOGLZ,Male,0,Yes,No,,Yes,No,fiber optic,No internet service,No internet service,No internet service,No internet service,No internet service,No internet service,month to month,No,Mailed check,19.65,391.7,No
9300-RENDD,Male,0,y,No,1.0,Yes,No,fiber optic,No,No,No,No,Yes,No,1 Year,Yes,Electronic check,79.95,79.95,Yes
0761-AETCS,Male,0,Yes,No,1.0,Yes,No,Dsl,No internet service,No internet service,No internet service,No internet service,No internet service,No internet service,Month-to-Month,No,Electronic check,19.3,19.3,Yes
8087-LGYHQ,Female,0,no,No,9.0,Yes,No,fiber optic,No,No,Yes,No,Yes,Yes,1 Year,Yes,Electronic check,94.05,811.65,No
4137-BTIKL,fe male,0,n,No,2.0,Yes,Yes,dsl,Yes,No,No,No,No,Yes,Two Year,No,Mailed check,90.75,174.75,No
2190-BCXEC,Female,0,y,No,40.0,Yes,Yes,fiber optic,No,No,No,Yes,No,No,2 year,Yes,Credit card (automatic),78.85,3126.85,No
6227-FBDXH,f,0,YES,No,69.0,Yes,Yes,fiber optic,No,No,Yes,No,Yes,Yes,month to month,No,Bank transfer (automatic),99.5,6841.45,No
2153-MREFK,fe male,0,y,No,37.0,Yes,Yes,Dsl,Yes,No,Yes,Yes,No,Yes,Two Year,Yes,Electronic check,99.2,3754.6,Yes
2911-WDXMV,Male,0,Yes,,18.0,Yes,Yes,fiber optic,No,No,Yes,No,No,No,1 year,Yes,Credit card (automatic),80.55,1406.65,No
7206-PQBBZ,m,1,No,No,11.0,Yes,No,DSL,No,No,No,No,No,No,1 year,Yes,Electronic check,70.2,834.7,No
3106-ULWFW,Male,0,NO,No,,Yes,Yes,Fiberoptic,No,No,No,No,No,Yes,1 year,Yes,Credit card (automatic),85.2,627.4,Yes
0925-VYDLG,m,0,No,No,3.0,Yes,Yes,fiber optic,No,No,No,No,No,No,Two Year,No,Electronic check,75.25,242,Yes
4547-FZJWE,Male,0,n,Yes,55.0,Yes,No,dsl,Yes,No,No,No,No,Yes,1 Year,No,Credit card (automatic),59.45,3157,No
7422-WNBTY,Female,0,n,No,33.0,Yes,Yes,DSL,No,Yes,Yes,No,No,Yes,1 year,,Electronic check,93.35,,No
0842-IWYCP,fe male,0,No,No,46.0,Yes,No,Dsl,No,No,No,No,No,No,1 year,No,Bank transfer (automatic),44.95,2168.9,No
3521-HTQTV,fe male,0,no,No,34.0,Yes,Yes,Fiberoptic,No internet service,No internet service,No internet service,No internet service,No internet service,No internet service,1 year,No,Bank transfer (automatic),26.1,980.35,No
3744-ZBHON,FEMALE,0,No,,3.0,Yes,No,Dsl,No internet service,No internet service,No internet service,No internet service,No internet service,No internet service,1 year,No,Electronic check,20.2,65.95,No
3373-DIUUN,Male,0,NO,Yes,30.0,Yes,No,Dsl,No internet service,No internet service,No internet service,No internet service,No internet service,No internet service,Month-to-Month,No,Mailed check,21.25,711.9,No
8383-SGHJU,f,0,NO,No,33.0,Yes,Yes,fiber,Yes,No,No,Yes,No,No,One Year,,Electronic check,59.4,1952.8,No
7607-QKKTJ,Female,0,Yes,Yes,45.0,Yes,Yes,fiber optic,No,Yes,Yes,No,No,Yes,Month-to-Month,Yes,Credit card (automatic),95.0,4368.85,No
7707-PYBBH,Male,0,y,No,40.0,Yes,No,Fiberoptic,Yes,Yes,No,Yes,No,No,2 Year,Yes,Mailed check,61.9,2647.1,No
8984-HPEMB,fe male,0,Yes,No,,Yes,Yes,fiber,Yes,Yes,Yes,Yes,Yes,Yes,month to month,Yes,Electronic check,118.65,8477.6,No
4349-GFQHK,Male,0,NO,No,1.0,Yes,Yes,fiber optic,No,No,Yes,No,No,No,1 Year,No,Electronic check,54.35,,Yes
4139-DETXS,Male,0,NO,Yes,72.0,No,No phone service,Fiberoptic,Yes,Yes,Yes,Yes,Yes,Yes,2 Year,,Bank transfer (automatic),64.45,,No
9779-DPNEJ,Female,0,Yes,Yes,22.0,Yes,No,DSL,No,No,No,No,No,Yes,One Year,Yes,Electronic check,80.15,1790.65,No
9805-FILKB,FEMALE,0,Yes,Yes,46.0,Yes,No,fiber optic,No internet service,No internet service,No internet service,No internet service,No internet service,No internet service,2 year,Yes,Bank transfer (automatic),,845.6,No
5793-YOLJN,Male,0,Yes,Yes,55.0,Yes,No,DSL,No internet service,No internet service,No internet service,No internet service,No internet service,No internet service,2 year,No,Mailed check,21.0,1210.3,No
0673-IGUQO,f,0,YES,,1.0,Yes,No,Fiberoptic,No internet service,No internet service,No internet service,No internet service,No internet service,No internet service,month to month,No,Mailed check,20.45,20.45,No
4123-FCVCB,Male,0,Yes,No,12.0,Yes,Yes,Fiber Optic,No,No,No,Yes,Yes,Yes,Month-to-Month,Yes,Mailed check,75.85,854.45,No
8819-IMISP,Male,0,no,No,31.0,Yes,Yes,fiber,No,Yes,No,No,No,No,month to month,Yes,Electronic check,80.45,2429.1,No
7802-EFKNY,Female,0,NO,No,5.0,No,No phone service,dsl,No,No,No,No,No,No,1 year,Yes,Electronic check,24.95,100.4,Yes
8311-UEUAB,Male,0,YES,Yes,67.0,Yes,Yes,dsl,Yes,No,No,No,Yes,Yes,1 year,Yes,Electronic check,75.5,5229.45,No
5858-EAFCZ,fe male,0,YES,No,1.0,Yes,No,Dsl,No,No,No,No,No,No,1 year,,Mailed check,44.45,44.45,No
8035-BUYVG,fe male,0,y,No,40.0,No,No phone service,Dsl,Yes,Yes,Yes,No,No,No,month to month,Yes,Electronic check,42.35,1716.45,Yes
1163-ONYEY,Male,0,No,Yes,41.0,Yes,Yes,fiber,Yes,Yes,Yes,No,Yes,No,1 Year,Yes,Credit card (automatic),74.55,3023.55,No
9787-XVQIU,fe male,0,Yes,No,1.0,Yes,Yes,Dsl,No,No,No,No,No,No,1 year,Yes,Electronic check,75.3,75.3,Yes
8945-MUQUF,fe male,0,Yes,No,51.0,Yes,Yes,fiber optic,Yes,Yes,No,No,Yes,No,2 Year,Yes,Electronic check,94.8,4837.6,Yes
5656-MJEFC,fe male,0,no,Yes,,No,No phone service,fiber optic,Yes,No,Yes,Yes,Yes,No,1 Year,No,Credit card (automatic),48.15,2032.3,No
6082-OQFBA,Male,0,y,Yes,,Yes,No,fiber,No internet service,No internet service,No internet service,No internet service,No internet service,No internet service,1 Year,No,Mailed check,19.65,436.9,No
8051-HJRLT,Female,1,NO,No,1.0,Yes,No,Dsl,No,No,No,No,No,No,1 Year,Yes,Electronic check,70.55,70.55,Yes
8974-OVACP,f,0,NO,No,1.0,Yes,No,Dsl,No internet service,No internet service,No internet service,No internet service,No internet service,No internet service,2 Year,No,Mailed check,20.15,20.15,No
4010-YLMVT,fe male,0,Yes,No,56.0,Yes,Yes,dsl,Yes,Yes,No,No,Yes,Yes,Month-to-Month,,Credit card (automatic),,5893.95,No
1379-FRVEB,f,0,NO,Yes,15.0,Yes,Yes,Dsl,No,Yes,No,No,Yes,No,1 year,,Electronic check,91.0,1430.05,No
8612-GXIDD,Male,0,n,Yes,12.0,Yes,Yes,fiber,No internet service,No internet service,No internet service,No internet service,No internet service,No internet service,1 year,Yes,Bank transfer (automatic),25.4,313,No
6288-CHQJB,f,0,no,Yes,54.0,Yes,No,Dsl,Yes,No,Yes,Yes,No,Yes,One Year,No,Bank transfer (automatic),69.95,3871.85,No
8160-HOWOX,f,0,y,No,7.0,Yes,No,Fiberoptic,No,No,No,No,Yes,Yes,One Year,Yes,Electronic check,66.85,458.1,No
3023-GFLBR,Female,0,NO,Yes,33.0,Yes,Yes,Fiber Optic,No,No,No,No,No,Yes,month to month,No,Credit card (automatic),,2745.7,Yes
6648-INWPS,fe male,0,YES,Yes,16.0,Yes,No,Fiber Optic,No internet service,No internet service,No internet service,No internet service,No internet service,No internet service,2 Year,No,Electronic check,,341.35,No
4223-BKEOR,fe male,0,Yes,Yes,21.0,Yes,No,fiber,Yes,No,Yes,No,No,Yes,1 year,No,Mailed check,64.85,1336.8,No
4079-VTGLK,m,1,Yes,No,30.0,Yes,Yes,dsl,No,No,Yes,No,Yes,Yes,One Year,No,Electronic check,74.85,2181.75,No
1763-WQFUK,FEMALE,0,YES,No,3.0,Yes,No,DSL,No,No,No,Yes,No,No,2 year,Yes,Mailed check,50.5,147.75,No
1391-UBDAR,m,0,Yes,No,11.0,Yes,No,dsl,No,No,Yes,No,No,No,2 year,No,Electronic check,72.9,,No
8894-JVDCV,f,0,NO,No,62.0,Yes,Yes,fiber optic,Yes,Yes,Yes,Yes,Yes,Yes,One Year,Yes,Credit card (automatic),115.05,7133.45,No
2023-VQFDL,FEMALE,0,NO,No,,Yes,No,dsl,No internet service,No internet service,No internet service,No internet service,No internet service,No internet service,1 Year,No,Electronic check,19.0,348.8,No
1345-GKDZZ,Male,0,no,Yes,6.0,Yes,No,dsl,No internet service,No internet service,No internet service,No internet service,No internet service,No internet service,2 year,No,Mailed check,19.55,128.6,No
2014-MKGMH,Female,0,no,No,46.0,Yes,Yes,Fiber Optic,No,No,Yes,No,Yes,Yes,1 Year,Yes,Electronic check,,4674.4,No
5628-FCGYG,Male,0,NO,No,21.0,Yes,Yes,fiber,No,No,No,No,No,Yes,One Year,,Electronic check,84.1,1737.45,No
2560-WBWXF,fe male,0,y,No,68.0,Yes,Yes,Fiberoptic,No internet service,No internet service,No internet service,No internet service,No internet service,No internet service,1 Year,Yes,Bank transfer (automatic),24.15,1498.85,No
0248-IPDFW,fe male,0,Yes,No,1.0,Yes,Yes,fiber optic,No,No,No,No,No,No,2 year,Yes,Electronic check,50.1,,No
7978-DKUQH,Male,0,no,No,,Yes,No,Fiberoptic,No,No,Yes,No,No,No,Month-to-Month,Yes,Electronic check,74.6,1797.75,No
4335-UPJSI,Female,0,No,Yes,24.0,Yes,No,fiber optic,No internet service,No internet service,No internet service,No internet service,No internet service,No internet service,1 Year,No,Mailed check,19.75,498.1,No
0524-IAVZO,Female,0,NO,No,30.0,Yes,Yes,DSL,No,No,No,No,No,Yes,Month-to-Month,Yes,Electronic check,85.0,2624.25,Yes
2737-YNGYW,Male,0,YES,No,2.0,Yes,No,DSL,No,No,No,No,No,Yes,Two Year,No,Electronic check,80.55,184.1,Yes
1784-EZDKJ,Female,0,No,No,51.0,Yes,Yes,fiber,No,Yes,Yes,No,Yes,Yes,1 Year,Yes,Bank transfer (automatic),106.8,5498.8,No
9297-FVVDH,FEMALE,0,Yes,Yes,57.0,Yes,Yes,fiber optic,Yes,No,Yes,Yes,Yes,Yes,Month-to-Month,Yes,Electronic check,84.5,4845.4,No
8007-YYPWD,m,0,Yes,No,15.0,Yes,Yes,fiber optic,No internet service,No internet service,No internet service,No internet service,No internet service,No internet service,2 year,No,Bank transfer (automatic),25.05,369.1,No
7101-HRBLJ,f,0,no,Yes,72.0,Yes,No,Fiber Optic,Yes,Yes,Yes,Yes,Yes,Yes,Two Year,Yes,Bank transfer (automatic),83.7,6096.9,No
5159-YFPKQ,fe male,0,no,No,2.0,Yes,No,DSL,No,No,Yes,No,No,No,2 year,Yes,Electronic check,75.8,160.75,Yes
6635-CPNUN,fe male,0,NO,No,28.0,Yes,Yes,Fiber Optic,No,Yes,Yes,No,Yes,No,Two Year,No,Credit card (automatic),96.6,2684.35,No
4021-RQSNY,Female,1,NO,No,29.0,Yes,Yes,Fiber Optic,No,No,Yes,No,Yes,Yes,Two Year,Yes,Electronic check,98.5,3004.15,Yes
5453-YBTWV,m,0,No,Yes,70.0,Yes,No,DSL,Yes,Yes,Yes,Yes,Yes,No,1 Year,Yes,Credit card (automatic),101.1,6994.8,No
5039-LZRQT,Female,0,n,No,13.0,Yes,No,dsl,No internet service,No internet service,No internet service,No internet service,No internet service,No internet service,1 Year,No,Mailed check,20.2,273.25,No
2931-VUVJN,m,1,n,No,59.0,Yes,Yes,DSL,Yes,Yes,Yes,Yes,No,No,One Year,Yes,Electronic check,94.05,5483.9,No
9061-TIHDA,m,1,YES,No,,Yes,Yes,Dsl,No,No,No,No,Yes,Yes,2 Year,Yes,Electronic check,95.25,1233.65,Yes
8699-ASUFO,Male,1,y,No,7.0,Yes,Yes,DSL,No,No,No,No,No,No,Two Year,Yes,Mailed check,74.4,527.9,Yes
6418-PIQSP,fe male,0,Yes,No,62.0,Yes,No,Fiber Optic,Yes,No,Yes,Yes,Yes,Yes,1 Year,No,Mailed check,81.0,4985.9,No
8220-OCUFY,f,0,No,No,21.0,Yes,No,dsl,Yes,No,Yes,Yes,No,No,2 year,Yes,Electronic check,60.25,1258.35,No
3995-WFCSM,Male,0,NO,No,2.0,Yes,No,Fiber Optic,No,No,Yes,No,No,Yes,Month-to-Month,No,Electronic check,60.85,111.4,No
1895-QTKDO,Male,0,No,No,1.0,Yes,No,Fiber Optic,No,No,No,No,No,No,2 Year,No,Credit card (automatic),43.95,43.95,No
2038-OEQZH,Female,0,NO,No,4.0,Yes,No,DSL,No,No,Yes,No,No,Yes,1 year,No,Electronic check,,308.1,No
1178-PZGAB,fe male,0,YES,No,19.0,Yes,No,DSL,No internet service,No internet service,No internet service,No internet service,No internet service,No internet service,Two Year,No,Credit card (automatic),20.25,,No
7927-AUXBZ,fe male,0,no,No,30.0,Yes,No,fiber,No,No,No,Yes,Yes,No,One Year,No,Electronic check,85.15,,Yes
2626-VEEWG,FEMALE,0,y,Yes,67.0,Yes,No,Fiberoptic,No internet service,No internet service,No internet service,No internet service,No internet service,No internet service,2 year,Yes,Credit card (automatic),19.4,1284.2,No
2878-RMWXY,Male,1,No,No,72.0,Yes,Yes,fiber,Yes,Yes,Yes,No,No,Yes,2 year,Yes,Credit card (automatic),102.65,7550.3,No
1657-DYMBM,Female,0,NO,No,53.0,Yes,No,Fiberoptic,No internet service,No internet service,No internet service,No internet service,No internet service,No internet service,month to month,No,Credit card (automatic),19.9,1110.05,No
7311-MQJCH,fe male,0,No,No,5.0,Yes,No,fiber optic,No internet service,No internet service,No internet service,No internet service,No internet service,No internet service,2 year,No,Electronic check,19.55,99.6,No
7375-WMVMT,Female,1,No,No,71.0,Yes,No,fiber optic,No,Yes,Yes,Yes,No,Yes,One Year,Yes,Credit card (automatic),95.5,,No
1136-XGEQU,Female,0,YES,Yes,50.0,Yes,Yes,Fiber Optic,No,Yes,Yes,Yes,Yes,Yes,1 year,Yes,Credit card (automatic),84.15,4164.4,No
2530-FMFXO,fe male,0,y,Yes,56.0,Yes,Yes,Dsl,No,No,Yes,Yes,Yes,Yes,1 Year,,Electronic check,103.2,5873.75,No
6844-DZKRF,Male,0,n,No,2.0,Yes,No,Fiber Optic,No,No,No,Yes,No,No,2 year,Yes,Credit card (automatic),50.2,109.25,No
4695-WJZUE,f,1,Yes,No,2.0,Yes,Yes,Dsl,No,No,Yes,No,No,Yes,Month-to-Month,Yes,Electronic check,88.55,179.25,Yes
7619-ODSGN,FEMALE,0,y,,,Yes,Yes,Fiberoptic,Yes,No,No,No,No,No,Two Year,No,Electronic check,54.75,1338.15,Yes
5970-GHJAW,Female,0,Yes,Yes,46.0,Yes,No,DSL,No internet service,No internet service,No internet service,No internet service,No internet service,No internet service,Month-to-Month,No,Credit card (automatic),19.95,862.4,No
8879-XUAHX,m,0,NO,,71.0,Yes,Yes,fiber optic,Yes,Yes,Yes,Yes,Yes,Yes,1 Year,Yes,Electronic check,116.25,8564.75,No
3689-MOZGR,Male,0,YES,No,29.0,No,No phone service,Fiberoptic,No,No,No,Yes,No,No,1 year,Yes,Electronic check,31.2,926.2,No
4195-PNGZS,FEMALE,0,YES,Yes,69.0,Yes,Yes,Fiberoptic,No internet service,No internet service,No internet service,No internet service,No internet service,No internet service,Month-to-Month,No,Bank transfer (automatic),24.45,1718.2,No
5003-XZWWO,Male,0,No,No,71.0,Yes,Yes,fiber,No,Yes,Yes,Yes,Yes,Yes,1 Year,No,Credit card (automatic),84.2,,No
3988-RQIXO,Male,1,n,No,1.0,Yes,No,DSL,No,No,No,No,Yes,Yes,month to month,Yes,Electronic check,91.3,91.3,Yes
7622-FWGEW,Female,1,no,No,,Yes,No,DSL,Yes,Yes,Yes,Yes,Yes,Yes,Two Year,Yes,Bank transfer (automatic),85.65,4824.45,No
6922-NCEDI,FEMALE,0,y,,56.0,Yes,No,Fiber Optic,No internet service,No internet service,No internet service,No internet service,No internet service,No internet service,2 Year,,Mailed check,21.2,1238.65,No
2514-GINMM,Female,0,no,No,1.0,Yes,No,Dsl,No,No,No,No,Yes,No,1 year,Yes,Electronic check,79.5,,Yes
9891-NQDBD,Male,0,YES,No,28.0,Yes,Yes,Dsl,No internet service,No internet service,No internet service,No internet service,No internet service,No internet service,One Year,No,Mailed check,25.55,672.2,No
6131-IUNXN,fe male,0,YES,Yes,19.0,Yes,No,Fiber Optic,No internet service,No internet service,No internet service,No internet service,No internet service,No internet service,One Year,No,Mailed check,,382.2,No
8548-AWOFC,m,0,y,No,66.0,Yes,Yes,DSL,No,No,No,Yes,No,Yes,2 year,,Electronic check,63.85,4264.6,No
9798-DRYDS,Male,0,Yes,Yes,17.0,Yes,Yes,DSL,No,No,Yes,Yes,No,No,One Year,Yes,Mailed check,61.95,1070.7,No
8532-UEFWH,m,0,n,Yes,,Yes,Yes,dsl,No internet service,No internet service,No internet service,No internet service,No internet service,No internet service,One Year,No,Mailed check,25.75,1345.85,No
6296-DDOOR,Male,0,n,No,19.0,Yes,No,fiber optic,No,Yes,No,No,Yes,No,2 year,No,Electronic check,58.2,1045.25,No
7951-VRDVK,Male,0,No,No,36.0,Yes,No,fiber optic,Yes,Yes,Yes,Yes,Yes,Yes,1 Year,No,Bank transfer (automatic),85.85,3003.55,No
5931-FLJJF,fe male,1,n,No,7.0,Yes,No,Fiber Optic,No,No,No,No,No,No,1 Year,,Mailed check,70.1,467.55,Yes
4815-YOSUK,m,0,y,Yes,72.0,Yes,Yes,DSL,Yes,Yes,Yes,Yes,No,Yes,1 year,Yes,Credit card (automatic),104.9,7537.5,No
2659-VXMWZ,fe male,0,NO,Yes,67.0,Yes,Yes,Fiberoptic,Yes,Yes,Yes,No,Yes,Yes,Two Year,Yes,Electronic check,111.3,7482.1,Yes
0380-NEAVX,Male,1,YES,No,34.0,Yes,No,DSL,No,Yes,Yes,No,Yes,Yes,Two Year,Yes,Electronic check,99.85,3343.15,No
3207-OYBWH,f,1,y,No,57.0,Yes,Yes,fiber,No,Yes,Yes,No,No,Yes,2 Year,Yes,Bank transfer (automatic),95.25,5427.05,Yes
4285-GYRQC,fe male,0,No,No,7.0,Yes,No,dsl,No,No,Yes,No,Yes,No,One Year,Yes,Electronic check,86.25,587.1,Yes
7216-EWTRS,FEMALE,1,Yes,No,1.0,Yes,Yes,fiber optic,No,No,Yes,No,Yes,Yes,1 Year,Yes,Electronic check,,100.8,Yes
4365-MSDYN,Female,0,no,No,8.0,Yes,No,Fiber Optic,No internet service,No internet service,No internet service,No internet service,No internet service,No internet service,1 Year,Yes,Bank transfer (automatic),19.55,161.15,No
7036-TYDEC,Female,0,y,No,69.0,Yes,Yes,DSL,No,No,Yes,Yes,Yes,Yes,One Year,,Electronic check,104.0,7028.5,No
5802-ADBRC,Female,0,Yes,No,50.0,Yes,Yes,Dsl,Yes,No,Yes,No,Yes,Yes,month to month,Yes,Mailed check,104.4,5232.9,No
8076-FEZKJ,fe male,0,No,No,10.0,Yes,No,fiber optic,No internet service,No internet service,No internet service,No internet service,No internet service,No internet service,Two Year,No,Mailed check,19.5,225.85,No
5197-YPYBZ,fe male,0,Yes,Yes,12.0,Yes,Yes,Fiberoptic,No internet service,No internet service,No internet service,No internet service,No internet service,No internet service,Two Year,No,Credit card (automatic),25.25,274.7,No
8337-MSSXB,FEMALE,0,no,No,14.0,Yes,No,Fiber Optic,No,Yes,No,No,No,Yes,1 year,Yes,Electronic check,86.3,1180.95,Yes
4312-GVYNH,Male,0,no,No,70.0,No,No phone service,dsl,Yes,No,Yes,Yes,No,Yes,Two Year,Yes,Bank transfer (automatic),49.85,3370.2,No
8495-LJDFO,Male,1,YES,,64.0,Yes,Yes,Fiberoptic,Yes,No,Yes,Yes,Yes,Yes,2 year,Yes,Bank transfer (automatic),108.95,7111.3,No
0839-JTCUD,Male,0,n,Yes,,Yes,Yes,Fiberoptic,Yes,Yes,Yes,Yes,Yes,Yes,1 Year,No,Credit card (automatic),89.9,5958.85,No
5494-WOZRZ,f,0,n,Yes,71.0,Yes,No,DSL,Yes,No,Yes,Yes,Yes,Yes,1 Year,Yes,Credit card (automatic),82.0,5999.85,No
1302-UHBDD,Male,1,No,No,20.0,Yes,No,dsl,No,No,No,No,Yes,Yes,Two Year,No,Electronic check,89.95,1648.45,No
2234-EOFPT,Male,0,YES,No,72.0,Yes,No,Fiberoptic,Yes,Yes,No,Yes,Yes,Yes,2 year,Yes,Bank transfer (automatic),79.35,5753.25,No
8619-IJNDK,fe male,0,YES,Yes,71.0,Yes,No,dsl,Yes,Yes,Yes,Yes,No,No,One Year,No,Credit card (automatic),64.05,4492.9,No
8378-LKJAF,Male,0,No,Yes,38.0,Yes,Yes,Fiberoptic,No,No,Yes,No,Yes,Yes,1 year,Yes,Credit card (automatic),101.15,,No
8182-BJDSI,FEMALE,0,NO,No,28.0,Yes,Yes,DSL,No,Yes,No,No,No,Yes,One Year,,Electronic check,89.95,2625.55,Yes
2528-HFYZX,Female,1,n,No,17.0,Yes,No,Fiber Optic,No,Yes,No,No,No,No,2 Year,Yes,Electronic check,,1233.4,Yes
1153-GNOLC,Male,0,YES,No,33.0,No,No phone service,Dsl,No,Yes,No,No,Yes,No,Two Year,Yes,Electronic check,39.1,1309,No
3298-QEICA,m,0,y,Yes,23.0,No,No phone service,Fiber Optic,Yes,No,No,Yes,No,No,1 year,,Mailed check,34.6,813.45,No
0788-DXBFY,fe male,0,No,Yes,58.0,Yes,No,dsl,No internet service,No internet service,No internet service,No internet service,No internet service,No internet service,1 year,Yes,Electronic check,19.55,1108.8,No
3597-YASZG,Male,1,n,No,70.0,Yes,Yes,fiber optic,No,Yes,No,Yes,Yes,Yes,2 Year,Yes,Bank transfer (automatic),,7349.35,No
3496-LFSZU,Female,0,no,No,4.0,Yes,No,fiber,No,No,No,No,No,No,Month-to-Month,No,Electronic check,70.5,294.2,No
5242-UOWHD,FEMALE,0,n,Yes,45.0,Yes,No,Dsl,No internet service,No internet service,No internet service,No internet service,No internet service,No internet service,1 year,No,Mailed check,20.35,,No
2482-CZGBB,fe male,0,No,No,10.0,Yes,No,fiber optic,No,No,No,No,No,No,2 Year,Yes,Electronic check,70.0,740,Yes
6479-SZPLM,Male,0,NO,Yes,36.0,Yes,No,DSL,No internet service,No internet service,No internet service,No internet service,No internet service,No internet service,1 Year,No,Credit card (automatic),19.45,754.5,No
8097-VBQTZ,fe male,0,Yes,No,54.0,Yes,No,Dsl,Yes,Yes,No,Yes,Yes,No,Month-to-Month,Yes,Mailed check,69.9,3883.3,No
4500-HKANN,Female,0,y,Yes,23.0,Yes,Yes,Fiber Optic,No,Yes,No,Yes,No,No,1 Year,No,Mailed check,59.7,1414.2,No
9917-KWRBE,Male,0,NO,Yes,41.0,Yes,Yes,DSL,Yes,Yes,Yes,No,Yes,No,Two Year,Yes,Credit card (automatic),78.35,3211.2,No
3420-ZDBMA,fe male,1,No,No,5.0,Yes,No,Fiberoptic,No,No,No,No,No,No,1 year,Yes,Mailed check,71.45,371.6,No
2212-LYASK,Male,0,Yes,Yes,27.0,No,No phone service,DSL,No,Yes,Yes,No,No,Yes,Month-to-Month,Yes,Credit card (automatic),45.85,1246.4,No
1393-IMKZG,Female,0,Yes,No,1.0,Yes,No,dsl,No,No,No,Yes,Yes,Yes,One Year,Yes,Electronic check,95.85,95.85,No
8069-RHUXK,fe male,0,n,Yes,67.0,No,No phone service,Fiberoptic,Yes,No,No,Yes,No,No,1 Year,No,Credit card (automatic),35.7,2545.7,No
3398-GCPMU,Female,1,no,,72.0,Yes,Yes,dsl,Yes,Yes,Yes,Yes,Yes,Yes,Month-to-Month,,Credit card (automatic),89.55,6448.85,No
2908-WGAXL,fe male,0,n,Yes,56.0,Yes,Yes,Dsl,No internet service,No internet service,No internet service,No internet service,No internet service,No internet service,month to month,Yes,Credit card (automatic),24.95,1468.9,No
3378-AJRAO,m,0,No,Yes,44.0,Yes,Yes,Fiberoptic,No internet service,No internet service,No internet service,No internet service,No internet service,No internet service,month to month,No,Electronic check,24.85,1013.6,No
1013-QCWAM,fe male,1,Yes,No,66.0,Yes,Yes,Fiberoptic,No,Yes,No,No,Yes,Yes,2 year,Yes,Electronic check,100.8,6690.75,No
0866-QLSIR,Female,0,y,No,34.0,Yes,Yes,Fiberoptic,Yes,Yes,No,Yes,No,No,One Year,Yes,Mailed check,64.4,2088.75,Yes
6050-FFXES,m,0,n,No,69.0,Yes,Yes,Dsl,No,No,Yes,Yes,Yes,Yes,2 Year,No,Bank transfer (automatic),105.35,7240.65,No
7181-BQYBV,FEMALE,0,Yes,,1.0,Yes,Yes,Fiber Optic,Yes,No,Yes,No,Yes,Yes,2 year,Yes,Electronic check,102.45,102.45,Yes
0362-RAOQO,FEMALE,0,no,No,40.0,Yes,No,Dsl,No internet service,No internet service,No internet service,No internet service,No internet service,No internet service,1 Year,No,Credit card (automatic),19.65,,No
9554-DFKIC,Female,0,Yes,Yes,30.0,Yes,Yes,DSL,Yes,No,No,No,No,No,2 Year,Yes,Bank transfer (automatic),54.45,1588.7,No
5527-ACHSO,m,0,n,No,11.0,Yes,No,fiber,No,No,No,Yes,Yes,Yes,One Year,No,Mailed check,70.5,829.3,No
0829-DDVLK,FEMALE,0,Yes,,15.0,Yes,No,fiber optic,No internet service,No internet service,No internet service,No internet service,No internet service,No internet service,1 Year,No,Credit card (automatic),20.1,302.45,No
1399-UBQIU,FEMALE,0,y,No,11.0,Yes,No,Fiber Optic,No,No,Yes,No,Yes,Yes,Month-to-Month,Yes,Electronic check,69.35,712.25,No
1813-JLKWR,FEMALE,0,No,Yes,64.0,Yes,No,fiber optic,No internet service,No internet service,No internet service,No internet service,No internet service,No internet service,Two Year,No,Bank transfer (automatic),19.8,1336.65,No
0336-PIKEI,Male,1,No,No,72.0,Yes,No,Dsl,Yes,Yes,Yes,Yes,Yes,No,Two Year,No,Bank transfer (automatic),74.4,,No
7322-OCWHC,Female,1,no,No,72.0,Yes,Yes,fiber optic,Yes,Yes,Yes,Yes,No,No,1 Year,Yes,Bank transfer (automatic),93.05,6735.05,No
9537-VHDTA,m,0,Yes,Yes,1.0,Yes,No,fiber optic,Yes,No,No,No,No,No,month to month,No,Mailed check,51.2,51.2,No
4957-TIALW,m,0,n,Yes,15.0,Yes,No,fiber optic,Yes,Yes,Yes,Yes,No,No,One Year,,Credit card (automatic),65.6,1010,No
2054-PJOCK,fe male,0,YES,No,60.0,Yes,Yes,Fiberoptic,No,No,Yes,Yes,Yes,Yes,1 year,No,Credit card (automatic),80.55,4847.05,No
9150-HEPMB,FEMALE,0,NO,No,56.0,Yes,No,Fiberoptic,Yes,No,Yes,No,No,No,2 year,No,Mailed check,,3019.7,No
9030-QGZNL,m,0,NO,No,8.0,Yes,No,fiber optic,No internet service,No internet service,No internet service,No internet service,No internet service,No internet service,2 Year,No,Mailed check,,161.65,No
6204-IEUXJ,FEMALE,0,NO,No,3.0,Yes,No,dsl,No,No,Yes,Yes,No,No,1 Year,No,Credit card (automatic),80.1,217.55,Yes
3126-WQMGH,Female,0,y,No,49.0,Yes,Yes,Dsl,No,No,No,No,No,No,Two Year,Yes,Credit card (automatic),52.15,2583.75,No
4529-CKBCL,m,0,n,No,2.0,Yes,No,Fiber Optic,No,No,No,No,Yes,No,2 Year,Yes,Electronic check,80.2,146.05,Yes
2506-CLAKW,Male,0,NO,,,Yes,No,Dsl,Yes,Yes,Yes,Yes,No,Yes,2 Year,Yes,Bank transfer (automatic),98.15,567.45,Yes
7176-WRTNX,f,0,No,No,70.0,Yes,Yes,Fiberoptic,Yes,Yes,Yes,Yes,Yes,Yes,2 Year,Yes,Bank transfer (automatic),114.95,7711.25,No
1583-IHQZE,Male,0,No,No,12.0,Yes,Yes,Dsl,No,Yes,Yes,Yes,Yes,Yes,Two Year,Yes,Mailed check,112.95,1384.75,Yes
5732-IKGQH,fe male,1,YES,No,52.0,Yes,No,Dsl,Yes,No,Yes,Yes,Yes,Yes,month to month,Yes,Bank transfer (automatic),104.45,5481.25,No
9239-GZHZE,Female,0,no,No,72.0,Yes,Yes,DSL,Yes,Yes,Yes,Yes,Yes,Yes,2 year,Yes,Credit card (automatic),113.65,8124.2,No
7205-BAIAD,FEMALE,0,YES,No,40.0,Yes,No,Fiber Optic,No internet service,No internet service,No internet service,No internet service,No internet service,No internet service,2 year,Yes,Bank transfer (automatic),,827.3,No
0151-ONTOV,fe male,0,Yes,No,1.0,Yes,No,DSL,No,No,No,No,No,No,Two Year,No,Mailed check,70.9,70.9,Yes
4140-MUHUG,Female,1,NO,No,3.0,Yes,No,fiber optic,No,No,Yes,No,Yes,No,month to month,Yes,Electronic check,86.85,220.95,Yes
0093-EXYQL,m,1,no,No,40.0,Yes,No,dsl,No,No,No,No,Yes,Yes,month to month,Yes,Electronic check,,3673.6,No
8064-RAVOH,Male,0,No,Yes,1.0,Yes,No,dsl,No,No,Yes,No,No,No,2 year,Yes,Electronic check,49.85,49.85,No
0219-QAERP,f,0,y,No,30.0,Yes,No,Fiber Optic,No internet service,No internet service,No internet service,No internet service,No internet service,No internet service,1 year,No,Credit card (automatic),19.8,576.65,No
0320-JDNQG,Male,0,YES,Yes,23.0,Yes,No,fiber optic,Yes,No,No,Yes,Yes,Yes,One Year,Yes,Electronic check,99.85,2331.3,Yes
7180-PISOG,Female,0,No,Yes,1.0,Yes,Yes,Dsl,No,No,No,No,No,No,1 Year,Yes,Electronic check,74.5,74.5,Yes
9168-INPSZ,m,1,n,No,44.0,Yes,Yes,dsl,No,No,Yes,Yes,Yes,Yes,2 year,No,Electronic check,104.15,4495.65,No
3571-RFHAR,f,0,no,No,65.0,Yes,Yes,Fiberoptic,No,Yes,Yes,Yes,Yes,Yes,2 year,Yes,Electronic check,109.15,,Yes
0015-UOCOJ,FEMALE,1,y,No,7.0,Yes,No,Fiberoptic,Yes,No,No,No,No,No,1 Year,Yes,Electronic check,48.2,340.35,No
5334-AFQJB,Male,1,YES,,72.0,Yes,Yes,Fiber Optic,No internet service,No internet service,No internet service,No internet service,No internet service,No internet service,Month-to-Month,Yes,Credit card (automatic),25.1,1789.9,No
2754-SDJRD,fe male,1,Yes,No,8.0,Yes,Yes,Fiber Optic,No,No,No,Yes,Yes,Yes,Two Year,Yes,Credit card (automatic),100.15,908.55,No
9578-VRMNM,Male,0,NO,No,16.0,Yes,Yes,Fiberoptic,No,No,Yes,No,No,Yes,Month-to-Month,Yes,Credit card (automatic),65.2,1043.35,Yes
1587-FKLZB,f,1,no,Yes,66.0,Yes,Yes,DSL,No,No,Yes,No,Yes,Yes,2 Year,Yes,Credit card (automatic),99.5,6822.15,Yes
6140-QNRQQ,f,0,y,No,1.0,Yes,No,Fiber Optic,No,No,No,No,No,No,2 year,Yes,Mailed check,71.55,71.55,Yes
8963-JLGJT,Male,0,No,Yes,3.0,Yes,No,DSL,Yes,No,Yes,No,No,No,month to month,No,Mailed check,55.9,157.55,No
4307-KTUMW,m,0,YES,No,53.0,Yes,Yes,Fiber Optic,Yes,No,Yes,No,No,Yes,2 Year,No,Electronic check,93.9,5029.2,Yes
1465-LNTLJ,Female,1,n,No,8.0,Yes,No,dsl,No,No,Yes,Yes,No,Yes,1 year,Yes,Credit card (automatic),64.4,581.7,No
5440-FLBQG,FEMALE,1,n,No,69.0,Yes,Yes,fiber,No,Yes,Yes,Yes,Yes,Yes,1 year,Yes,Bank transfer (automatic),,7318.2,Yes
2135-DQWAQ,Male,0,no,No,5.0,Yes,No,dsl,No,Yes,No,No,Yes,No,Month-to-Month,Yes,Mailed check,85.3,420.45,No
4056-QHXHZ,m,0,NO,Yes,72.0,Yes,Yes,Fiberoptic,Yes,No,Yes,Yes,Yes,Yes,month to month,No,Mailed check,,7576.7,No
7470-MCQTK,m,0,No,No,13.0,No,No phone service,Dsl,No,No,Yes,No,Yes,Yes,2 year,Yes,Bank transfer (automatic),48.75,,Yes
7488-MXJIV,fe male,0,y,No,4.0,Yes,Yes,fiber,No,No,No,No,Yes,No,1 year,Yes,Electronic check,85.65,321.65,Yes
7401-JIXNM,m,0,No,Yes,,Yes,Yes,Fiberoptic,Yes,Yes,Yes,Yes,Yes,Yes,2 Year,No,Credit card (automatic),91.3,4965,No
9339-FIIJL,Male,0,Yes,No,72.0,Yes,Yes,Fiberoptic,No,Yes,Yes,Yes,Yes,Yes,One Year,No,Bank transfer (automatic),85.95,6151.9,No
2027-FECZV,Female,0,No,No,12.0,Yes,Yes,DSL,No,Yes,Yes,No,Yes,Yes,2 Year,Yes,Electronic check,106.7,1253.9,Yes
2672-DZUOY,f,0,NO,No,1.0,No,No phone service,DSL,No,No,No,No,No,No,1 year,Yes,Electronic check,25.15,,Yes
4706-DGAHW,fe male,1,no,No,1.0,Yes,No,Fiber Optic,No,No,No,No,No,No,1 year,No,Electronic check,45.2,45.2,No
3870-MQAMG,f,0,y,No,54.0,Yes,Yes,dsl,No,Yes,Yes,Yes,Yes,Yes,1 Year,No,Electronic check,110.35,5893.15,Yes
6670-MFRPK,m,0,Yes,Yes,69.0,Yes,Yes,DSL,No,No,Yes,No,No,No,2 Year,Yes,Credit card (automatic),79.2,5420.65,No
6177-PEVRA,Male,0,Yes,No,48.0,Yes,No,Fiber Optic,Yes,Yes,No,No,No,No,One Year,No,Credit card (automatic),55.5,2627.35,No
4800-CZMPC,Male,0,n,Yes,48.0,Yes,Yes,fiber optic,Yes,Yes,No,No,Yes,Yes,month to month,Yes,Credit card (automatic),103.25,5037.55,Yes
4813-HQMGZ,m,0,Yes,No,8.0,Yes,Yes,DSL,No,No,No,Yes,No,Yes,2 Year,Yes,Electronic check,90.25,743.75,No
7579-KKLOE,Male,0,YES,Yes,71.0,Yes,Yes,DSL,Yes,Yes,Yes,Yes,Yes,Yes,Month-to-Month,Yes,Mailed check,,6589.6,No
7377-DMMRI,Female,0,Yes,No,2.0,Yes,No,fiber,Yes,No,No,No,No,No,1 Year,Yes,Electronic check,47.8,92.45,Yes
8402-EIVQS,f,0,Yes,,67.0,Yes,No,Fiber Optic,Yes,Yes,No,No,Yes,Yes,1 Year,Yes,Credit card (automatic),100.9,6733.15,No
4947-DSMXK,FEMALE,0,No,Yes,34.0,Yes,Yes,Dsl,No,Yes,No,No,Yes,Yes,2 Year,Yes,Bank transfer (automatic),,3410,No
7245-NIIWQ,f,0,y,No,3.0,Yes,No,Fiber Optic,No,No,No,No,No,No,2 year,Yes,Electronic check,69.85,199.85,No
0002-ORFBO,Male,0,NO,Yes,9.0,Yes,No,fiber,No,Yes,No,Yes,Yes,No,Two Year,Yes,Mailed check,65.6,593.3,No
3324-OIRTO,Female,0,n,Yes,71.0,Yes,No,Fiberoptic,Yes,Yes,Yes,No,Yes,Yes,One Year,Yes,Bank transfer (automatic),104.65,7288.4,No
5414-OFQCB,FEMALE,0,no,No,57.0,Yes,Yes,Dsl,No,No,No,Yes,Yes,No,2 year,Yes,Credit card (automatic),90.45,5229.8,No
4967-WPNCF,Female,0,Yes,No,72.0,No,No phone service,dsl,Yes,Yes,Yes,Yes,Yes,Yes,1 year,Yes,Bank transfer (automatic),63.7,4464.8,No
8552-OBVRU,FEMALE,1,y,Yes,48.0,Yes,No,fiber,Yes,No,Yes,Yes,Yes,Yes,Month-to-Month,Yes,Electronic check,104.5,5068.05,No
8499-BRXTD,FEMALE,0,Yes,No,18.0,Yes,No,Dsl,No internet service,No internet service,No internet service,No internet service,No internet service,No internet service,One Year,No,Mailed check,20.1,401.85,No
9154-QDGTH,Male,0,No,,43.0,Yes,Yes,fiber optic,No,No,Yes,Yes,Yes,Yes,1 Year,Yes,Credit card (automatic),104.3,4451.85,No
8197-BFWVU,fe male,0,Yes,Yes,72.0,Yes,Yes,dsl,Yes,Yes,Yes,Yes,Yes,Yes,month to month,,Bank transfer (automatic),93.25,6688.95,No
2577-GVSIL,fe male,0,y,Yes,35.0,Yes,Yes,DSL,No,No,No,Yes,Yes,Yes,1 Year,Yes,Bank transfer (automatic),73.45,2661.1,No
9367-OIUXP,FEMALE,0,y,No,4.0,Yes,No,Fiber Optic,No internet service,No internet service,No internet service,No internet service,No internet service,No internet service,Two Year,No,Mailed check,20.7,73.05,No
6770-UAYGJ,Female,0,No,Yes,49.0,Yes,Yes,fiber,No internet service,No internet service,No internet service,No internet service,No internet service,No internet service,Two Year,No,Mailed check,25.25,1211.65,No
6463-HHXJR,Female,0,Yes,Yes,71.0,Yes,Yes,Fiberoptic,Yes,Yes,Yes,No,Yes,No,1 year,No,Bank transfer (automatic),,7030.65,No
7928-VJYAB,FEMALE,0,n,Yes,11.0,Yes,No,Dsl,No,No,No,No,Yes,Yes,1 year,No,Electronic check,90.6,1020.2,No
1187-WILMM,fe male,0,YES,Yes,63.0,Yes,Yes,Fiber Optic,Yes,Yes,Yes,Yes,Yes,Yes,Two Year,Yes,Credit card (automatic),89.4,5597.65,No
9776-OJUZI,m,1,n,No,65.0,Yes,Yes,fiber optic,No,Yes,Yes,No,Yes,No,Two Year,Yes,Bank transfer (automatic),95.45,6223.3,No
1306-RPWXZ,Male,0,No,Yes,49.0,Yes,No,Dsl,No internet service,No internet service,No internet service,No internet service,No internet service,No internet service,2 year,No,Credit card (automatic),20.45,1024.65,No
8949-JTMAY,fe male,0,Yes,No,29.0,Yes,Yes,Fiberoptic,No,No,Yes,No,Yes,Yes,month to month,Yes,Credit card (automatic),98.6,2933.2,Yes
2774-LVQUS,Male,1,YES,No,15.0,Yes,Yes,DSL,No,No,Yes,Yes,No,No,One Year,Yes,Electronic check,83.05,1258.3,Yes
3097-PYWXL,Female,0,no,Yes,4.0,Yes,No,Fiberoptic,No internet service,No internet service,No internet service,No internet service,No internet service,No internet service,One Year,Yes,Electronic check,19.95,82.9,No
2266-SJNAT,fe male,0,Yes,No,72.0,Yes,Yes,dsl,No,Yes,Yes,Yes,Yes,Yes,2 Year,No,Credit card (automatic),109.15,7789.6,No
0869-PAPRP,Male,1,No,No,26.0,Yes,No,fiber,No,No,Yes,No,Yes,No,2 Year,Yes,Credit card (automatic),85.7,2067,No
4238-JSSWH,Male,1,YES,No,35.0,Yes,Yes,fiber optic,No,No,Yes,No,Yes,Yes,1 Year,No,Bank transfer (automatic),102.05,3452.55,No
2972-YDYUW,FEMALE,0,No,,57.0,Yes,Yes,DSL,No,Yes,No,Yes,No,Yes,month to month,No,Electronic check,94.7,5468.95,No
1104-FEJAM,Male,0,NO,Yes,28.0,Yes,Yes,fiber optic,No,Yes,No,No,No,Yes,Month-to-Month,,Electronic check,64.4,1802.15,No
2809-ILCYT,FEMALE,0,No,No,25.0,Yes,Yes,Fiberoptic,No internet service,No internet service,No internet service,No internet service,No internet service,No internet service,One Year,Yes,Mailed check,26.8,733.55,No
5499-ECUTN,fe male,0,YES,No,47.0,Yes,No,fiber optic,Yes,No,Yes,No,Yes,No,1 year,Yes,Credit card (automatic),66.05,3021.45,No
4981-FLTMF,Male,0,no,Yes,57.0,Yes,Yes,Dsl,Yes,Yes,No,Yes,No,No,One Year,No,Bank transfer (automatic),65.2,3687.85,No
9121-PHQSR,Male,1,y,,16.0,Yes,Yes,Fiberoptic,No,No,No,No,Yes,No,1 Year,Yes,Credit card (automatic),85.05,1391.15,No
3113-IWHLC,Male,0,Yes,No,5.0,Yes,No,fiber,Yes,No,Yes,No,No,No,2 year,Yes,Mailed check,55.8,274.35,No
3211-ILJTT,Male,0,NO,No,17.0,Yes,No,dsl,No,No,No,No,No,No,One Year,Yes,Bank transfer (automatic),70.4,1214.05,Yes
4612-THJBS,m,1,No,No,,Yes,Yes,Dsl,No,Yes,Yes,No,Yes,Yes,Two Year,Yes,Bank transfer (automatic),104.75,5510.65,Yes
4277-BWBML,f,0,Yes,Yes,72.0,Yes,No,dsl,No internet service,No internet service,No internet service,No internet service,No internet service,No internet service,2 Year,No,Bank transfer (automatic),19.95,1322.85,No
4094-NSEDU,fe male,1,NO,No,21.0,Yes,Yes,Dsl,No,No,No,No,Yes,Yes,month to month,Yes,Electronic check,94.25,1973.75,Yes
0234-TEVTT,Female,0,No,Yes,48.0,No,No phone service,Fiber Optic,Yes,No,Yes,No,No,Yes,1 Year,,Credit card (automatic),45.0,2196.3,No
4304-TSPVK,Male,0,no,,68.0,Yes,Yes,Fiber Optic,Yes,Yes,Yes,Yes,Yes,Yes,One Year,No,Bank transfer (automatic),,7843.55,No
1552-AAGRX,Male,0,Yes,No,30.0,Yes,Yes,fiber,Yes,No,No,Yes,Yes,Yes,One Year,No,Bank transfer (automatic),106.4,3211.9,No
2637-FKFSY,f,0,NO,No,3.0,Yes,No,fiber,No,No,No,No,No,No,Two Year,Yes,Mailed check,46.1,130.15,No
9796-MVYXX,Male,1,Yes,No,14.0,No,No phone service,DSL,Yes,No,Yes,Yes,No,No,Two Year,No,Mailed check,39.7,692.35,No
7874-ECPQJ,f,0,NO,Yes,4.0,Yes,No,Fiberoptic,No internet service,No internet service,No internet service,No internet service,No internet service,No internet service,2 Year,Yes,Bank transfer (automatic),20.05,85.5,No
0020-INWCK,m,0,n,Yes,71.0,Yes,Yes,DSL,No,Yes,Yes,No,No,Yes,One Year,Yes,Credit card (automatic),95.75,,No
7089-RKVSZ,f,0,n,Yes,8.0,Yes,Yes,fiber optic,No internet service,No internet service,No internet service,No internet service,No internet service,No internet service,Month-to-Month,No,Mailed check,24.4,203.95,No
2683-JXWQQ,f,0,n,Yes,61.0,No,No phone service,Fiber Optic,Yes,No,Yes,No,No,No,Two Year,,Bank transfer (automatic),33.6,2117.2,No
9548-ZMVTX,Female,0,n,Yes,72.0,Yes,Yes,dsl,No,Yes,Yes,Yes,No,No,2 Year,No,Bank transfer (automatic),90.45,6565.85,No
8739-XNIKG,Male,0,n,No,5.0,Yes,Yes,fiber,No,No,No,No,Yes,No,2 Year,Yes,Electronic check,84.0,424.75,No
9755-JHNMN,Male,0,No,No,49.0,Yes,No,dsl,Yes,Yes,Yes,Yes,No,No,Two Year,,Bank transfer (automatic),67.4,3306.85,No
3981-QSVQI,Male,0,no,No,8.0,Yes,No,DSL,No internet service,No internet service,No internet service,No internet service,No internet service,No internet service,Two Year,Yes,Bank transfer (automatic),,168.9,No
2789-HQBOU,Female,0,NO,No,3.0,Yes,No,dsl,No,No,No,No,No,Yes,2 Year,Yes,Electronic check,80.35,253.8,No
9424-CMPOG,m,0,no,Yes,9.0,Yes,No,Fiberoptic,No internet service,No internet service,No internet service,No internet service,No internet service,No internet service,One Year,No,Mailed check,19.6,197.4,No
5067-WJEUN,Female,0,Yes,Yes,67.0,Yes,No,fiber,Yes,Yes,No,No,No,No,1 year,Yes,Bank transfer (automatic),54.2,,No
3450-WXOAT,FEMALE,0,No,No,46.0,Yes,No,dsl,No,No,No,No,No,No,One Year,Yes,Credit card (automatic),45.2,2065.15,No
9251-WNSOD,f,0,Yes,No,67.0,Yes,Yes,Fiber Optic,Yes,Yes,Yes,No,No,Yes,1 year,No,Mailed check,75.1,5064.45,No
6974-DAFLI,FEMALE,0,YES,No,55.0,Yes,No,fiber optic,No internet service,No internet service,No internet service,No internet service,No internet service,No internet service,Two Year,No,Electronic check,19.7,1140.05,No
2616-UUTFK,fe male,0,No,No,33.0,Yes,Yes,Dsl,Yes,Yes,Yes,No,Yes,No,Two Year,Yes,Bank transfer (automatic),72.75,2447.45,No
7064-JHXCE,Male,0,no,Yes,62.0,Yes,No,Fiberoptic,No internet service,No internet service,No internet service,No internet service,No internet service,No internet service,month to month,No,Credit card (automatic),20.05,1263.9,No
5103-MHMHY,Female,0,no,,1.0,Yes,No,fiber optic,No,No,No,No,No,No,Two Year,No,Mailed check,,45.95,Yes
7989-AWGEH,f,0,Yes,Yes,49.0,No,No phone service,Fiberoptic,Yes,No,No,No,No,Yes,One Year,Yes,Electronic check,39.2,1838.15,No
4373-VVHQL,m,0,Yes,No,1.0,Yes,No,dsl,No,No,No,No,No,No,1 year,Yes,Electronic check,44.75,44.75,No
4559-UWIHT,fe male,0,Yes,No,14.0,Yes,Yes,Dsl,No,Yes,Yes,No,No,No,Month-to-Month,Yes,Electronic check,82.65,1185,No
7268-IGMFD,Male,1,NO,No,18.0,Yes,Yes,fiber optic,No,No,Yes,Yes,Yes,No,1 year,No,Bank transfer (automatic),93.9,1743.9,No
1846-XWOQN,Male,1,no,No,1.0,Yes,No,fiber,No,No,No,No,No,No,2 Year,Yes,Electronic check,70.15,70.15,Yes
0235-KGSLC,FEMALE,0,YES,No,1.0,Yes,No,Fiber Optic,No,No,Yes,No,Yes,No,2 year,Yes,Credit card (automatic),85.55,85.55,Yes
6650-BWFRT,f,0,No,No,72.0,Yes,Yes,DSL,Yes,Yes,Yes,Yes,Yes,Yes,1 year,Yes,Credit card (automatic),117.15,8529.5,No
9570-KYEUA,m,0,YES,No,64.0,Yes,Yes,DSL,Yes,No,Yes,Yes,No,Yes,1 Year,No,Credit card (automatic),99.25,6549.45,No
6993-YGFJV,Male,0,n,No,69.0,Yes,Yes,DSL,Yes,Yes,Yes,Yes,Yes,Yes,2 year,Yes,Bank transfer (automatic),112.55,7806.5,No
2712-SYWAY,fe male,0,Yes,No,1.0,Yes,Yes,Fiberoptic,No internet service,No internet service,No internet service,No internet service,No internet service,No internet service,1 year,Yes,Electronic check,25.7,25.7,No
0730-BGQGF,Female,0,NO,Yes,71.0,Yes,Yes,dsl,Yes,Yes,Yes,Yes,Yes,Yes,Two Year,No,Credit card (automatic),,6287.3,No
5498-IBWPI,fe male,0,y,Yes,66.0,Yes,No,DSL,No,No,No,Yes,No,No,2 year,Yes,Credit card (automatic),49.4,,No
9101-NTIXF,Male,0,no,No,2.0,Yes,No,dsl,No internet service,No internet service,No internet service,No internet service,No internet service,No internet service,2 year,No,Mailed check,19.4,50.6,No
0013-SMEOE,Male,1,Yes,No,71.0,Yes,No,DSL,Yes,Yes,Yes,Yes,Yes,Yes,One Year,Yes,Bank transfer (automatic),109.7,7904.25,No
9314-QDMDW,m,0,Yes,No,11.0,Yes,No,fiber,No,Yes,No,No,Yes,No,1 year,Yes,Electronic check,61.25,729.95,No
9308-ANMVE,m,0,Yes,Yes,47.0,Yes,No,Dsl,Yes,Yes,No,No,No,No,1 year,Yes,Electronic check,55.3,2654.05,No
2884-GBPFB,f,0,YES,No,35.0,Yes,No,Dsl,No,No,No,No,No,No,1 year,Yes,Electronic check,70.3,2416.55,Yes
3757-NJYBX,FEMALE,1,Yes,No,32.0,Yes,Yes,Fiber Optic,No,Yes,Yes,No,Yes,Yes,1 year,No,Bank transfer (automatic),106.35,3520.75,Yes
3413-DHLPB,Female,0,YES,Yes,60.0,Yes,Yes,fiber,No,Yes,No,Yes,Yes,Yes,month to month,Yes,Bank transfer (automatic),103.75,5969.95,No
7649-PHJVR,Male,0,n,No,11.0,Yes,No,dsl,No internet service,No internet service,No internet service,No internet service,No internet service,No internet service,One Year,No,Mailed check,19.5,226.8,No
6114-TCFID,fe male,0,Yes,No,29.0,No,No phone service,Fiberoptic,Yes,Yes,No,Yes,No,No,Two Year,No,Credit card (automatic),39.5,1082.75,No
3787-TRIAL,FEMALE,0,Yes,Yes,21.0,No,No phone service,fiber optic,No,No,No,No,No,No,1 Year,Yes,Electronic check,26.05,565.75,No
2573-GYRUU,FEMALE,1,no,No,48.0,Yes,Yes,DSL,No,No,Yes,No,No,Yes,One Year,Yes,Credit card (automatic),91.05,4370.75,No
5156-UMKOW,Male,0,no,Yes,3.0,No,No phone service,fiber optic,No,Yes,No,No,No,No,2 Year,No,Mailed check,29.65,90.05,No
1247-QBVSH,Male,0,Yes,Yes,43.0,Yes,No,Fiberoptic,No,Yes,No,No,No,No,One Year,No,Mailed check,50.2,2169.4,No
6734-GMPVK,Female,0,y,No,5.0,Yes,Yes,Fiberoptic,No,Yes,Yes,No,Yes,Yes,month to month,No,Electronic check,105.3,550.6,No
9822-OAOVB,Female,0,y,No,1.0,Yes,No,Dsl,No,No,No,No,No,Yes,One Year,Yes,Electronic check,55.45,55.45,No
6161-ERDGD,Male,0,YES,Yes,71.0,Yes,Yes,Fiber Optic,Yes,No,Yes,Yes,Yes,Yes,month to month,No,Electronic check,85.45,6300.85,No
1226-JZNKR,FEMALE,0,y,Yes,8.0,Yes,No,Fiberoptic,No internet service,No internet service,No internet service,No internet service,No internet service,No internet service,One Year,No,Electronic check,,160.05,No
7318-EIVKO,FEMALE,0,Yes,No,8.0,Yes,Yes,fiber optic,No,No,No,No,Yes,No,One Year,Yes,Electronic check,59.25,,No
3771-PZOBW,fe male,0,NO,No,20.0,Yes,Yes,fiber optic,No,No,Yes,No,Yes,No,1 Year,Yes,Credit card (automatic),90.7,1781.35,No
5136-KCKGI,Female,0,n,Yes,,Yes,Yes,fiber,Yes,No,Yes,No,Yes,Yes,Month-to-Month,Yes,Mailed check,103.7,3467,Yes
8231-BSWXX,Male,0,Yes,No,71.0,Yes,Yes,Dsl,No,Yes,No,No,No,No,2 year,Yes,Credit card (automatic),79.05,5552.5,No
6486-LHTMA,fe male,1,YES,No,31.0,Yes,Yes,Dsl,No,No,Yes,No,Yes,No,One Year,Yes,Electronic check,90.7,2835.5,No
4083-BFNYK,m,1,n,No,38.0,Yes,Yes,Dsl,Yes,Yes,No,No,No,Yes,One Year,No,Credit card (automatic),95.0,3591.25,No
3722-WPXTK,m,0,Yes,No,1.0,Yes,No,dsl,No,No,No,No,Yes,Yes,Month-to-Month,Yes,Electronic check,88.35,88.35,Yes
7389-KBFIT,Female,0,NO,Yes,2.0,No,No phone service,Fiberoptic,No,Yes,No,No,No,No,One Year,Yes,Mailed check,30.25,63.75,No
7176-WIONM,fe male,0,Yes,No,12.0,No,No phone service,DSL,No,No,Yes,No,Yes,Yes,Two Year,Yes,Bank transfer (automatic),49.85,617.15,No
5141-ZUVBH,Female,0,no,Yes,9.0,Yes,No,Fiberoptic,Yes,No,Yes,Yes,No,Yes,Two Year,No,Bank transfer (automatic),,870.25,No
1089-HDMKP,Female,1,Yes,Yes,11.0,Yes,No,Fiberoptic,No,Yes,No,Yes,No,No,month to month,Yes,Electronic check,,601.25,No
7623-HKYRK,f,0,n,,6.0,Yes,No,Fiberoptic,No internet service,No internet service,No internet service,No internet service,No internet service,No internet service,1 Year,No,Mailed check,19.7,111.65,No
0310-SUCIN,FEMALE,0,n,No,71.0,Yes,No,Fiber Optic,Yes,Yes,Yes,Yes,Yes,Yes,2 year,Yes,Bank transfer (automatic),84.8,6046.1,No
5197-PYEPU,Male,0,no,Yes,42.0,Yes,Yes,Fiber Optic,Yes,Yes,No,No,Yes,No,2 year,Yes,Credit card (automatic),94.45,3923.8,No
2929-ERCFZ,m,0,no,,8.0,Yes,No,fiber,No,No,Yes,No,Yes,Yes,2 year,Yes,Electronic check,94.2,,Yes
7548-SEPYI,fe male,0,NO,No,5.0,Yes,No,DSL,No,Yes,No,No,Yes,Yes,month to month,Yes,Electronic check,96.25,512.45,Yes
8835-VSDSE,fe male,0,YES,,2.0,Yes,No,DSL,No,No,No,No,No,No,month to month,Yes,Electronic check,70.7,141.45,Yes
6619-RPLQZ,fe male,0,Yes,Yes,45.0,Yes,No,DSL,No internet service,No internet service,No internet service,No internet service,No internet service,No internet service,2 Year,No,Mailed check,20.85,892.15,No
3275-RHRNE,Female,0,n,Yes,28.0,No,No phone service,Dsl,No,Yes,Yes,Yes,Yes,Yes,Month-to-Month,Yes,Credit card (automatic),60.0,1682.05,No
3503-TYDAY,fe male,0,y,No,43.0,Yes,Yes,fiber optic,No,Yes,No,No,No,No,month to month,No,Electronic check,80.45,3398.9,No
6901-GOGZG,FEMALE,0,n,Yes,60.0,Yes,Yes,Fiber Optic,Yes,No,Yes,Yes,Yes,Yes,Two Year,Yes,Electronic check,84.95,4984.85,No
1623-NLDOT,Male,0,Yes,No,42.0,No,No phone service,fiber,No,Yes,No,Yes,No,No,1 Year,,Mailed check,33.55,1445.3,Yes
7021-XSNYE,m,0,y,Yes,7.0,No,No phone service,Dsl,Yes,No,Yes,Yes,No,Yes,One Year,No,Credit card (automatic),49.65,305.55,No
9621-OUPYD,m,0,no,No,25.0,Yes,No,Fiber Optic,No internet service,No internet service,No internet service,No internet service,No internet service,No internet service,Month-to-Month,Yes,Bank transfer (automatic),20.2,507.9,No
9898-KZQDZ,FEMALE,1,no,Yes,40.0,Yes,Yes,Fiber Optic,No,No,No,No,Yes,Yes,month to month,Yes,Credit card (automatic),94.55,3640.45,Yes
8982-NHAVY,m,0,no,No,27.0,Yes,Yes,DSL,No,No,Yes,No,Yes,Yes,Month-to-Month,Yes,Bank transfer (automatic),100.5,2673.45,No
4307-KWMXE,Male,0,YES,No,10.0,No,No phone service,Dsl,No,Yes,No,Yes,No,No,Month-to-Month,No,Electronic check,35.75,389.8,No
0141-YEAYS,FEMALE,1,NO,No,27.0,Yes,Yes,fiber optic,No,Yes,Yes,No,No,No,2 Year,Yes,Bank transfer (automatic),86.45,2401.05,No
2450-ZKEED,fe male,0,Yes,No,11.0,Yes,No,Dsl,No,No,Yes,Yes,No,No,1 year,No,Bank transfer (automatic),,651.55,No
3694-DELSO,fe male,0,n,Yes,4.0,No,No phone service,Fiberoptic,Yes,No,No,No,Yes,No,2 year,No,Credit card (automatic),38.55,156.1,No
3893-JRNFS,f,0,Yes,No,68.0,No,No phone service,dsl,No,No,Yes,No,No,Yes,1 year,Yes,Bank transfer (automatic),39.9,2796.35,No
9603-OAIHC,Male,1,Yes,No,1.0,Yes,No,Fiber Optic,No,No,No,No,No,No,2 year,Yes,Electronic check,70.05,70.05,No
1133-KXCGE,FEMALE,0,Yes,No,18.0,Yes,No,Fiberoptic,No internet service,No internet service,No internet service,No internet service,No internet service,No internet service,Month-to-Month,No,Mailed check,20.1,407.05,No
5236-PERKL,Male,0,No,No,57.0,Yes,Yes,DSL,Yes,Yes,Yes,No,Yes,Yes,1 year,Yes,Bank transfer (automatic),112.95,,Yes
0142-GVYSN,f,0,no,No,26.0,Yes,No,dsl,No internet service,No internet service,No internet service,No internet service,No internet service,No internet service,Two Year,,Electronic check,20.3,511.25,No
1049-FYSYG,Male,0,n,No,17.0,No,No phone service,Dsl,No,Yes,Yes,No,No,No,One Year,Yes,Credit card (automatic),,646.05,No
7854-FOKSF,Male,0,n,No,1.0,No,No phone service,fiber,No,No,No,No,No,Yes,1 year,No,Electronic check,35.9,35.9,Yes
2519-FAKOD,Male,0,YES,Yes,38.0,Yes,Yes,Fiberoptic,No,No,Yes,No,Yes,Yes,Month-to-Month,Yes,Bank transfer (automatic),99.25,3777.15,Yes
8406-LNMHF,fe male,1,Yes,No,59.0,Yes,No,Dsl,Yes,Yes,Yes,No,No,No,Two Year,Yes,Credit card (automatic),82.95,4903.15,No
1821-BUCWY,Female,0,no,No,30.0,Yes,No,fiber,Yes,No,Yes,No,No,No,2 year,Yes,Mailed check,55.65,1653.85,No
8263-JQAIK,Male,1,n,,2.0,No,No phone service,dsl,No,No,No,No,No,No,One Year,Yes,Mailed check,24.45,47.5,Yes
0023-UYUPN,FEMALE,1,YES,No,50.0,Yes,Yes,Fiber Optic,No internet service,No internet service,No internet service,No internet service,No internet service,No internet service,One Year,No,Electronic check,25.2,,No
8314-DPQHL,m,0,no,,9.0,No,No phone service,fiber,Yes,No,Yes,Yes,No,Yes,Two Year,No,Mailed check,50.8,463.6,No
1465-WCZVT,Female,0,y,Yes,3.0,Yes,No,Fiberoptic,No internet service,No internet service,No internet service,No internet service,No internet service,No internet service,Two Year,No,Mailed check,19.65,60.65,No
9481-SFCQY,Female,0,No,Yes,14.0,Yes,No,dsl,No,No,Yes,No,Yes,No,One Year,Yes,Credit card (automatic),59.8,824.85,No
6360-SVNWV,f,1,No,No,31.0,Yes,No,Dsl,Yes,No,No,No,No,No,2 Year,Yes,Credit card (automatic),73.55,2094.65,No
0567-GGCAC,FEMALE,0,no,No,7.0,Yes,No,Fiber Optic,Yes,Yes,Yes,No,No,No,1 Year,No,Electronic check,61.4,438.9,No
7089-IVVAZ,Male,0,YES,No,8.0,Yes,Yes,Fiber Optic,Yes,No,No,Yes,Yes,Yes,One Year,Yes,Bank transfer (automatic),103.35,847.3,Yes
8884-MRNSU,Male,0,YES,Yes,17.0,Yes,No,DSL,No internet service,No internet service,No internet service,No internet service,No internet service,No internet service,Two Year,No,Bank transfer (automatic),19.9,329.75,No
2171-UDMFD,Male,0,n,Yes,32.0,Yes,No,fiber optic,No internet service,No internet service,No internet service,No internet service,No internet service,No internet service,Two Year,Yes,Credit card (automatic),19.45,674.55,No
9050-IKDZA,FEMALE,1,no,No,2.0,Yes,No,DSL,No,No,No,No,Yes,No,One Year,No,Mailed check,81.5,162.55,No
2205-YMZZJ,Female,1,y,No,7.0,Yes,Yes,dsl,No,No,No,No,Yes,No,month to month,Yes,Electronic check,84.8,546.95,Yes
9802-CAQUT,Male,0,Yes,Yes,72.0,Yes,Yes,DSL,Yes,Yes,Yes,No,Yes,Yes,One Year,No,Credit card (automatic),109.55,7887.25,No
1254-IZEYF,Male,1,No,No,31.0,Yes,Yes,DSL,No,Yes,No,No,Yes,Yes,1 Year,Yes,Electronic check,99.95,3186.65,Yes
0187-WZNAB,m,0,n,Yes,27.0,Yes,No,fiber,Yes,No,No,No,No,No,One Year,No,Mailed check,74.4,1972.35,No
9492-TOKRI,Female,0,n,No,18.0,Yes,Yes,Dsl,No,Yes,No,No,Yes,No,Two Year,Yes,Credit card (automatic),90.0,1527.35,Yes
1475-VWVDO,Male,0,Yes,No,7.0,Yes,No,dsl,No,No,Yes,No,No,No,2 year,Yes,Electronic check,74.9,490.55,No
9221-OTIVJ,Male,1,No,,14.0,Yes,Yes,fiber,No,Yes,Yes,No,Yes,Yes,One Year,Yes,Electronic check,104.85,1531.4,Yes
1357-MVDOZ,Female,0,Yes,Yes,11.0,Yes,No,fiber optic,No,No,Yes,No,Yes,No,1 Year,Yes,Bank transfer (automatic),59.65,683.25,No
7602-MVRMB,FEMALE,0,n,Yes,,Yes,Yes,fiber optic,Yes,No,Yes,Yes,Yes,Yes,month to month,Yes,Bank transfer (automatic),110.45,8058.85,No
3325-FUYCG,f,0,NO,Yes,28.0,Yes,Yes,Fiber Optic,Yes,Yes,No,No,Yes,Yes,1 year,No,Electronic check,106.1,2847.4,Yes
5908-QMGOE,m,1,n,No,15.0,Yes,Yes,dsl,No,No,No,No,No,No,Month-to-Month,Yes,Credit card (automatic),74.2,1133.9,Yes
1197-BVMVG,fe male,1,NO,No,4.0,Yes,Yes,Fiber Optic,No,No,No,No,No,No,2 year,Yes,Electronic check,,294.45,No
5406-KGRMX,m,0,y,,71.0,Yes,Yes,dsl,No internet service,No internet service,No internet service,No internet service,No internet service,No internet service,1 Year,No,Electronic check,24.55,1719.15,No
8481-YYXWG,Male,0,y,,5.0,Yes,No,dsl,No,Yes,No,Yes,No,Yes,1 Year,Yes,Electronic check,89.35,461.7,Yes
5968-HYJRZ,m,0,Yes,Yes,,Yes,Yes,dsl,No internet service,No internet service,No internet service,No internet service,No internet service,No internet service,2 year,No,Mailed check,24.55,1160.45,No
5198-EFNBM,Male,1,no,No,57.0,Yes,No,Dsl,No,Yes,Yes,No,Yes,No,2 year,,Electronic check,90.65,5199.8,No
7516-GMHUV,Male,1,YES,No,50.0,Yes,Yes,Dsl,Yes,No,Yes,No,Yes,Yes,1 year,Yes,Credit card (automatic),105.05,,No
7140-ADSMJ,f,0,No,No,8.0,Yes,No,Fiberoptic,No internet service,No internet service,No internet service,No internet service,No internet service,No internet service,2 Year,Yes,Credit card (automatic),20.45,162.3,No
2230-XTUWL,m,0,Yes,Yes,,Yes,No,Fiberoptic,No internet service,No internet service,No internet service,No internet service,No internet service,No internet service,month to month,No,Mailed check,19.55,883.35,No
7706-YLMQA,Male,0,NO,No,70.0,Yes,No,dsl,No internet service,No internet service,No internet service,No internet service,No internet service,No internet service,Month-to-Month,No,Bank transfer (automatic),19.7,1341.5,No
2585-KTFRE,f,0,no,Yes,1.0,Yes,No,dsl,Yes,Yes,No,Yes,No,Yes,1 Year,Yes,Bank transfer (automatic),70.45,70.45,No
7994-UYIVZ,m,0,Yes,No,8.0,Yes,Yes,DSL,No,No,No,No,No,Yes,month to month,Yes,Bank transfer (automatic),85.65,659.45,No
2609-IAICY,Female,0,no,No,1.0,Yes,Yes,dsl,No,No,No,No,No,No,Month-to-Month,Yes,Electronic check,77.15,77.15,Yes
1740-CSDJP,Male,0,YES,No,1.0,No,No phone service,DSL,No,No,No,No,No,Yes,One Year,Yes,Bank transfer (automatic),35.25,35.25,Yes
7717-BICXI,m,0,no,Yes,60.0,Yes,No,fiber,No internet service,No internet service,No internet service,No internet service,No internet service,No internet service,month to month,No,Mailed check,20.55,1205.05,No
6559-RAKOZ,m,0,y,Yes,49.0,Yes,Yes,Dsl,No,No,No,Yes,Yes,Yes,2 Year,,Electronic check,97.95,4917.9,No
2636-OHFMN,f,0,NO,No,,No,No phone service,fiber optic,No,Yes,No,No,Yes,Yes,1 Year,Yes,Electronic check,48.55,201,Yes
4716-MRVEN,fe male,0,No,No,29.0,Yes,No,fiber optic,No internet service,No internet service,No internet service,No internet service,No internet service,No internet service,1 year,No,Mailed check,20.0,599.3,No
2143-LJULT,Male,0,NO,,67.0,Yes,Yes,dsl,No internet service,No internet service,No internet service,No internet service,No internet service,No internet service,Two Year,Yes,Credit card (automatic),25.25,1733.15,No
1323-OOEPC,m,0,NO,No,53.0,Yes,Yes,dsl,No,Yes,No,No,Yes,Yes,1 year,Yes,Credit card (automatic),,5149.5,Yes
3200-MNQTF,Male,0,y,No,67.0,Yes,Yes,Dsl,Yes,Yes,Yes,Yes,No,No,month to month,No,Credit card (automatic),70.9,,No
6164-HXUGH,Female,0,n,Yes,6.0,Yes,No,fiber,No internet service,No internet service,No internet service,No internet service,No internet service,No internet service,1 Year,No,Mailed check,19.85,119.3,No
5630-IXDXV,Female,0,NO,No,47.0,Yes,Yes,fiber optic,No,Yes,Yes,No,Yes,Yes,Two Year,Yes,Electronic check,106.35,4849.1,No
0320-DWVTU,Female,0,Yes,No,53.0,Yes,No,Dsl,Yes,Yes,Yes,Yes,No,Yes,2 Year,No,Mailed check,99.5,5424.25,No
9135-MGVPY,fe male,0,No,No,,Yes,No,Fiber Optic,Yes,Yes,Yes,Yes,Yes,Yes,1 year,Yes,Mailed check,84.7,5878.9,No
1212-GLHMD,FEMALE,0,Yes,No,3.0,Yes,No,dsl,Yes,No,No,No,No,Yes,One Year,Yes,Mailed check,86.05,244.85,No
7878-JGDKK,fe male,0,n,No,4.0,Yes,No,Fiberoptic,No,No,No,No,No,No,2 Year,No,Mailed check,44.55,220.75,No
1088-AUUZZ,m,0,y,Yes,56.0,Yes,Yes,fiber optic,Yes,Yes,No,Yes,No,Yes,2 year,Yes,Credit card (automatic),75.85,4261.2,No
0397-GZBBC,fe male,1,Yes,No,59.0,Yes,Yes,Dsl,No,No,No,No,Yes,Yes,1 year,Yes,Bank transfer (automatic),93.85,5574.75,Yes
6614-YWYSC,f,1,NO,,61.0,Yes,Yes,fiber,No internet service,No internet service,No internet service,No internet service,No internet service,No internet service,Two Year,No,Bank transfer (automatic),25.0,1501.75,No
9588-OZDMQ,fe male,0,Yes,No,2.0,Yes,No,Dsl,No,No,No,No,No,No,2 year,Yes,Electronic check,45.0,89.75,No
7641-EUYET,m,1,n,Yes,46.0,Yes,Yes,dsl,Yes,Yes,Yes,No,Yes,No,Month-to-Month,Yes,Electronic check,,4541.2,Yes
6476-EPYZR,f,0,y,Yes,,Yes,No,fiber optic,No internet service,No internet service,No internet service,No internet service,No internet service,No internet service,Month-to-Month,No,Mailed check,20.5,255.5,No
9921-ZVRHG,fe male,0,Yes,No,14.0,Yes,Yes,fiber optic,No,No,Yes,No,No,No,2 Year,Yes,Electronic check,80.45,1072,Yes
1174-FGIFN,Female,0,Yes,Yes,,Yes,Yes,dsl,No,No,No,Yes,No,Yes,One Year,Yes,Electronic check,90.45,2509.25,No
6620-HVDUJ,Male,0,y,No,24.0,Yes,No,fiber,Yes,Yes,No,Yes,No,No,Month-to-Month,No,Bank transfer (automatic),60.45,1440.75,No
4701-MLJPN,m,0,NO,No,31.0,Yes,No,fiber optic,No,No,Yes,Yes,No,No,2 year,Yes,Electronic check,55.25,1715.65,Yes
1032-MAELW,fe male,0,NO,Yes,68.0,Yes,Yes,Dsl,Yes,Yes,Yes,Yes,No,Yes,month to month,Yes,Electronic check,78.45,5333.35,No
7641-TQFHN,Male,0,Yes,Yes,39.0,Yes,Yes,fiber optic,No,No,No,Yes,Yes,Yes,Month-to-Month,No,Mailed check,100.55,3895.35,No
1552-TKMXS,Male,0,YES,No,42.0,Yes,No,Dsl,No internet service,No internet service,No internet service,No internet service,No internet service,No internet service,Two Year,No,Credit card (automatic),20.35,869.9,No
9206-GVPEQ,Female,0,NO,No,13.0,No,No phone service,fiber,Yes,No,No,Yes,Yes,Yes,One Year,Yes,Electronic check,54.45,706.85,Yes
8622-ZLFKO,m,0,y,No,6.0,Yes,Yes,dsl,No,Yes,No,No,No,Yes,month to month,Yes,Electronic check,90.75,,No
1596-BBVTG,f,0,NO,No,35.0,Yes,Yes,fiber,No,No,No,No,No,No,1 year,No,Credit card (automatic),75.35,2636.05,Yes
6188-UXBBR,Female,0,Yes,No,38.0,Yes,No,Dsl,No internet service,No internet service,No internet service,No internet service,No internet service,No internet service,2 year,Yes,Credit card (automatic),20.25,814.75,No
2333-KWEWW,Male,0,n,No,,Yes,No,fiber optic,No internet service,No internet service,No internet service,No internet service,No internet service,No internet service,1 Year,No,Credit card (automatic),20.05,388.6,No
5702-SKUOB,Female,0,NO,No,4.0,Yes,No,DSL,No internet service,No internet service,No internet service,No internet service,No internet service,No internet service,2 year,No,Mailed check,19.6,,No
1134-YWTYF,Male,0,y,No,27.0,Yes,No,Dsl,No,Yes,No,Yes,No,No,Two Year,,Electronic check,53.8,1389.85,No
6061-GWWAV,Male,0,No,Yes,41.0,Yes,No,Dsl,Yes,Yes,Yes,No,Yes,No,month to month,No,Mailed check,70.2,2894.55,No
0679-TDGAK,fe male,0,NO,Yes,50.0,Yes,No,dsl,Yes,No,No,Yes,Yes,Yes,Month-to-Month,No,Electronic check,75.5,4025.6,No
6585-WCEWR,Male,0,no,Yes,72.0,Yes,No,DSL,No internet service,No internet service,No internet service,No internet service,No internet service,No internet service,1 Year,No,Electronic check,20.35,1354.4,No
9067-YGSCA,m,0,Yes,No,70.0,Yes,Yes,Fiber Optic,No internet service,No internet service,No internet service,No internet service,No internet service,No internet service,2 year,No,Credit card (automatic),,1856.4,No
9067-SQTNS,f,0,NO,Yes,44.0,Yes,No,Dsl,No internet service,No internet service,No internet service,No internet service,No internet service,No internet service,2 Year,No,Bank transfer (automatic),20.6,926,No
8433-WXGNA,f,0,y,No,2.0,Yes,No,dsl,Yes,No,No,No,No,No,1 Year,,Electronic check,75.7,189.2,Yes
1776-SPBWV,Female,0,y,Yes,34.0,Yes,No,Fiberoptic,No internet service,No internet service,No internet service,No internet service,No internet service,No internet service,month to month,Yes,Bank transfer (automatic),20.1,682.1,No
8735-SDUFN,FEMALE,1,Yes,No,72.0,Yes,Yes,DSL,No internet service,No internet service,No internet service,No internet service,No internet service,No internet service,Month-to-Month,No,Bank transfer (automatic),24.3,1778.7,No
9668-PUGNU,Male,0,YES,No,71.0,Yes,Yes,Dsl,No internet service,No internet service,No internet service,No internet service,No internet service,No internet service,1 Year,Yes,Electronic check,24.5,1816.2,No
9405-GPBBG,f,0,NO,No,64.0,Yes,Yes,fiber,No,Yes,Yes,Yes,Yes,Yes,One Year,Yes,Credit card (automatic),110.5,7069.25,No
1926-QUZNN,Male,0,YES,No,72.0,Yes,Yes,fiber,No internet service,No internet service,No internet service,No internet service,No internet service,No internet service,1 Year,Yes,Bank transfer (automatic),,1841.2,No
3707-GNWHM,Male,0,Yes,No,1.0,Yes,Yes,dsl,No,No,No,No,No,No,2 Year,,Mailed check,74.25,74.25,Yes
7016-NVRIC,FEMALE,1,YES,No,29.0,Yes,No,Fiber Optic,Yes,No,Yes,No,No,Yes,2 year,No,Bank transfer (automatic),,2656.7,No
5829-NVSQN,Female,0,Yes,No,23.0,Yes,No,Fiberoptic,Yes,No,Yes,Yes,No,Yes,Month-to-Month,Yes,Bank transfer (automatic),68.75,1689.45,No
9565-AXSMR,m,0,Yes,Yes,52.0,Yes,No,Fiberoptic,No internet service,No internet service,No internet service,No internet service,No internet service,No internet service,2 year,No,Mailed check,19.2,1054.75,No
8922-LIEGH,fe male,1,No,No,25.0,Yes,Yes,DSL,No,Yes,No,No,No,Yes,One Year,Yes,Electronic check,89.7,,Yes
8869-LIHMK,fe male,0,y,No,64.0,Yes,Yes,fiber,Yes,Yes,Yes,Yes,Yes,Yes,month to month,Yes,Bank transfer (automatic),115.1,7334.05,No
8245-UMPYT,Male,1,no,No,16.0,Yes,Yes,Fiberoptic,No,No,No,No,Yes,Yes,1 Year,Yes,Electronic check,96.4,1581.2,Yes
5186-SAMNZ,m,1,No,No,1.0,Yes,No,DSL,No,No,No,No,No,No,2 year,Yes,Bank transfer (automatic),69.5,69.5,Yes
0447-RXSGD,FEMALE,0,NO,No,24.0,Yes,Yes,Dsl,No,Yes,No,No,Yes,Yes,2 Year,Yes,Bank transfer (automatic),99.65,2404.85,No
4927-WWOOZ,FEMALE,0,NO,No,2.0,Yes,Yes,Fiberoptic,No,No,Yes,No,Yes,No,2 Year,Yes,Electronic check,91.45,171.45,No
5788-YPOEG,m,0,No,Yes,34.0,Yes,No,DSL,Yes,Yes,Yes,Yes,Yes,Yes,2 Year,No,Mailed check,84.75,2839.45,No
5373-SFODM,fe male,1,YES,No,36.0,Yes,Yes,fiber,No,No,No,No,No,Yes,2 Year,,Credit card (automatic),,3132.75,Yes
0661-KBKPA,Male,0,n,Yes,53.0,Yes,Yes,fiber optic,No,No,Yes,Yes,Yes,Yes,Two Year,Yes,Mailed check,78.75,3942.45,No
9081-WWXKP,m,0,y,Yes,47.0,Yes,No,fiber optic,No internet service,No internet service,No internet service,No internet service,No internet service,No internet service,1 year,No,Credit card (automatic),20.25,873.4,No
0784-ZQJZX,f,0,Yes,Yes,72.0,Yes,No,Dsl,No internet service,No internet service,No internet service,No internet service,No internet service,No internet service,One Year,No,Credit card (automatic),19.9,1529.65,No
3133-PZNSR,fe male,0,NO,Yes,72.0,Yes,Yes,fiber,Yes,Yes,No,Yes,No,Yes,month to month,Yes,Credit card (automatic),,6991.6,No
5766-ZJYBB,f,0,no,No,1.0,Yes,No,DSL,No internet service,No internet service,No internet service,No internet service,No internet service,No internet service,Month-to-Month,,Mailed check,19.4,19.4,Yes
8931-GJJIQ,FEMALE,0,No,No,9.0,Yes,Yes,fiber optic,No,No,No,No,No,Yes,2 year,Yes,Electronic check,83.3,803.3,Yes
4277-PVRAN,f,0,NO,No,8.0,Yes,No,fiber optic,No,No,No,No,Yes,No,Month-to-Month,Yes,Bank transfer (automatic),80.1,679.3,Yes
0022-TCJCI,fe male,1,n,No,45.0,Yes,No,DSL,Yes,No,Yes,No,No,Yes,1 year,No,Credit card (automatic),62.7,2791.5,Yes
0722-SVSFK,Female,0,n,No,7.0,Yes,No,DSL,No,No,Yes,Yes,Yes,Yes,Two Year,Yes,Electronic check,100.4,715,No
3612-YVGSJ,Male,0,n,No,71.0,Yes,Yes,fiber,No internet service,No internet service,No internet service,No internet service,No internet service,No internet service,One Year,Yes,Credit card (automatic),24.45,1681.6,No
9825-YCXWZ,Male,1,YES,No,41.0,Yes,No,DSL,No,No,Yes,Yes,Yes,Yes,1 year,Yes,Bank transfer (automatic),101.1,4016.2,No
5397-NSKQG,Female,0,n,Yes,67.0,No,No phone service,fiber optic,Yes,No,No,No,Yes,Yes,1 Year,No,Credit card (automatic),50.9,3281.65,No
8565-HBFNN,Male,0,YES,No,69.0,Yes,Yes,DSL,Yes,Yes,Yes,Yes,No,Yes,Month-to-Month,Yes,Credit card (automatic),107.2,7317.1,No
2000-DHJUY,fe male,1,Yes,No,70.0,Yes,Yes,Fiberoptic,Yes,Yes,Yes,Yes,Yes,Yes,2 Year,Yes,Bank transfer (automatic),92.2,6474.45,No
0203-HHYIJ,Female,0,y,No,25.0,Yes,Yes,Fiberoptic,No internet service,No internet service,No internet service,No internet service,No internet service,No internet service,Month-to-Month,No,Bank transfer (automatic),25.3,676.35,Yes
8670-ERCJH,FEMALE,0,Yes,No,72.0,Yes,Yes,DSL,Yes,Yes,Yes,Yes,Yes,Yes,2 Year,No,Bank transfer (automatic),113.4,8164.1,No
7758-UJWYS,Male,0,NO,Yes,34.0,No,No phone service,Fiberoptic,No,No,No,Yes,Yes,No,1 year,Yes,Electronic check,40.55,1325.85,No
2050-ONYDQ,FEMALE,0,y,Yes,65.0,Yes,Yes,DSL,No internet service,No internet service,No internet service,No internet service,No internet service,No internet service,2 year,No,Credit card (automatic),26.0,,No
7055-JCGNI,Male,0,Yes,No,70.0,Yes,Yes,Fiber Optic,Yes,Yes,Yes,Yes,Yes,Yes,2 year,Yes,Credit card (automatic),111.95,7795.95,No
0739-UUAJR,fe male,0,YES,Yes,72.0,No,No phone service,Fiberoptic,Yes,No,Yes,No,Yes,Yes,2 year,Yes,Credit card (automatic),53.8,3952.45,No
4826-DXMUP,m,0,y,Yes,35.0,Yes,No,DSL,No,No,No,Yes,Yes,Yes,Two Year,Yes,Mailed check,72.1,2495.15,No
0952-KMEEH,fe male,0,no,No,13.0,Yes,Yes,Dsl,Yes,No,No,No,Yes,Yes,2 Year,No,Mailed check,98.15,1230.25,Yes
7285-KLOTR,FEMALE,0,Yes,No,12.0,Yes,Yes,fiber optic,Yes,No,Yes,No,Yes,Yes,One Year,No,Electronic check,78.85,876.75,No
0654-PQKDW,Female,0,y,Yes,62.0,Yes,No,dsl,Yes,No,Yes,Yes,Yes,No,One Year,Yes,Bank transfer (automatic),70.75,4263.45,No
7175-NTIXE,fe male,0,y,No,25.0,Yes,No,fiber optic,Yes,No,No,Yes,Yes,Yes,1 Year,Yes,Credit card (automatic),76.15,1992.95,No
7963-SHNDT,m,0,Yes,No,52.0,No,No phone service,dsl,Yes,Yes,No,Yes,No,No,1 year,,Mailed check,39.1,1982.1,No
9796-BPKIW,m,1,n,No,8.0,Yes,No,Fiberoptic,No,No,No,No,No,No,Two Year,Yes,Credit card (automatic),69.95,562.7,No
0188-GWFLE,Female,0,Yes,No,2.0,Yes,No,fiber optic,No internet service,No internet service,No internet service,No internet service,No internet service,No internet service,Two Year,No,Mailed check,20.05,,No
8129-GMVGI,fe male,0,Yes,Yes,56.0,Yes,No,fiber,No internet service,No internet service,No internet service,No internet service,No internet service,No internet service,1 Year,No,Mailed check,20.05,1090.1,No
2882-DDZPG,Female,0,n,No,12.0,Yes,No,DSL,No internet service,No internet service,No internet service,No internet service,No internet service,No internet service,One Year,,Bank transfer (automatic),19.45,227.45,No
3547-LQRIK,f,0,no,No,,Yes,Yes,Fiber Optic,No internet service,No internet service,No internet service,No internet service,No internet service,No internet service,2 Year,No,Electronic check,26.9,1250.85,No
9137-NOQKA,fe male,1,NO,No,2.0,Yes,No,Dsl,No internet service,No internet service,No internet service,No internet service,No internet service,No internet service,Two Year,No,Electronic check,19.2,37.2,No
5843-TTHGI,Female,0,no,No,18.0,Yes,No,dsl,No,No,Yes,No,No,No,1 Year,Yes,Mailed check,50.0,892.7,No
1849-RJYIG,Male,0,Yes,No,8.0,Yes,No,dsl,Yes,No,No,No,Yes,No,Two Year,Yes,Electronic check,60.0,487.75,No
8868-GAGIO,FEMALE,0,YES,No,45.0,Yes,Yes,Dsl,Yes,No,Yes,No,No,No,One Year,Yes,Mailed check,84.55,3713.95,No
4061-UKJWL,Male,0,NO,No,3.0,Yes,No,Fiberoptic,No,No,No,No,No,No,Month-to-Month,No,Mailed check,45.45,141.7,No
5380-XPJNZ,FEMALE,0,n,No,38.0,Yes,No,fiber,No internet service,No internet service,No internet service,No internet service,No internet service,No internet service,month to month,No,Mailed check,20.05,678.2,No
8263-QMNTJ,f,0,n,No,72.0,Yes,Yes,Fiberoptic,Yes,Yes,Yes,Yes,Yes,Yes,One Year,Yes,Electronic check,115.55,8425.3,No
8178-EYZUO,Male,0,Yes,No,46.0,Yes,Yes,fiber optic,Yes,Yes,No,No,No,Yes,1 Year,Yes,Electronic check,93.7,4154.8,Yes
3230-JCNZS,Female,0,no,Yes,71.0,Yes,Yes,Fiberoptic,Yes,Yes,Yes,No,Yes,No,2 Year,Yes,Credit card (automatic),99.0,7061.65,No
0277-ORXQS,FEMALE,0,No,,66.0,No,No phone service,DSL,No,No,No,Yes,Yes,Yes,1 Year,No,Bank transfer (automatic),50.55,3364.55,No
5130-IEKQT,f,1,no,No,25.0,Yes,Yes,Fiberoptic,No,Yes,Yes,No,Yes,Yes,Two Year,No,Mailed check,105.95,2655.25,Yes
3230-WYKIR,m,0,Yes,No,18.0,Yes,Yes,Dsl,No,No,Yes,Yes,Yes,Yes,1 year,Yes,Credit card (automatic),82.0,1425.45,Yes
7996-BPXHY,Male,0,No,Yes,13.0,Yes,Yes,dsl,No internet service,No internet service,No internet service,No internet service,No internet service,No internet service,One Year,Yes,Bank transfer (automatic),25.0,332.5,No
3227-WLKLI,f,0,YES,Yes,65.0,Yes,Yes,fiber,Yes,Yes,Yes,Yes,Yes,Yes,1 year,No,Bank transfer (automatic),91.55,5963.95,No
0407-BDJKB,Female,0,no,No,60.0,Yes,Yes,fiber,No,Yes,Yes,No,Yes,No,One Year,Yes,Electronic check,95.75,5742.9,Yes
2266-FUBDZ,Male,0,Yes,Yes,15.0,Yes,No,DSL,No internet service,No internet service,No internet service,No internet service,No internet service,No internet service,Two Year,No,Mailed check,19.35,278.85,No
8237-ULIXL,m,0,No,No,72.0,Yes,Yes,Fiber Optic,No internet service,No internet service,No internet service,No internet service,No internet service,No internet service,2 year,No,Credit card (automatic),24.85,1871.85,No
9600-UDOPK,Male,0,no,No,30.0,Yes,Yes,fiber,No,No,No,No,Yes,Yes,2 year,Yes,Credit card (automatic),94.05,2866.45,Yes
8216-AZUUZ,f,0,No,Yes,42.0,Yes,No,dsl,No,No,Yes,Yes,Yes,Yes,2 year,Yes,Electronic check,100.4,4303.65,No
9153-BTBVV,Female,0,Yes,No,71.0,Yes,Yes,Dsl,No internet service,No internet service,No internet service,No internet service,No internet service,No internet service,2 Year,No,Bank transfer (automatic),25.0,1753,No
4074-SJFFA,m,0,No,,1.0,Yes,No,dsl,No,No,No,No,No,Yes,Two Year,Yes,Mailed check,54.75,54.75,Yes
3269-ATYWD,m,1,YES,No,39.0,Yes,Yes,Fiber Optic,No,No,No,No,Yes,Yes,2 Year,Yes,Bank transfer (automatic),95.65,3759.05,Yes
5186-PEIZU,FEMALE,0,y,No,35.0,Yes,No,dsl,No internet service,No internet service,No internet service,No internet service,No internet service,No internet service,One Year,No,Bank transfer (automatic),19.25,617.65,No
1074-AMIOH,Male,0,n,Yes,53.0,Yes,No,DSL,No,Yes,Yes,Yes,Yes,Yes,month to month,Yes,Bank transfer (automatic),108.25,5935.1,No
4910-GMJOT,Female,0,Yes,No,1.0,Yes,Yes,fiber optic,No,No,No,No,Yes,Yes,2 year,Yes,Electronic check,94.6,94.6,Yes
0354-WYROK,Male,1,n,Yes,31.0,Yes,No,dsl,No,No,Yes,Yes,Yes,Yes,Month-to-Month,Yes,Electronic check,98.9,2911.3,Yes
4361-FEBGN,FEMALE,0,n,No,48.0,Yes,No,fiber,No internet service,No internet service,No internet service,No internet service,No internet service,No internet service,2 Year,No,Credit card (automatic),20.15,982.95,No
7748-UMTRK,FEMALE,1,Yes,Yes,,Yes,Yes,fiber,No,No,No,Yes,Yes,Yes,1 year,,Electronic check,101.3,2974.5,No
0380-ZCSBI,Female,0,YES,No,10.0,Yes,No,DSL,No internet service,No internet service,No internet service,No internet service,No internet service,No internet service,1 Year,,Credit card (automatic),20.0,198.7,No
7145-FEJWU,Female,0,Yes,Yes,12.0,Yes,Yes,dsl,No,Yes,Yes,No,Yes,Yes,month to month,,Electronic check,105.3,1275.65,No
6463-MVYRY,Male,1,YES,No,57.0,Yes,No,fiber optic,Yes,No,Yes,Yes,Yes,No,Two Year,No,Bank transfer (automatic),69.85,4003,No
3969-JQABI,FEMALE,0,no,No,58.0,Yes,No,fiber optic,Yes,Yes,No,No,Yes,No,Two Year,Yes,Credit card (automatic),65.25,3791.6,No
9624-EGDEQ,Male,0,No,No,37.0,Yes,No,fiber,No internet service,No internet service,No internet service,No internet service,No internet service,No internet service,1 year,No,Mailed check,,813.3,No
1051-EQPZR,Female,0,y,Yes,44.0,Yes,No,fiber optic,No internet service,No internet service,No internet service,No internet service,No internet service,No internet service,2 Year,No,Mailed check,19.6,,No
5849-ASHZJ,f,0,No,Yes,27.0,Yes,No,Dsl,No internet service,No internet service,No internet service,No internet service,No internet service,No internet service,One Year,No,Credit card (automatic),20.05,,No
5780-INQIK,Female,0,no,No,8.0,Yes,No,dsl,No,No,No,Yes,No,No,One Year,No,Electronic check,49.4,408.25,No
7576-OYWBN,Female,1,Yes,,3.0,Yes,Yes,fiber optic,No,No,No,No,No,No,month to month,Yes,Electronic check,76.05,231.8,Yes
4526-ZJJTM,f,1,NO,,,Yes,No,Fiber Optic,No,Yes,Yes,No,No,Yes,Month-to-Month,No,Bank transfer (automatic),88.4,2191.15,No
8384-FZBJK,Male,0,NO,Yes,57.0,Yes,Yes,DSL,No,Yes,No,No,Yes,Yes,2 year,Yes,Electronic check,100.6,5611.7,No
3750-RNQKR,Female,0,Yes,No,12.0,Yes,No,fiber optic,No internet service,No internet service,No internet service,No internet service,No internet service,No internet service,2 Year,,Mailed check,19.45,246.25,No
0962-CQPWQ,Male,0,YES,Yes,62.0,Yes,No,fiber optic,No internet service,No internet service,No internet service,No internet service,No internet service,No internet service,2 Year,,Bank transfer (automatic),20.3,1296.15,No
3096-YXENJ,Male,0,NO,No,65.0,Yes,Yes,Fiber Optic,No,Yes,Yes,Yes,Yes,Yes,1 year,Yes,Bank transfer (automatic),107.65,7082.85,No
1265-BCFEO,fe male,0,Yes,No,71.0,Yes,Yes,DSL,No,No,Yes,Yes,Yes,Yes,Two Year,Yes,Bank transfer (automatic),80.45,5662.25,No
5837-LXSDN,Female,0,NO,Yes,21.0,Yes,No,Dsl,No,Yes,No,No,Yes,No,month to month,Yes,Credit card (automatic),58.85,1215.45,No
5945-AZYHT,f,0,YES,No,71.0,Yes,Yes,fiber,Yes,Yes,Yes,No,Yes,Yes,2 year,Yes,Electronic check,109.6,7854.15,No
8325-QRPZR,Male,0,No,No,7.0,Yes,No,Fiberoptic,No,No,Yes,No,No,No,2 Year,Yes,Electronic check,75.15,525,No
6384-VMJHP,Male,0,NO,No,72.0,Yes,No,dsl,Yes,Yes,Yes,Yes,No,Yes,Two Year,Yes,Credit card (automatic),73.0,5265.2,No
2262-SLNVK,fe male,0,YES,No,1.0,Yes,No,Fiberoptic,No,No,No,No,No,No,One Year,No,Electronic check,70.1,70.1,No
7730-CLDSV,Male,0,no,Yes,72.0,Yes,Yes,dsl,No,Yes,Yes,Yes,No,Yes,Two Year,Yes,Bank transfer (automatic),98.65,7129.45,No
1135-HIORI,Male,0,n,Yes,64.0,Yes,Yes,fiber optic,No,Yes,Yes,Yes,Yes,Yes,2 year,Yes,Electronic check,111.45,7266.95,No
0164-APGRB,Female,0,Yes,No,72.0,Yes,Yes,fiber,Yes,Yes,Yes,Yes,Yes,Yes,month to month,Yes,Electronic check,114.9,8496.7,No
6481-ESCNL,Female,0,n,No,29.0,Yes,Yes,dsl,No,No,Yes,No,Yes,Yes,month to month,No,Bank transfer (automatic),100.55,2878.75,No
1790-NESIO,m,0,n,No,13.0,Yes,No,Fiberoptic,No internet service,No internet service,No internet service,No internet service,No internet service,No internet service,month to month,Yes,Mailed check,20.4,261.3,No
1550-EENBN,Male,0,YES,No,31.0,Yes,Yes,dsl,Yes,Yes,No,No,Yes,Yes,1 Year,No,Electronic check,104.35,3205.6,No
5539-TMZLF,m,1,No,No,1.0,Yes,No,Fiber Optic,No,No,No,No,No,No,Two Year,Yes,Electronic check,69.75,69.75,Yes
4323-SADQS,Female,0,Yes,Yes,7.0,No,No phone service,DSL,Yes,No,No,Yes,No,No,1 Year,Yes,Electronic check,34.5,279.25,Yes
4446-BZKHU,f,0,Yes,No,61.0,Yes,Yes,Dsl,No,Yes,Yes,No,Yes,Yes,month to month,Yes,Electronic check,105.55,6281.45,Yes
5202-IVJNU,Female,0,Yes,Yes,39.0,No,No phone service,Fiber Optic,No,No,Yes,No,No,No,Two Year,No,Credit card (automatic),30.1,1131.3,Yes
5976-JCJRH,fe male,0,NO,No,10.0,Yes,No,dsl,No,No,No,No,No,No,1 Year,Yes,Electronic check,70.3,738.2,Yes
8198-RKSZG,fe male,0,n,Yes,14.0,Yes,Yes,Fiberoptic,No,Yes,No,Yes,Yes,Yes,Two Year,No,Credit card (automatic),80.45,1137.05,No
0137-OCGAB,Female,0,n,No,1.0,Yes,Yes,Fiberoptic,No,Yes,No,No,No,No,One Year,Yes,Mailed check,80.2,80.2,Yes
3351-NQLDI,Female,0,YES,Yes,67.0,Yes,Yes,Fiberoptic,Yes,No,No,Yes,No,Yes,1 Year,Yes,Credit card (automatic),94.35,6341.45,Yes
9297-EONCV,Male,0,y,,72.0,Yes,Yes,fiber,Yes,Yes,Yes,Yes,Yes,Yes,Month-to-Month,Yes,Bank transfer (automatic),91.35,6697.2,No
7593-JNWRU,FEMALE,0,y,Yes,6.0,Yes,No,Dsl,No,No,No,No,No,No,1 year,Yes,Bank transfer (automatic),44.6,,Yes
4588-YBNIB,Male,0,Yes,No,1.0,Yes,No,Fiberoptic,No internet service,No internet service,No internet service,No internet service,No internet service,No internet service,2 Year,Yes,Mailed check,19.6,19.6,Yes
1069-QJOEE,m,0,Yes,Yes,25.0,Yes,No,dsl,No internet service,No internet service,No internet service,No internet service,No internet service,No internet service,2 Year,No,Electronic check,19.9,505.45,No
3336-JORSO,FEMALE,1,Yes,No,33.0,Yes,Yes,Fiber Optic,No,Yes,Yes,Yes,Yes,Yes,2 Year,Yes,Electronic check,110.45,3655.45,Yes
7799-DSEWS,Female,0,No,No,18.0,Yes,No,Fiberoptic,Yes,No,Yes,Yes,Yes,No,Two Year,Yes,Electronic check,68.35,1299.8,No
8766-PAFNE,Male,0,NO,No,71.0,Yes,No,dsl,No,Yes,Yes,Yes,Yes,Yes,month to month,Yes,Credit card (automatic),79.1,5564.85,No
5315-CKEQK,FEMALE,1,Yes,Yes,28.0,Yes,Yes,fiber optic,No,No,No,No,No,No,Two Year,Yes,Electronic check,51.0,1381.8,No
3130-ICDUP,FEMALE,0,YES,Yes,2.0,Yes,Yes,Dsl,Yes,No,No,No,No,No,1 year,No,Credit card (automatic),80.55,188.1,No
0820-FNRNX,Female,0,No,Yes,17.0,Yes,Yes,Fiber Optic,No,Yes,Yes,Yes,No,No,1 year,,Mailed check,66.7,1077.05,No
0880-FVFWF,Male,0,No,No,56.0,Yes,Yes,fiber optic,Yes,Yes,No,No,No,No,2 Year,Yes,Electronic check,86.4,4922.4,No
4611-ANLQC,m,0,NO,No,60.0,No,No phone service,DSL,Yes,Yes,Yes,No,No,Yes,1 Year,No,Electronic check,50.05,2911.5,No
4213-HKBJO,Female,0,n,No,33.0,Yes,Yes,Fiber Optic,No internet service,No internet service,No internet service,No internet service,No internet service,No internet service,Month-to-Month,No,Credit card (automatic),25.7,826.1,No
2792-LSHWX,f,0,Yes,No,1.0,Yes,No,dsl,Yes,Yes,No,Yes,No,No,1 Year,Yes,Mailed check,83.4,83.4,No
5028-GZLDO,f,0,No,No,2.0,Yes,No,dsl,No,No,No,No,No,No,1 Year,No,Credit card (automatic),70.7,140.7,Yes
0014-BMAQU,m,0,NO,No,63.0,Yes,Yes,fiber,Yes,No,No,Yes,No,No,Month-to-Month,Yes,Credit card (automatic),84.65,,No
6861-XWTWQ,Male,1,NO,No,7.0,Yes,Yes,Dsl,No,No,Yes,No,Yes,Yes,month to month,Yes,Electronic check,99.25,665.45,Yes
9018-PCIOK,f,0,no,No,55.0,Yes,No,fiber,No,Yes,Yes,No,No,Yes,2 year,,Mailed check,64.75,3617.1,No
4837-QUSFT,Male,0,y,No,65.0,Yes,Yes,Fiberoptic,Yes,Yes,No,Yes,Yes,No,1 Year,Yes,Bank transfer (automatic),100.15,6643.5,No
6877-TJMBR,m,0,No,No,1.0,Yes,No,fiber optic,No,No,No,Yes,Yes,No,1 year,,Electronic check,84.8,84.8,Yes
9953-ZMKSM,FEMALE,0,n,No,,Yes,Yes,fiber optic,No internet service,No internet service,No internet service,No internet service,No internet service,No internet service,1 Year,No,Mailed check,25.25,1559.3,No
0907-HQNTS,f,1,Yes,No,70.0,Yes,Yes,dsl,Yes,Yes,Yes,Yes,Yes,Yes,Two Year,Yes,Credit card (automatic),113.0,7987.6,No
7665-NKLAV,FEMALE,0,Yes,Yes,36.0,No,No phone service,dsl,Yes,No,Yes,Yes,No,No,2 Year,No,Credit card (automatic),40.65,1547.35,No
6769-DCQLI,f,0,NO,No,,Yes,No,DSL,No,Yes,Yes,Yes,Yes,Yes,2 Year,Yes,Bank transfer (automatic),105.0,5426.85,Yes
2433-KMEAS,f,0,YES,No,22.0,Yes,Yes,Fiberoptic,Yes,No,No,No,No,No,2 Year,Yes,Electronic check,54.45,1127.35,Yes
4391-LNRXK,FEMALE,0,no,No,22.0,Yes,No,Fiberoptic,No,Yes,Yes,Yes,No,Yes,1 Year,,Bank transfer (automatic),94.95,2142.8,No
8250-ZNGGW,Male,1,n,No,5.0,Yes,No,DSL,Yes,Yes,No,Yes,No,No,1 Year,No,Credit card (automatic),59.9,287.85,No
2195-ZRVAX,f,0,n,No,47.0,Yes,No,Fiber Optic,No,No,Yes,No,No,Yes,2 Year,,Electronic check,,4045.65,Yes
3550-SAHFP,m,0,No,No,33.0,Yes,Yes,dsl,No,No,No,No,No,Yes,One Year,Yes,Electronic check,83.35,2757.85,Yes
2011-TRQYE,f,0,n,No,18.0,No,No phone service,dsl,No,Yes,Yes,No,No,No,One Year,Yes,Credit card (automatic),33.5,600,Yes
8562-GHPPI,Female,0,no,No,1.0,Yes,No,fiber,No internet service,No internet service,No internet service,No internet service,No internet service,No internet service,2 year,No,Credit card (automatic),19.8,19.8,No
5893-PYOLZ,Male,0,y,No,56.0,Yes,No,Dsl,No,Yes,Yes,Yes,Yes,Yes,month to month,Yes,Credit card (automatic),81.8,,No
4986-MXSFP,Male,0,y,No,,Yes,No,fiber optic,No internet service,No internet service,No internet service,No internet service,No internet service,No internet service,1 Year,Yes,Mailed check,20.0,40.9,No
6131-FOYAS,fe male,0,No,No,,Yes,Yes,dsl,Yes,No,Yes,No,No,No,2 Year,Yes,Electronic check,59.6,2094.9,No
3027-YNWZU,fe male,0,no,No,64.0,Yes,Yes,fiber optic,No internet service,No internet service,No internet service,No internet service,No internet service,No internet service,month to month,,Credit card (automatic),25.0,1584.8,No
5609-IMCGG,m,0,No,No,15.0,Yes,Yes,DSL,Yes,No,Yes,No,No,No,2 Year,Yes,Credit card (automatic),,1302.65,No
4873-ILOLJ,m,0,NO,No,24.0,Yes,No,Fiber Optic,No,No,No,No,Yes,Yes,1 Year,Yes,Electronic check,90.35,2238.5,Yes
4727-MCYZG,f,0,no,No,1.0,Yes,No,fiber optic,No,No,No,No,No,Yes,2 year,No,Mailed check,55.55,55.55,No
9481-WHGWY,Male,0,Yes,Yes,70.0,Yes,No,fiber,Yes,No,No,Yes,Yes,Yes,1 year,No,Credit card (automatic),75.35,5437.75,No
2725-KXXWT,f,0,y,No,1.0,Yes,No,fiber,No,No,No,No,Yes,Yes,One Year,Yes,Electronic check,90.75,90.75,Yes
9565-DJPIB,m,0,y,Yes,4.0,Yes,Yes,dsl,No,Yes,No,No,Yes,No,2 Year,No,Mailed check,,365.65,Yes
4328-VUFWD,f,0,y,No,39.0,Yes,No,fiber optic,No,No,No,Yes,No,Yes,month to month,No,Electronic check,59.3,2209.15,No
3301-LSLWQ,fe male,0,YES,No,29.0,Yes,Yes,dsl,Yes,No,No,No,No,Yes,1 year,Yes,Electronic check,66.1,1912.15,No
7473-ZBDSN,Male,0,Yes,Yes,14.0,Yes,No,Fiberoptic,No internet service,No internet service,No internet service,No internet service,No internet service,No internet service,2 year,No,Mailed check,18.8,255.55,No
3166-PNEOF,Male,0,Yes,No,61.0,Yes,Yes,DSL,Yes,No,Yes,Yes,Yes,Yes,1 year,No,Credit card (automatic),86.45,,No
5639-NTUPK,m,0,y,Yes,13.0,Yes,No,Dsl,Yes,No,No,No,No,No,Two Year,Yes,Credit card (automatic),52.1,670.65,No
8780-YRMTT,Male,0,Yes,No,66.0,No,No phone service,fiber,Yes,Yes,Yes,Yes,No,No,1 Year,Yes,Mailed check,47.4,3177.25,No
8348-HFYIV,m,0,Yes,No,,No,No phone service,Fiberoptic,No,No,Yes,No,Yes,Yes,month to month,Yes,Electronic check,49.25,90.35,Yes
5140-FOMCQ,FEMALE,0,No,No,59.0,Yes,Yes,fiber optic,Yes,Yes,Yes,No,Yes,Yes,1 Year,Yes,Credit card (automatic),109.15,6557.75,No
6242-SGYTS,FEMALE,0,Yes,Yes,62.0,Yes,Yes,Fiberoptic,Yes,Yes,No,No,Yes,No,2 Year,Yes,Credit card (automatic),,5791.85,No
8166-ORCHU,Female,1,no,No,33.0,Yes,No,DSL,Yes,Yes,No,Yes,No,Yes,One Year,Yes,Electronic check,93.55,3055.5,No
8414-OOEEL,f,0,NO,Yes,66.0,Yes,No,fiber optic,No,Yes,Yes,Yes,Yes,Yes,One Year,Yes,Credit card (automatic),79.5,5196.1,No
8454-AATJP,m,0,no,No,,Yes,Yes,DSL,Yes,Yes,Yes,Yes,Yes,Yes,1 year,,Credit card (automatic),115.05,8405,No
6849-WLEYG,Male,0,n,Yes,1.0,Yes,No,Dsl,No internet service,No internet service,No internet service,No internet service,No internet service,No internet service,Month-to-Month,No,Mailed check,19.75,19.75,Yes
4659-NZRUF,Female,0,y,No,19.0,Yes,Yes,dsl,Yes,Yes,No,No,No,Yes,month to month,Yes,Electronic check,95.15,1789.25,Yes
4531-AUZNK,f,0,no,Yes,51.0,Yes,Yes,DSL,Yes,No,No,Yes,Yes,No,Month-to-Month,Yes,Mailed check,95.15,5000.05,No
4191-XOVOM,m,0,Yes,No,63.0,Yes,Yes,dsl,No,Yes,No,Yes,Yes,Yes,One Year,,Electronic check,105.4,6713.2,No
2150-OEGBV,m,0,NO,No,27.0,Yes,No,fiber,No internet service,No internet service,No internet service,No internet service,No internet service,No internet service,1 year,No,Bank transfer (automatic),20.1,562.6,No
8429-XIBUM,fe male,0,Yes,No,22.0,Yes,Yes,fiber,Yes,No,No,No,Yes,Yes,Two Year,Yes,Bank transfer (automatic),101.35,2317.1,Yes
1855-CFULU,m,1,Yes,No,4.0,Yes,No,fiber optic,No internet service,No internet service,No internet service,No internet service,No internet service,No internet service,2 Year,No,Mailed check,20.05,91.45,No
4878-BUNFV,FEMALE,0,Yes,Yes,42.0,Yes,No,fiber optic,No internet service,No internet service,No internet service,No internet service,No internet service,No internet service,2 year,No,Mailed check,20.7,828.85,No
1872-EBWSC,Female,0,no,No,29.0,Yes,No,Fiber Optic,No internet service,No internet service,No internet service,No internet service,No internet service,No internet service,1 Year,No,Mailed check,,617.35,No
2608-BHKFN,m,0,no,No,4.0,Yes,No,fiber optic,No,No,No,No,No,No,month to month,Yes,Credit card (automatic),70.05,266.9,Yes
7026-YMSBE,FEMALE,0,NO,No,30.0,Yes,No,fiber,No internet service,No internet service,No internet service,No internet service,No internet service,No internet service,One Year,No,Mailed check,19.7,,No
7341-LXCAF,fe male,0,n,,4.0,Yes,Yes,Fiber Optic,No,No,No,No,No,No,1 year,Yes,Electronic check,74.65,301.4,Yes
6997-UVGOX,Male,0,No,Yes,71.0,Yes,No,fiber,Yes,Yes,Yes,Yes,Yes,Yes,1 year,No,Bank transfer (automatic),85.45,6029.9,No
9674-EHPPG,FEMALE,0,NO,No,46.0,No,No phone service,fiber,Yes,No,Yes,Yes,No,No,2 Year,No,Credit card (automatic),40.4,1842.7,No
9462-MJUAW,Male,0,n,No,4.0,Yes,Yes,dsl,No,No,No,No,No,No,1 Year,,Mailed check,50.4,206.6,Yes
8128-YVJRG,Female,0,NO,No,7.0,Yes,Yes,Dsl,Yes,No,No,No,No,No,One Year,Yes,Mailed check,79.65,,Yes
5440-VHLUL,m,0,no,No,69.0,Yes,Yes,DSL,No,Yes,No,Yes,Yes,Yes,2 year,,Bank transfer (automatic),105.2,7386.05,No
5781-BKHOP,m,0,Yes,No,72.0,Yes,Yes,fiber,Yes,Yes,Yes,No,Yes,No,1 year,No,Bank transfer (automatic),,7334.05,No
4283-FUTGF,Female,1,y,No,19.0,Yes,Yes,DSL,No,No,Yes,No,No,No,Month-to-Month,Yes,Electronic check,79.85,1471.75,Yes
5213-TWWJU,FEMALE,0,y,No,28.0,Yes,No,fiber optic,No,No,Yes,Yes,No,Yes,Month-to-Month,No,Electronic check,91.0,2626.15,No
1569-TTNYJ,f,0,no,No,5.0,Yes,Yes,dsl,No,Yes,No,No,No,No,2 year,Yes,Electronic check,78.75,412.1,Yes
8628-MFKAX,Male,1,Yes,No,72.0,Yes,Yes,DSL,Yes,Yes,Yes,Yes,Yes,Yes,One Year,Yes,Credit card (automatic),116.75,8277.05,No
2397-BRLOM,Female,1,No,Yes,8.0,Yes,No,Fiberoptic,No,No,No,No,Yes,No,One Year,,Credit card (automatic),80.45,583.45,Yes
7629-WIXZF,Male,0,y,No,7.0,Yes,No,Fiber Optic,Yes,No,No,No,No,Yes,One Year,Yes,Electronic check,59.1,369.25,No
5445-GLVOT,Female,0,YES,No,22.0,Yes,No,DSL,Yes,No,No,No,No,No,1 year,Yes,Electronic check,49.8,1049.05,No
3976-HXHCE,m,0,Yes,No,72.0,Yes,No,Fiber Optic,No internet service,No internet service,No internet service,No internet service,No internet service,No internet service,One Year,No,Bank transfer (automatic),19.3,1414.8,No
2466-NEJOJ,m,0,No,Yes,,Yes,No,Fiber Optic,No internet service,No internet service,No internet service,No internet service,No internet service,No internet service,2 Year,No,Credit card (automatic),19.65,169.75,No
0254-KCJGT,Male,0,No,No,52.0,Yes,Yes,fiber optic,Yes,Yes,Yes,Yes,No,Yes,month to month,Yes,Credit card (automatic),81.4,4354.45,No
5472-CVMDX,f,0,No,No,68.0,No,No phone service,dsl,Yes,No,Yes,Yes,No,No,2 Year,,Mailed check,38.9,2719.2,No
6461-SZMCV,m,0,no,No,71.0,Yes,Yes,Dsl,Yes,Yes,Yes,Yes,Yes,Yes,1 Year,No,Bank transfer (automatic),87.95,6365.35,No
8150-QUDFX,Male,0,y,No,2.0,Yes,No,dsl,No internet service,No internet service,No internet service,No internet service,No internet service,No internet service,1 year,No,Mailed check,19.85,51.6,No
9508-ILZDG,f,1,Yes,No,34.0,Yes,Yes,DSL,No,Yes,No,Yes,Yes,No,2 year,,Electronic check,96.35,3190.25,No
2346-DJQTB,m,0,YES,No,35.0,No,No phone service,Fiberoptic,No,No,No,No,No,No,2 Year,No,Electronic check,,812.5,No
1697-LYYYX,FEMALE,0,NO,,61.0,Yes,No,DSL,No internet service,No internet service,No internet service,No internet service,No internet service,No internet service,Two Year,No,Credit card (automatic),19.1,1143.8,No
1942-OQFRW,fe male,0,Yes,No,1.0,Yes,No,fiber optic,No,No,No,No,No,No,1 Year,No,Electronic check,44.0,,No
4749-VFKVB,Male,0,YES,No,1.0,Yes,Yes,Fiberoptic,No,No,No,No,No,No,1 Year,Yes,Mailed check,,50.1,Yes
9640-ZSLDC,f,0,Yes,Yes,53.0,Yes,No,DSL,No,No,Yes,No,No,Yes,Two Year,No,Credit card (automatic),60.6,,No
4231-LZUYM,Male,0,n,No,72.0,Yes,Yes,fiber,No internet service,No internet service,No internet service,No internet service,No internet service,No internet service,2 Year,No,Bank transfer (automatic),25.65,1887,No
7598-UAASY,fe male,0,no,No,2.0,Yes,No,dsl,No,No,Yes,No,No,No,Two Year,No,Electronic check,76.4,151.8,Yes
7938-OUHIO,Male,0,NO,No,3.0,Yes,No,Dsl,No,No,Yes,Yes,Yes,Yes,2 Year,Yes,Electronic check,98.7,293.65,Yes
8510-AWCXC,FEMALE,1,n,No,13.0,Yes,Yes,Fiberoptic,Yes,No,No,No,Yes,Yes,month to month,Yes,Electronic check,100.8,1308.1,Yes
6128-AQBMT,fe male,1,NO,No,41.0,No,No phone service,DSL,No,Yes,Yes,No,Yes,Yes,Month-to-Month,Yes,Electronic check,53.95,2215.4,No
3594-BDSOA,FEMALE,0,YES,No,24.0,Yes,No,fiber optic,No internet service,No internet service,No internet service,No internet service,No internet service,No internet service,1 Year,No,Credit card (automatic),20.4,482.8,No
0431-APWVY,Female,0,Yes,Yes,28.0,Yes,No,DSL,No,No,No,No,Yes,Yes,month to month,Yes,Bank transfer (automatic),90.1,2598.95,Yes
5133-VRSAB,FEMALE,0,YES,No,8.0,No,No phone service,fiber optic,Yes,No,No,No,No,No,2 Year,No,Mailed check,29.35,216.45,No
5996-DAOQL,m,0,Yes,No,1.0,Yes,No,Fiberoptic,No internet service,No internet service,No internet service,No internet service,No internet service,No internet service,Month-to-Month,Yes,Mailed check,20.45,20.45,No
6838-YAUVY,Female,0,Yes,No,54.0,Yes,Yes,dsl,No,No,Yes,Yes,No,Yes,One Year,Yes,Bank transfer (automatic),95.1,5064.85,No
0484-JPBRU,Female,0,NO,No,41.0,Yes,Yes,dsl,No internet service,No internet service,No internet service,No internet service,No internet service,No internet service,1 Year,Yes,Bank transfer (automatic),25.25,996.45,No
7883-ROJOC,Male,0,y,No,19.0,Yes,No,fiber,No,No,No,No,No,No,Month-to-Month,No,Mailed check,44.9,839.65,No
0244-LGNFY,fe male,0,YES,Yes,72.0,Yes,Yes,Fiber Optic,Yes,Yes,Yes,Yes,Yes,Yes,2 year,No,Bank transfer (automatic),92.65,6733,No
7274-CGTOD,fe male,0,No,No,62.0,No,No phone service,Fiber Optic,Yes,Yes,Yes,Yes,No,No,Month-to-Month,Yes,Bank transfer (automatic),43.7,2618.3,No
4295-YURET,m,1,y,Yes,56.0,Yes,No,Dsl,Yes,No,No,Yes,Yes,Yes,1 year,Yes,Credit card (automatic),72.6,4084.35,No
3426-NIYYL,fe male,0,y,No,15.0,Yes,Yes,dsl,No,No,No,No,No,No,2 Year,No,Electronic check,51.55,765.5,Yes
8225-BTJAU,Male,1,y,No,10.0,Yes,No,dsl,No,No,No,No,No,Yes,2 year,Yes,Electronic check,79.25,793.55,Yes
4635-EJYPD,Female,0,no,Yes,32.0,Yes,No,Dsl,No internet service,No internet service,No internet service,No internet service,No internet service,No internet service,Month-to-Month,No,Mailed check,18.95,613.95,No
1866-ZSLJM,m,0,Yes,No,21.0,Yes,No,DSL,No internet service,No internet service,No internet service,No internet service,No internet service,No internet service,One Year,No,Credit card (automatic),20.5,402.85,No
4636-TVXVG,Male,0,Yes,Yes,62.0,Yes,No,Dsl,No internet service,No internet service,No internet service,No internet service,No internet service,No internet service,month to month,No,Bank transfer (automatic),19.95,,No
4236-UJPWO,Male,0,No,No,2.0,No,No phone service,DSL,No,No,No,No,No,No,Month-to-Month,No,Electronic check,24.5,46.4,No
9392-XBGTD,fe male,0,n,Yes,27.0,Yes,No,DSL,No internet service,No internet service,No internet service,No internet service,No internet service,No internet service,1 year,No,Mailed check,20.6,581.85,No
3387-VATUS,f,0,Yes,No,5.0,Yes,Yes,dsl,No,No,No,No,Yes,Yes,month to month,Yes,Bank transfer (automatic),94.85,462.8,Yes
6402-SSEJG,Male,0,YES,No,25.0,No,No phone service,dsl,Yes,Yes,Yes,No,Yes,Yes,month to month,No,Electronic check,61.05,1540.2,No
1143-NMNQJ,m,0,y,,2.0,Yes,Yes,Dsl,No,No,No,No,No,Yes,Month-to-Month,Yes,Electronic check,85.7,169.8,Yes
1169-SAOCL,m,0,Yes,No,49.0,Yes,Yes,DSL,No,Yes,No,Yes,Yes,Yes,2 Year,Yes,Bank transfer (automatic),106.65,5168.1,No
1110-KYLGQ,f,0,Yes,No,63.0,Yes,Yes,Fiber Optic,Yes,Yes,Yes,No,Yes,Yes,Month-to-Month,No,Credit card (automatic),,6780.1,No
9929-PLVPA,FEMALE,0,Yes,Yes,4.0,Yes,No,Dsl,No internet service,No internet service,No internet service,No internet service,No internet service,No internet service,Two Year,No,Credit card (automatic),20.4,94.5,No
3518-PZXZQ,m,0,Yes,No,1.0,Yes,No,dsl,No,No,No,No,Yes,No,2 Year,Yes,Mailed check,,55.3,No
2371-JUNGC,FEMALE,0,y,No,11.0,Yes,No,DSL,No internet service,No internet service,No internet service,No internet service,No internet service,No internet service,1 year,No,Mailed check,20.25,208,No
7693-QPEFS,Female,1,y,No,52.0,Yes,Yes,dsl,No,No,No,No,No,No,2 year,,Bank transfer (automatic),72.95,3829.75,No
0924-BJCRC,Female,1,y,No,60.0,Yes,Yes,DSL,No,Yes,No,No,No,Yes,One Year,No,Electronic check,89.45,5294.6,No
5074-FBGHB,Female,0,Yes,,64.0,Yes,Yes,Dsl,No,No,Yes,Yes,Yes,Yes,1 year,Yes,Credit card (automatic),104.65,,No
2351-BKRZW,Female,0,YES,Yes,43.0,Yes,No,dsl,Yes,No,Yes,No,Yes,Yes,2 Year,No,Bank transfer (automatic),75.2,3254.35,No
4455-BFSPD,Male,0,NO,No,61.0,Yes,Yes,Fiber Optic,No,No,No,Yes,Yes,Yes,month to month,No,Bank transfer (automatic),101.15,6383.9,No
0415-MOSGF,Female,0,no,No,1.0,Yes,No,Dsl,No,No,No,No,No,No,One Year,No,Mailed check,44.4,44.4,Yes
1724-BQUHA,Male,1,Yes,No,5.0,Yes,No,DSL,No,No,No,No,Yes,Yes,1 Year,,Electronic check,89.5,477.7,Yes
3948-KXDUF,f,0,NO,No,66.0,Yes,Yes,fiber optic,Yes,Yes,Yes,Yes,No,No,1 Year,No,Bank transfer (automatic),68.75,4447.55,No
2323-ARSVR,m,0,Yes,No,67.0,Yes,No,DSL,Yes,Yes,Yes,Yes,Yes,Yes,month to month,Yes,Electronic check,111.05,7321.05,No
0815-MFZGM,Male,0,NO,No,42.0,Yes,No,fiber,No,No,Yes,Yes,Yes,Yes,month to month,Yes,Credit card (automatic),99.0,4135,No
4826-XTSOH,Male,1,Yes,No,1.0,Yes,Yes,Fiberoptic,No,No,No,No,Yes,No,Two Year,Yes,Electronic check,86.05,86.05,Yes
5480-XTFFL,f,0,y,Yes,,Yes,No,Dsl,No internet service,No internet service,No internet service,No internet service,No internet service,No internet service,One Year,No,Mailed check,21.0,697.7,No
8295-FHIVV,m,0,YES,No,,Yes,No,fiber optic,No internet service,No internet service,No internet service,No internet service,No internet service,No internet service,month to month,Yes,Mailed check,19.4,168.65,No
2495-INZWQ,Male,0,Yes,No,4.0,No,No phone service,DSL,No,No,No,No,Yes,Yes,1 Year,Yes,Electronic check,44.55,174.3,Yes
9086-YJYXS,m,0,No,Yes,,Yes,Yes,fiber,No,No,Yes,No,Yes,Yes,Month-to-Month,No,Bank transfer (automatic),77.2,2753.8,No
1179-INLAT,f,0,y,No,3.0,Yes,No,fiber optic,No internet service,No internet service,No internet service,No internet service,No internet service,No internet service,One Year,Yes,Mailed check,19.45,69.25,No
7909-FIOIY,FEMALE,0,no,Yes,19.0,No,No phone service,DSL,No,No,No,No,No,No,2 year,Yes,Mailed check,24.85,434.8,No
4139-SUGLD,Female,0,No,Yes,31.0,No,No phone service,DSL,Yes,No,No,Yes,No,No,month to month,No,Bank transfer (automatic),35.4,1077.5,Yes
6857-VWJDT,Male,0,Yes,No,1.0,Yes,Yes,fiber optic,No,No,No,No,Yes,Yes,2 Year,No,Mailed check,95.65,95.65,Yes
6351-SCJKT,fe male,0,Yes,No,3.0,No,No phone service,Fiberoptic,Yes,No,Yes,Yes,No,No,2 Year,No,Mailed check,41.35,107.25,No
5468-BPMMO,Female,0,No,No,46.0,Yes,No,Fiberoptic,No internet service,No internet service,No internet service,No internet service,No internet service,No internet service,2 year,No,Electronic check,19.6,851.2,No
5624-BQSSA,f,0,n,No,1.0,Yes,No,fiber,No internet service,No internet service,No internet service,No internet service,No internet service,No internet service,1 year,No,Mailed check,20.95,,Yes
0197-PNKNK,fe male,0,n,Yes,69.0,Yes,Yes,Dsl,Yes,No,Yes,No,No,No,1 Year,No,Bank transfer (automatic),84.45,5848.6,No
2439-QKJUL,m,0,NO,No,,Yes,No,Fiberoptic,No internet service,No internet service,No internet service,No internet service,No internet service,No internet service,Month-to-Month,No,Mailed check,20.25,109.8,No
1194-SPVSP,Male,0,Yes,No,1.0,Yes,No,Dsl,No internet service,No internet service,No internet service,No internet service,No internet service,No internet service,2 year,No,Bank transfer (automatic),19.65,19.65,No
9534-NSXEM,Female,0,Yes,,26.0,Yes,No,Fiber Optic,No internet service,No internet service,No internet service,No internet service,No internet service,No internet service,2 Year,Yes,Credit card (automatic),20.65,595.5,No
2408-WITXK,fe male,1,no,No,10.0,No,No phone service,Fiber Optic,No,No,No,No,No,Yes,1 Year,Yes,Electronic check,34.7,329.8,Yes
8929-KSWIH,Male,0,y,No,25.0,Yes,No,Fiberoptic,No,No,Yes,Yes,Yes,Yes,month to month,No,Bank transfer (automatic),99.3,2513.5,No
2250-IVBWA,f,0,No,Yes,64.0,Yes,No,fiber,Yes,Yes,No,No,No,No,1 Year,No,Electronic check,,5135.35,No
1810-MVMAI,m,0,Yes,,30.0,Yes,Yes,Dsl,Yes,Yes,Yes,Yes,No,No,Month-to-Month,No,Electronic check,67.6,2000.2,No
9506-UXUSK,m,0,no,No,13.0,Yes,No,Fiberoptic,No,No,No,No,No,No,month to month,Yes,Electronic check,70.15,931.75,No
1229-RCALF,f,0,No,No,64.0,Yes,Yes,DSL,Yes,Yes,Yes,Yes,Yes,Yes,2 year,Yes,Electronic check,115.0,7396.15,No
3572-UOLYZ,FEMALE,0,y,Yes,46.0,Yes,Yes,fiber optic,No,No,Yes,Yes,No,No,month to month,Yes,Bank transfer (automatic),84.8,3958.85,No
1429-UYJSV,Male,0,Yes,No,12.0,Yes,No,dsl,No internet service,No internet service,No internet service,No internet service,No internet service,No internet service,Month-to-Month,,Mailed check,19.7,260.9,No
5577-OTWWW,Male,0,y,No,15.0,Yes,No,fiber,No internet service,No internet service,No internet service,No internet service,No internet service,No internet service,Month-to-Month,No,Bank transfer (automatic),19.75,297.3,Yes
6100-QQHEB,fe male,0,YES,Yes,17.0,Yes,Yes,Dsl,No,No,No,No,Yes,Yes,One Year,,Electronic check,92.55,1515.1,Yes
6366-XIVKZ,Female,0,YES,Yes,13.0,Yes,No,dsl,Yes,No,Yes,No,No,Yes,1 year,,Mailed check,63.15,816.8,No
3470-OBUET,Male,0,Yes,Yes,67.0,Yes,Yes,fiber,Yes,Yes,No,Yes,Yes,No,1 year,,Credit card (automatic),74.0,,No
2770-NSVDG,FEMALE,0,No,No,24.0,No,No phone service,Fiber Optic,No,No,Yes,No,No,No,1 year,No,Electronic check,29.1,688,No
9375-MHRRS,FEMALE,0,No,No,6.0,Yes,No,Fiberoptic,No,No,No,Yes,No,No,2 Year,No,Mailed check,50.05,288.35,No
2634-HCZGT,FEMALE,1,no,No,53.0,Yes,Yes,fiber optic,Yes,No,No,Yes,No,No,2 Year,Yes,Electronic check,,3229.65,Yes
7503-QQRVF,f,1,Yes,,16.0,Yes,No,DSL,No,Yes,No,No,No,No,Two Year,Yes,Credit card (automatic),74.3,1178.25,Yes
4860-YZGZM,FEMALE,0,NO,No,10.0,Yes,No,dsl,No internet service,No internet service,No internet service,No internet service,No internet service,No internet service,2 Year,No,Electronic check,20.0,185.4,No
6599-GZWCM,Female,0,no,No,13.0,Yes,No,Fiberoptic,No,Yes,No,No,No,No,2 year,Yes,Mailed check,74.65,966.25,No
2691-NZETQ,Male,0,No,No,9.0,Yes,Yes,fiber optic,No,No,No,No,Yes,No,Two Year,Yes,Electronic check,85.35,758.6,Yes
4404-HIBDJ,FEMALE,0,No,No,25.0,Yes,No,Fiber Optic,Yes,Yes,Yes,Yes,Yes,No,One Year,No,Mailed check,74.3,1863.8,Yes
5533-NHFRF,m,1,YES,No,,No,No phone service,dsl,No,Yes,No,Yes,No,Yes,2 year,Yes,Electronic check,44.4,265.8,No
7037-MTYVW,m,0,Yes,Yes,38.0,Yes,Yes,fiber,Yes,No,Yes,Yes,Yes,Yes,2 Year,Yes,Bank transfer (automatic),85.4,,No
4760-THGOT,FEMALE,0,Yes,No,43.0,Yes,Yes,fiber,Yes,Yes,No,No,No,Yes,2 Year,Yes,Electronic check,94.1,4107.3,No
7295-JOMMD,f,0,no,Yes,4.0,Yes,No,fiber,No,No,Yes,Yes,Yes,Yes,1 year,Yes,Bank transfer (automatic),98.1,396.3,Yes
4016-BJKTZ,f,0,y,No,25.0,Yes,Yes,Fiberoptic,No,Yes,Yes,Yes,Yes,Yes,month to month,No,Electronic check,108.9,2809.05,No
6584-VQMYT,Female,0,Yes,Yes,27.0,Yes,No,Fiberoptic,Yes,Yes,No,No,No,No,1 year,No,Mailed check,56.2,1567.55,No
9838-BFCQT,Male,0,Yes,Yes,72.0,Yes,Yes,Fiberoptic,No internet service,No internet service,No internet service,No internet service,No internet service,No internet service,1 year,No,Mailed check,26.1,1851.45,No
2790-XUYMV,Male,0,n,Yes,71.0,Yes,Yes,fiber,Yes,Yes,No,No,No,No,Month-to-Month,Yes,Credit card (automatic),85.45,6028.95,No
0581-MDMPW,Male,0,No,No,24.0,Yes,Yes,DSL,No,No,Yes,No,Yes,No,1 year,Yes,Credit card (automatic),88.95,2072.75,No
5013-SBUIH,m,0,Yes,No,,Yes,Yes,fiber,Yes,Yes,No,Yes,Yes,Yes,2 Year,Yes,Electronic check,109.65,5551.15,Yes
1023-BQXZE,FEMALE,0,No,No,57.0,Yes,No,Fiber Optic,Yes,No,Yes,No,Yes,Yes,1 Year,Yes,Bank transfer (automatic),74.35,4317.35,No
9163-GHAYE,Male,0,y,No,15.0,Yes,No,DSL,No,Yes,No,No,No,No,1 year,No,Electronic check,48.85,736.8,No
3904-UKFRE,f,0,No,No,4.0,Yes,Yes,fiber,Yes,No,No,No,No,No,2 year,Yes,Electronic check,80.1,,No
5353-WILCI,f,0,YES,No,28.0,Yes,No,fiber,Yes,Yes,No,No,No,No,Month-to-Month,No,Electronic check,56.05,1522.65,No
0709-TVGUR,Male,1,n,No,9.0,Yes,Yes,Fiberoptic,No,No,No,No,No,No,Month-to-Month,,Electronic check,74.55,622.9,Yes
0058-EVZWM,fe male,0,Yes,No,55.0,Yes,Yes,Dsl,Yes,No,No,No,Yes,No,Month-to-Month,Yes,Bank transfer (automatic),89.8,4959.6,No
6023-YEBUP,Female,0,YES,No,3.0,Yes,Yes,fiber optic,No,No,Yes,No,Yes,Yes,month to month,Yes,Electronic check,100.95,329.95,Yes
7209-JCUDS,FEMALE,0,Yes,No,10.0,Yes,No,DSL,No,No,Yes,No,Yes,Yes,One Year,Yes,Electronic check,94.9,1048.85,Yes
7009-PCARS,Female,0,no,Yes,,Yes,No,dsl,No internet service,No internet service,No internet service,No internet service,No internet service,No internet service,Month-to-Month,No,Bank transfer (automatic),19.1,1001.5,No
0519-DRGTI,Female,0,YES,Yes,20.0,Yes,No,dsl,No internet service,No internet service,No internet service,No internet service,No internet service,No internet service,One Year,No,Mailed check,20.35,442.6,No
1017-FBQMM,Male,0,y,Yes,62.0,Yes,Yes,Dsl,No,Yes,No,Yes,Yes,Yes,2 Year,Yes,Credit card (automatic),106.05,6703.5,No
3001-CBHLQ,Male,1,y,No,32.0,Yes,Yes,fiber optic,No,No,Yes,Yes,Yes,Yes,One Year,Yes,Electronic check,104.9,3351.55,Yes
1985-MBRYP,Male,0,Yes,No,43.0,Yes,No,DSL,No internet service,No internet service,No internet service,No internet service,No internet service,No internet service,Two Year,Yes,Bank transfer (automatic),19.65,779.25,No
6158-DWPZT,f,0,y,No,9.0,No,No phone service,fiber optic,No,No,No,No,No,No,1 year,No,Bank transfer (automatic),24.1,259.8,Yes
9372-TXXPS,m,0,n,No,60.0,Yes,No,fiber,Yes,Yes,No,Yes,No,No,1 year,No,Bank transfer (automatic),59.85,3483.45,No
3259-QMXUN,Male,0,y,No,58.0,Yes,Yes,Fiberoptic,Yes,Yes,Yes,No,Yes,Yes,Month-to-Month,Yes,Electronic check,86.1,4890.5,No
1015-JPFYW,Male,0,Yes,Yes,7.0,Yes,No,DSL,No internet service,No internet service,No internet service,No internet service,No internet service,No internet service,One Year,,Mailed check,,136.75,No
6645-MXQJT,f,0,YES,Yes,2.0,Yes,No,DSL,Yes,No,No,No,Yes,Yes,Two Year,No,Electronic check,97.1,184.15,No
4360-QRAVE,Male,1,No,No,37.0,No,No phone service,fiber optic,No,Yes,Yes,No,No,No,1 Year,No,Electronic check,36.65,1315,No
8433-WPJTV,fe male,1,YES,Yes,65.0,Yes,Yes,Dsl,No,No,Yes,Yes,Yes,Yes,2 year,Yes,Bank transfer (automatic),103.9,6767.1,No
5804-JMYIO,FEMALE,0,y,Yes,39.0,Yes,No,Fiber Optic,No internet service,No internet service,No internet service,No internet service,No internet service,No internet service,1 year,No,Mailed check,19.75,757.95,No
3763-GCZHZ,Female,0,Yes,No,,Yes,Yes,dsl,No,Yes,No,Yes,Yes,Yes,Two Year,Yes,Electronic check,104.05,6890,Yes
6484-LATFU,Male,0,NO,,,Yes,Yes,Fiberoptic,No internet service,No internet service,No internet service,No internet service,No internet service,No internet service,month to month,No,Mailed check,24.55,1657.4,No
7599-NTMDP,FEMALE,0,Yes,,62.0,No,No phone service,fiber optic,Yes,Yes,No,Yes,Yes,No,One Year,No,Bank transfer (automatic),,3008.55,No
0772-GYEQQ,f,0,y,No,3.0,Yes,No,fiber optic,No,No,Yes,Yes,Yes,No,month to month,Yes,Mailed check,88.35,262.05,Yes
0536-ACXIP,m,0,YES,No,72.0,Yes,Yes,fiber optic,Yes,Yes,Yes,No,Yes,Yes,month to month,Yes,Electronic check,109.55,8165.1,No
0936-NQLJU,Male,0,Yes,No,41.0,Yes,No,DSL,No internet service,No internet service,No internet service,No internet service,No internet service,No internet service,2 year,No,Credit card (automatic),20.65,875.55,No
4831-EOBFE,Male,0,Yes,Yes,29.0,Yes,No,dsl,Yes,No,No,No,Yes,Yes,Two Year,No,Credit card (automatic),94.65,2649.15,Yes
1575-KRZZE,Female,0,NO,No,4.0,Yes,No,Fiber Optic,Yes,Yes,No,No,No,No,2 year,No,Electronic check,55.2,220.65,No
3251-YMVWZ,fe male,0,No,No,53.0,Yes,Yes,fiber,No internet service,No internet service,No internet service,No internet service,No internet service,No internet service,One Year,No,Bank transfer (automatic),24.05,,No
4102-OQUPX,fe male,1,no,No,1.0,Yes,Yes,fiber,No,No,No,No,No,No,month to month,Yes,Electronic check,74.4,74.4,Yes
9170-GYZJC,Male,0,NO,Yes,,Yes,Yes,dsl,Yes,Yes,Yes,Yes,No,Yes,2 Year,No,Credit card (automatic),79.9,3326.2,Yes
4884-LEVMQ,f,0,no,No,39.0,Yes,No,fiber,No internet service,No internet service,No internet service,No internet service,No internet service,No internet service,2 year,Yes,Bank transfer (automatic),20.45,790,No
8857-CUPFQ,Male,0,No,No,63.0,Yes,No,Dsl,No internet service,No internet service,No internet service,No internet service,No internet service,No internet service,2 year,No,Mailed check,19.25,1237.65,No
7610-TVOPG,FEMALE,0,y,No,15.0,Yes,Yes,fiber,No internet service,No internet service,No internet service,No internet service,No internet service,No internet service,2 year,,Electronic check,26.35,,No
3638-DIMPH,fe male,0,NO,No,13.0,Yes,No,Dsl,No,No,No,No,No,No,1 year,No,Electronic check,43.8,592.65,No
1845-ZLLIG,fe male,0,No,No,1.0,Yes,No,Dsl,No,Yes,No,No,No,No,1 year,Yes,Mailed check,50.15,50.15,No
8559-WNQZS,fe male,0,No,No,1.0,Yes,No,fiber,No internet service,No internet service,No internet service,No internet service,No internet service,No internet service,2 year,No,Mailed check,,20.45,No
3999-QGRJH,Female,1,no,No,,Yes,No,Fiber Optic,No,No,No,No,No,No,Two Year,Yes,Electronic check,69.7,560.85,Yes
1699-UOTXU,Male,0,y,No,60.0,Yes,No,Fiber Optic,Yes,Yes,Yes,No,No,No,Two Year,No,Electronic check,61.4,3638.25,No
2454-RPBRZ,m,1,NO,No,12.0,Yes,Yes,Fiber Optic,No,Yes,Yes,No,Yes,No,Two Year,Yes,Electronic check,98.1,1060.2,Yes
0635-WKOLD,Female,0,Yes,No,,Yes,Yes,DSL,No,Yes,No,Yes,Yes,No,1 Year,No,Credit card (automatic),70.75,2921.75,No
5993-JSUWV,f,0,No,No,66.0,Yes,No,dsl,Yes,Yes,Yes,No,No,No,2 year,Yes,Bank transfer (automatic),61.15,,No
4518-FZBSX,Female,0,Yes,Yes,42.0,Yes,No,Fiber Optic,No internet service,No internet service,No internet service,No internet service,No internet service,No internet service,Month-to-Month,No,Mailed check,20.25,854.9,No
5387-ASZNZ,f,1,n,No,66.0,Yes,Yes,dsl,Yes,Yes,No,Yes,No,No,month to month,Yes,Credit card (automatic),63.85,4174.35,No
6988-CJEYV,fe male,0,YES,No,49.0,Yes,Yes,DSL,No,Yes,No,No,Yes,Yes,1 Year,No,Electronic check,98.7,4920.55,No
2002-MZHWP,Female,0,Yes,No,1.0,Yes,No,Fiberoptic,No internet service,No internet service,No internet service,No internet service,No internet service,No internet service,Month-to-Month,No,Mailed check,20.5,,Yes
3097-FQTVJ,FEMALE,0,y,No,41.0,Yes,No,fiber optic,No internet service,No internet service,No internet service,No internet service,No internet service,No internet service,month to month,No,Mailed check,20.0,810.3,No
5465-BUBFA,f,0,No,Yes,41.0,Yes,No,fiber,No internet service,No internet service,No internet service,No internet service,No internet service,No internet service,1 year,No,Bank transfer (automatic),19.3,772.4,No
7299-GNVPL,Male,0,No,Yes,23.0,Yes,No,fiber,Yes,Yes,No,Yes,No,No,1 Year,No,Mailed check,84.4,1936.85,No
9743-DQKQW,fe male,0,n,No,3.0,No,No phone service,Fiberoptic,No,No,No,No,No,No,month to month,No,Electronic check,25.1,79.8,No
1215-VFYVK,FEMALE,0,n,No,4.0,No,No phone service,Fiberoptic,Yes,No,Yes,Yes,No,Yes,One Year,No,Mailed check,48.25,202.25,No
9371-BITHB,m,0,NO,Yes,52.0,Yes,No,Dsl,No internet service,No internet service,No internet service,No internet service,No internet service,No internet service,1 Year,No,Mailed check,19.85,1070.5,No
2265-CYWIV,fe male,1,y,No,4.0,Yes,Yes,fiber,Yes,No,No,No,Yes,Yes,One Year,Yes,Electronic check,99.6,347.65,Yes
9093-FPDLG,FEMALE,0,NO,No,11.0,Yes,No,Fiberoptic,No,Yes,Yes,Yes,No,Yes,2 Year,Yes,Electronic check,94.2,999.9,No
0541-FITGH,f,0,Yes,,2.0,Yes,No,Dsl,Yes,No,No,No,No,Yes,1 year,Yes,Mailed check,62.15,113.1,No
6985-HAYWX,Female,0,Yes,No,,Yes,Yes,dsl,No,Yes,No,No,No,No,One Year,No,Bank transfer (automatic),79.3,2015.8,No
7508-KBIMB,m,0,no,Yes,24.0,Yes,No,Fiberoptic,Yes,No,Yes,No,No,No,month to month,Yes,Credit card (automatic),56.25,1454.25,No
6838-HVLXG,f,0,NO,No,12.0,Yes,No,Fiberoptic,No internet service,No internet service,No internet service,No internet service,No internet service,No internet service,One Year,No,Mailed check,20.3,246.7,No
2277-DJJDL,Male,1,NO,No,60.0,Yes,Yes,Dsl,No,No,No,Yes,Yes,Yes,One Year,Yes,Electronic check,99.0,6017.9,No
1897-OKVMW,Male,0,NO,Yes,64.0,Yes,Yes,fiber,Yes,Yes,Yes,Yes,Yes,Yes,month to month,Yes,Mailed check,90.6,5817.45,No
5485-ITNPC,fe male,0,No,No,66.0,Yes,No,Fiber Optic,Yes,Yes,Yes,Yes,Yes,Yes,1 Year,Yes,Bank transfer (automatic),,5595.3,No
0233-FTHAV,Female,0,y,No,60.0,Yes,Yes,Dsl,No,No,Yes,No,No,No,One Year,,Bank transfer (automatic),79.2,4765,No
4644-PIZRT,Female,0,n,Yes,17.0,Yes,Yes,dsl,Yes,No,Yes,No,Yes,No,Month-to-Month,Yes,Bank transfer (automatic),70.35,1201.65,No
8922-NPKBJ,Male,0,Yes,Yes,42.0,Yes,No,DSL,No internet service,No internet service,No internet service,No internet service,No internet service,No internet service,month to month,No,Mailed check,19.35,867.3,No
2740-TVLFN,m,0,n,No,1.0,Yes,Yes,fiber optic,No,No,No,No,No,No,2 Year,Yes,Electronic check,50.15,50.15,No
7771-CFQRQ,Male,0,Yes,Yes,47.0,Yes,No,DSL,No,Yes,No,Yes,No,Yes,2 year,No,Bank transfer (automatic),63.8,3007.25,No
9512-PHSMG,Male,0,n,No,10.0,Yes,No,dsl,No internet service,No internet service,No internet service,No internet service,No internet service,No internet service,Two Year,,Mailed check,20.55,252.75,No
6963-EZQEE,FEMALE,1,n,No,70.0,Yes,Yes,dsl,Yes,Yes,Yes,Yes,Yes,Yes,2 year,Yes,Credit card (automatic),88.55,6306.5,No
2452-KDRRH,fe male,1,No,No,67.0,Yes,Yes,Fiberoptic,No,No,Yes,No,Yes,Yes,2 Year,Yes,Credit card (automatic),101.4,6841.05,No
2004-OCQXK,Female,0,No,No,1.0,Yes,No,Dsl,No,No,No,No,No,Yes,Month-to-Month,,Electronic check,81.95,81.95,Yes
5027-QPKTE,Female,0,NO,No,7.0,Yes,No,Fiberoptic,No,No,No,No,No,No,2 year,Yes,Electronic check,69.35,,Yes
4146-SVFUD,m,0,y,No,1.0,Yes,No,Fiber Optic,No,No,No,No,No,No,month to month,No,Mailed check,44.6,44.6,No
1564-HJUVY,m,0,NO,No,4.0,Yes,No,Fiberoptic,No,Yes,No,Yes,Yes,No,Two Year,,Bank transfer (automatic),63.75,226.2,No
3617-XLSGQ,Male,0,NO,Yes,66.0,Yes,Yes,Fiberoptic,Yes,Yes,Yes,No,Yes,Yes,month to month,No,Bank transfer (automatic),109.25,7082.5,No
7517-LDMPS,m,0,No,No,12.0,Yes,No,Fiberoptic,No,Yes,No,No,No,Yes,One Year,Yes,Electronic check,84.6,1017.35,No
7244-KXYZN,f,0,no,No,24.0,Yes,No,fiber optic,No internet service,No internet service,No internet service,No internet service,No internet service,No internet service,Month-to-Month,No,Credit card (automatic),,527.35,No
5226-NOZFC,f,0,Yes,No,26.0,Yes,No,Dsl,No,Yes,No,No,Yes,No,month to month,,Electronic check,85.75,2146.5,No
2672-HUYVI,fe male,0,n,No,6.0,Yes,No,DSL,No,No,No,No,Yes,Yes,2 Year,Yes,Electronic check,91.1,455.3,Yes
1400-WIVLL,FEMALE,0,No,No,57.0,Yes,Yes,fiber,No,No,Yes,Yes,Yes,Yes,1 year,No,Electronic check,107.95,5969.85,No
7508-MYBOG,f,0,NO,No,14.0,Yes,Yes,DSL,No,No,No,No,Yes,No,month to month,Yes,Electronic check,86.1,1235.55,Yes
8148-NLEGT,f,0,Yes,Yes,42.0,Yes,Yes,fiber,No internet service,No internet service,No internet service,No internet service,No internet service,No internet service,2 Year,,Electronic check,22.95,1014.25,No
0148-DCDOS,f,0,no,No,25.0,Yes,Yes,fiber optic,No,No,No,No,Yes,Yes,One Year,Yes,Bank transfer (automatic),94.7,2362.1,Yes
8347-GDTMP,m,0,YES,No,64.0,Yes,No,Fiberoptic,No internet service,No internet service,No internet service,No internet service,No internet service,No internet service,Month-to-Month,No,Credit card (automatic),19.45,1225.65,No
9992-RRAMN,m,0,n,No,,Yes,Yes,fiber optic,No,No,No,No,No,Yes,Two Year,Yes,Electronic check,85.1,1873.7,Yes
6746-WAUWT,f,0,y,No,19.0,Yes,No,DSL,No internet service,No internet service,No internet service,No internet service,No internet service,No internet service,month to month,Yes,Credit card (automatic),19.7,386.5,No
0310-MVLET,Female,0,no,Yes,61.0,Yes,Yes,Fiberoptic,No,Yes,No,No,Yes,Yes,1 Year,Yes,Electronic check,99.15,6010.05,Yes
0428-IKYCP,FEMALE,0,Yes,No,22.0,Yes,No,fiber optic,No,No,Yes,No,Yes,No,1 year,Yes,Bank transfer (automatic),87.0,1850.65,No
4550-VBOFE,m,1,no,No,70.0,Yes,Yes,dsl,No,Yes,Yes,No,Yes,Yes,Month-to-Month,Yes,Electronic check,102.95,7101.5,Yes
2187-PKZAY,m,0,YES,No,12.0,Yes,No,dsl,No,No,No,No,No,Yes,2 year,,Bank transfer (automatic),79.95,1043.4,No
4003-OCTMP,Male,0,n,No,31.0,Yes,No,fiber optic,Yes,No,No,Yes,No,Yes,month to month,Yes,Electronic check,64.0,,No
6652-YFFJO,Male,0,YES,No,11.0,Yes,No,DSL,No,No,No,No,Yes,Yes,2 Year,Yes,Electronic check,64.9,716.1,No
7225-IILWY,fe male,0,Yes,Yes,68.0,Yes,Yes,Fiberoptic,No internet service,No internet service,No internet service,No internet service,No internet service,No internet service,2 year,No,Mailed check,25.75,1686.15,No
5248-RPYWW,Male,1,Yes,Yes,72.0,Yes,Yes,fiber,Yes,Yes,Yes,Yes,Yes,Yes,1 Year,Yes,Bank transfer (automatic),90.15,6716.45,No
7923-IYJWY,FEMALE,1,NO,No,67.0,Yes,Yes,Dsl,Yes,Yes,Yes,Yes,Yes,Yes,2 Year,Yes,Credit card (automatic),116.1,7839.85,No
3170-GWYKC,FEMALE,0,y,No,60.0,Yes,No,Fiber Optic,Yes,No,Yes,Yes,Yes,Yes,month to month,Yes,Bank transfer (automatic),104.95,6236.75,No
5696-QURRL,fe male,0,y,No,1.0,Yes,No,Fiber Optic,No,No,No,No,No,No,One Year,Yes,Mailed check,45.05,45.05,Yes
7409-KIUTL,Female,1,no,Yes,1.0,Yes,No,DSL,No,No,No,No,No,No,2 Year,Yes,Electronic check,71.0,71,Yes
9830-ECLEN,m,0,y,Yes,58.0,No,No phone service,Dsl,Yes,Yes,Yes,No,Yes,No,Two Year,No,Mailed check,50.0,2919.85,No
1732-VHUBQ,f,1,Yes,Yes,,Yes,No,dsl,No,No,No,No,No,No,1 year,No,Bank transfer (automatic),70.55,3309.25,Yes
0495-RVCBF,f,0,n,No,,Yes,No,Fiberoptic,No,No,No,No,No,Yes,2 Year,Yes,Electronic check,79.7,79.7,Yes
2668-TZSPS,fe male,0,n,,1.0,Yes,No,dsl,No internet service,No internet service,No internet service,No internet service,No internet service,No internet service,One Year,No,Mailed check,20.45,20.45,No
7854-EDSSA,Male,0,YES,No,22.0,Yes,Yes,Dsl,Yes,Yes,No,No,No,No,1 year,No,Electronic check,59.0,1254.7,Yes
8869-TORSS,fe male,0,Yes,No,48.0,Yes,No,Fiberoptic,Yes,No,Yes,Yes,No,No,One Year,Yes,Credit card (automatic),60.35,,Yes
7446-SFAOA,FEMALE,0,No,No,37.0,Yes,No,Fiberoptic,No internet service,No internet service,No internet service,No internet service,No internet service,No internet service,One Year,Yes,Bank transfer (automatic),19.85,717.5,No
9522-ZSINC,Female,0,Yes,No,13.0,Yes,No,DSL,No internet service,No internet service,No internet service,No internet service,No internet service,No internet service,One Year,Yes,Electronic check,19.95,,No
8234-GSZYK,Male,0,n,,43.0,Yes,Yes,fiber optic,No internet service,No internet service,No internet service,No internet service,No internet service,No internet service,1 Year,No,Bank transfer (automatic),26.45,1110.05,No
6505-OZNPG,FEMALE,0,No,No,6.0,No,No phone service,DSL,Yes,Yes,Yes,Yes,Yes,Yes,1 Year,Yes,Mailed check,63.4,348.8,No
6164-HAQTX,m,0,n,No,71.0,No,No phone service,Dsl,Yes,Yes,Yes,Yes,Yes,No,2 Year,No,Bank transfer (automatic),,3888.65,No
0679-IDSTG,Male,1,Yes,Yes,1.0,Yes,No,dsl,No,No,No,No,No,No,1 year,Yes,Electronic check,,69.25,Yes
7765-LWVVH,FEMALE,0,Yes,Yes,72.0,Yes,Yes,Dsl,Yes,Yes,No,No,Yes,No,One Year,Yes,Electronic check,95.1,6843.15,No
1658-TJVOA,f,1,Yes,No,6.0,Yes,No,Fiber Optic,Yes,No,No,No,No,No,One Year,Yes,Electronic check,74.1,450.9,No
0953-LGOVU,Female,0,YES,Yes,,No,No phone service,Fiberoptic,No,Yes,No,Yes,No,No,2 Year,No,Mailed check,35.5,432.25,No
2115-BFTIW,Female,0,Yes,No,25.0,Yes,No,DSL,No,No,No,No,No,No,1 year,No,Mailed check,70.95,,Yes
4692-NNQRU,m,0,n,,21.0,Yes,No,Fiberoptic,No,No,Yes,Yes,No,No,2 year,No,Electronic check,79.2,1742.45,No
7742-MYPGI,m,0,Yes,,6.0,Yes,No,fiber optic,No,No,No,Yes,No,No,Two Year,Yes,Mailed check,48.8,297.35,No
0611-DFXKO,FEMALE,0,No,No,20.0,Yes,No,fiber optic,No,No,No,No,Yes,Yes,1 year,Yes,Mailed check,89.0,1820.45,Yes
7780-OTDSO,Male,0,NO,No,18.0,Yes,Yes,fiber,Yes,No,No,No,Yes,Yes,2 Year,Yes,Electronic check,99.4,1742.95,Yes
9619-GSATL,m,0,n,No,43.0,Yes,No,dsl,No,Yes,No,Yes,No,No,One Year,No,Electronic check,55.45,2444.25,No
5622-UEJFI,Female,0,n,Yes,35.0,Yes,Yes,DSL,No internet service,No internet service,No internet service,No internet service,No internet service,No internet service,Month-to-Month,Yes,Credit card (automatic),25.4,949.8,No
9747-DDZOS,m,0,YES,No,1.0,Yes,No,Fiberoptic,No,No,Yes,No,No,No,2 Year,No,Bank transfer (automatic),73.5,73.5,Yes
0674-DGMAQ,m,1,Yes,No,32.0,Yes,Yes,Fiberoptic,No,Yes,Yes,No,No,Yes,month to month,Yes,Electronic check,93.5,2970.8,No
6203-HBZPA,FEMALE,0,YES,No,,No,No phone service,Fiberoptic,Yes,Yes,Yes,Yes,Yes,Yes,2 Year,No,Credit card (automatic),63.9,3334.95,No
0484-FFVBJ,f,0,no,No,32.0,Yes,No,fiber optic,No,No,No,No,Yes,Yes,Two Year,Yes,Bank transfer (automatic),64.85,2010.95,No
0301-FIDRB,f,0,NO,Yes,72.0,No,No phone service,Fiberoptic,Yes,Yes,Yes,Yes,Yes,Yes,One Year,Yes,Bank transfer (automatic),,4684.3,No
4139-JPIAM,Male,0,no,No,51.0,No,No phone service,dsl,Yes,No,No,Yes,No,Yes,Month-to-Month,Yes,Credit card (automatic),44.45,2181.55,No
2181-TIDSV,fe male,0,n,Yes,68.0,Yes,No,DSL,No internet service,No internet service,No internet service,No internet service,No internet service,No internet service,month to month,Yes,Bank transfer (automatic),19.95,1303.25,No
2761-XECQW,fe male,1,Yes,No,8.0,No,No phone service,fiber,No,Yes,Yes,No,No,Yes,2 Year,Yes,Mailed check,43.35,371.4,No
1936-CZAKF,fe male,0,n,No,49.0,No,No phone service,DSL,No,Yes,No,No,Yes,Yes,2 Year,No,Credit card (automatic),49.65,2409.9,No
9453-PATOS,Female,0,y,No,72.0,Yes,No,dsl,Yes,Yes,Yes,Yes,Yes,Yes,month to month,No,Mailed check,85.1,6155.4,No
0564-JJHGS,FEMALE,0,NO,No,9.0,Yes,Yes,Fiberoptic,No,No,No,No,Yes,Yes,2 Year,Yes,Electronic check,95.5,829.1,Yes
3348-CFRNX,f,0,Yes,No,28.0,Yes,No,fiber optic,Yes,No,No,No,Yes,Yes,1 Year,Yes,Mailed check,92.35,2602.9,Yes
4402-FTBXC,fe male,0,Yes,No,54.0,Yes,No,Dsl,Yes,No,Yes,No,Yes,No,month to month,No,Mailed check,89.8,4667,No
1428-GTBJJ,Male,0,Yes,No,11.0,Yes,No,Dsl,No,Yes,No,No,No,No,One Year,Yes,Electronic check,74.55,824.75,Yes
2931-XIQBR,m,0,YES,Yes,50.0,Yes,No,fiber,No,No,Yes,Yes,Yes,Yes,month to month,No,Mailed check,103.05,5153.5,No
0106-UGRDO,m,0,YES,No,69.0,Yes,Yes,dsl,Yes,Yes,Yes,Yes,Yes,Yes,One Year,Yes,Electronic check,116.0,8182.85,No
5542-TBBWB,Male,0,YES,No,1.0,Yes,No,DSL,No,No,No,No,No,No,Two Year,Yes,Electronic check,69.9,,No
1930-QPBVZ,fe male,0,NO,Yes,,Yes,No,fiber optic,Yes,Yes,No,Yes,No,Yes,2 Year,,Bank transfer (automatic),95.1,6683.4,No
2606-PKWJB,Male,0,no,Yes,40.0,No,No phone service,DSL,Yes,Yes,No,Yes,No,No,1 Year,No,Mailed check,40.25,1564.05,No
5322-ZSMZY,m,0,no,Yes,31.0,Yes,Yes,dsl,No internet service,No internet service,No internet service,No internet service,No internet service,No internet service,2 year,No,Mailed check,25.75,755.6,No
8059-UDZFY,fe male,1,YES,Yes,33.0,Yes,Yes,Fiber Optic,No,Yes,Yes,No,Yes,Yes,Month-to-Month,Yes,Bank transfer (automatic),105.35,3465.05,No
7740-BTPUX,Male,1,YES,No,55.0,Yes,Yes,Fiberoptic,No,Yes,Yes,Yes,Yes,Yes,2 Year,Yes,Electronic check,113.6,6292.7,No
5220-AGAAX,fe male,0,y,Yes,68.0,Yes,Yes,DSL,No internet service,No internet service,No internet service,No internet service,No internet service,No internet service,Month-to-Month,Yes,Bank transfer (automatic),24.0,1664.3,No
0208-BPQEJ,m,0,Yes,Yes,12.0,Yes,No,DSL,No internet service,No internet service,No internet service,No internet service,No internet service,No internet service,month to month,No,Bank transfer (automatic),19.4,198.1,No
9435-JMLSX,m,0,y,No,71.0,Yes,No,Fiber Optic,Yes,Yes,Yes,Yes,Yes,Yes,2 Year,Yes,Bank transfer (automatic),86.1,6045.9,No
3352-ALMCK,m,0,No,No,40.0,Yes,Yes,Fiber Optic,No,Yes,Yes,No,Yes,Yes,1 year,Yes,Mailed check,,4108.15,No
5312-IRCFR,Male,0,n,Yes,64.0,Yes,Yes,fiber,No,Yes,Yes,No,No,Yes,2 year,Yes,Electronic check,92.85,5980.75,No
5294-IMHHT,Female,0,n,No,53.0,Yes,Yes,DSL,No,Yes,No,Yes,No,Yes,1 year,No,Bank transfer (automatic),97.75,5043.2,No
8802-UNOJF,Male,1,n,,12.0,Yes,No,Fiber Optic,No,Yes,Yes,Yes,No,No,Two Year,Yes,Mailed check,83.8,1029.75,Yes
6313-GIDIT,m,1,n,No,,No,No phone service,Dsl,No,Yes,Yes,No,Yes,Yes,month to month,Yes,Electronic check,54.45,2854.55,Yes
6176-YJWAS,fe male,0,Yes,No,72.0,Yes,Yes,DSL,Yes,Yes,Yes,No,Yes,No,1 Year,Yes,Credit card (automatic),97.95,7114.25,No
5310-NOOVA,m,0,No,No,46.0,Yes,No,DSL,No internet service,No internet service,No internet service,No internet service,No internet service,No internet service,month to month,No,Electronic check,19.95,907.05,No
4526-EXKKN,Male,0,NO,No,40.0,Yes,Yes,DSL,No internet service,No internet service,No internet service,No internet service,No internet service,No internet service,1 year,Yes,Mailed check,24.6,973.95,No
5311-IHLEI,FEMALE,0,YES,No,12.0,No,No phone service,DSL,Yes,Yes,No,Yes,Yes,No,1 year,Yes,Bank transfer (automatic),50.95,605.75,No
3987-KQDDU,f,0,no,No,9.0,Yes,No,Fiber Optic,Yes,No,No,No,No,No,One Year,No,Electronic check,75.6,661.55,No
3404-JNXAX,Male,0,Yes,Yes,51.0,Yes,Yes,Dsl,No,No,No,Yes,No,No,Month-to-Month,Yes,Electronic check,80.75,4116.9,No
5131-PONJI,Female,0,Yes,Yes,49.0,Yes,No,fiber optic,No,Yes,Yes,No,Yes,No,month to month,Yes,Credit card (automatic),90.4,4494.65,No
2845-AFFTX,fe male,1,Yes,No,41.0,Yes,Yes,Fiber Optic,No,No,Yes,No,Yes,Yes,2 Year,Yes,Electronic check,99.8,4259.3,Yes
3489-VSFRD,Male,0,No,No,56.0,Yes,No,DSL,Yes,No,Yes,Yes,No,No,2 Year,,Credit card (automatic),60.25,3282.75,No
3345-JHUEO,fe male,0,Yes,No,,Yes,No,Dsl,No internet service,No internet service,No internet service,No internet service,No internet service,No internet service,month to month,Yes,Electronic check,20.2,55.7,No
5815-HGGHV,FEMALE,0,No,No,20.0,Yes,No,Fiberoptic,Yes,No,No,Yes,No,Yes,Two Year,Yes,Mailed check,64.15,1274.45,No
5260-UMPWX,m,0,Yes,Yes,26.0,Yes,No,dsl,No internet service,No internet service,No internet service,No internet service,No internet service,No internet service,1 Year,Yes,Credit card (automatic),,493.95,No
2249-YPRNG,fe male,0,No,Yes,20.0,Yes,Yes,Fiberoptic,No,Yes,Yes,No,Yes,Yes,1 Year,Yes,Bank transfer (automatic),,2239.65,Yes
7410-YTJIK,m,0,no,,7.0,Yes,Yes,Fiber Optic,No,No,No,No,No,No,One Year,No,Mailed check,75.45,480.75,Yes
4626-GYCZP,Male,0,NO,No,7.0,Yes,Yes,Fiberoptic,No,No,No,No,Yes,Yes,Two Year,Yes,Electronic check,93.85,635.6,Yes
5649-RXQTV,Male,0,NO,No,51.0,Yes,No,fiber optic,No,Yes,Yes,No,Yes,Yes,2 Year,Yes,Electronic check,99.0,,No
2674-MIAHT,fe male,0,Yes,No,4.0,Yes,Yes,Fiberoptic,No,Yes,No,No,No,No,1 Year,Yes,Mailed check,80.3,324.2,No
2576-HXMPA,fe male,0,NO,No,1.0,Yes,No,dsl,No internet service,No internet service,No internet service,No internet service,No internet service,No internet service,2 Year,No,Credit card (automatic),,19.55,No
7587-AOVVU,Female,0,Yes,Yes,27.0,Yes,Yes,fiber optic,Yes,Yes,No,Yes,Yes,No,Two Year,No,Electronic check,100.75,2793.55,No
5590-BYNII,m,0,No,No,22.0,Yes,Yes,Fiberoptic,Yes,No,No,No,Yes,Yes,Two Year,Yes,Electronic check,100.75,2095,Yes
6898-MDLZW,m,0,NO,No,12.0,Yes,No,fiber optic,No,Yes,No,Yes,No,No,month to month,Yes,Mailed check,53.75,648.65,No
3237-AJGEH,Male,0,No,Yes,3.0,No,No phone service,fiber,No,No,No,Yes,No,No,1 Year,Yes,Mailed check,31.0,95.05,Yes
4707-YNOQA,Male,0,Yes,Yes,34.0,Yes,Yes,fiber,No internet service,No internet service,No internet service,No internet service,No internet service,No internet service,Two Year,,Credit card (automatic),25.6,917.15,No
9357-UJRUN,f,0,y,No,24.0,Yes,Yes,fiber optic,Yes,No,No,Yes,No,No,1 year,Yes,Electronic check,58.35,1346.9,No
1591-NFNLQ,FEMALE,0,Yes,,51.0,Yes,Yes,Fiberoptic,No,No,Yes,No,No,No,One Year,No,Credit card (automatic),80.0,4242.35,Yes
8648-PFRMP,fe male,1,YES,No,14.0,No,No phone service,Fiberoptic,No,No,No,No,Yes,Yes,2 year,Yes,Electronic check,46.35,672.7,No
7663-CUXZB,FEMALE,0,NO,No,59.0,Yes,Yes,fiber optic,Yes,Yes,Yes,Yes,Yes,Yes,month to month,No,Electronic check,113.75,6561.25,No
0258-NOKBL,Male,0,no,No,3.0,Yes,No,fiber optic,No,Yes,Yes,No,No,Yes,1 Year,No,Electronic check,90.4,268.45,No
1163-VIPRI,fe male,0,y,Yes,65.0,Yes,Yes,fiber,Yes,No,Yes,Yes,Yes,Yes,month to month,No,Electronic check,109.3,7337.55,No
2815-CPTUL,Male,1,no,No,5.0,Yes,No,Fiberoptic,No,No,No,No,No,No,month to month,,Mailed check,70.25,331.9,Yes
9348-ROUAI,Female,0,n,Yes,59.0,Yes,Yes,Dsl,Yes,Yes,Yes,Yes,Yes,Yes,2 year,No,Credit card (automatic),90.3,,No
9443-JUBUO,m,0,YES,Yes,72.0,No,No phone service,Fiber Optic,Yes,Yes,Yes,Yes,Yes,Yes,Month-to-Month,Yes,Credit card (automatic),65.25,4478.85,No
0596-BQCEQ,Male,0,YES,Yes,62.0,Yes,No,fiber,No,Yes,Yes,No,Yes,Yes,Month-to-Month,,Electronic check,100.15,6283.3,Yes
1481-ZUWZA,Female,0,Yes,,28.0,Yes,Yes,Fiberoptic,Yes,Yes,No,No,No,Yes,2 Year,Yes,Credit card (automatic),94.5,2659.4,Yes
3043-TYBNO,FEMALE,0,n,No,3.0,Yes,No,dsl,No,No,No,Yes,No,Yes,Two Year,No,Mailed check,60.65,196.9,No
4830-FAXFM,f,0,no,Yes,19.0,Yes,Yes,fiber optic,No internet service,No internet service,No internet service,No internet service,No internet service,No internet service,2 Year,Yes,Credit card (automatic),24.1,439.2,No
5906-BFOZT,Female,0,YES,No,1.0,Yes,No,Fiberoptic,No internet service,No internet service,No internet service,No internet service,No internet service,No internet service,Month-to-Month,Yes,Mailed check,19.5,19.5,No
2960-NKRSO,Male,0,no,No,24.0,Yes,No,DSL,No,Yes,Yes,Yes,No,No,1 Year,Yes,Electronic check,85.95,2107.15,No
8996-ZROXE,fe male,1,NO,No,57.0,Yes,No,Fiberoptic,No,No,Yes,Yes,No,No,Month-to-Month,,Electronic check,,3035.8,No
5598-IKHQQ,Female,0,Yes,No,72.0,Yes,Yes,Fiber Optic,No internet service,No internet service,No internet service,No internet service,No internet service,No internet service,One Year,No,Credit card (automatic),25.45,1866.45,No
0397-ZXWQF,fe male,0,Yes,No,67.0,Yes,No,dsl,No internet service,No internet service,No internet service,No internet service,No internet service,No internet service,One Year,No,Bank transfer (automatic),20.5,1430.95,No
5266-PFRQK,Male,0,Yes,Yes,52.0,Yes,No,fiber,No internet service,No internet service,No internet service,No internet service,No internet service,No internet service,2 Year,Yes,Credit card (automatic),20.85,1071.6,No
4674-HGNUA,Male,0,Yes,Yes,71.0,Yes,Yes,fiber optic,Yes,Yes,Yes,Yes,Yes,Yes,One Year,No,Credit card (automatic),89.9,,No
6765-MBQNU,Female,0,n,No,,Yes,Yes,dsl,No internet service,No internet service,No internet service,No internet service,No internet service,No internet service,One Year,No,Mailed check,26.0,684.05,No
9786-IJYDL,fe male,0,no,No,35.0,Yes,Yes,Dsl,Yes,Yes,Yes,Yes,Yes,Yes,Two Year,Yes,Mailed check,113.2,3914.05,No
1303-SRDOK,FEMALE,0,Yes,Yes,55.0,Yes,No,Fiber Optic,No,No,No,No,No,No,Two Year,Yes,Credit card (automatic),69.05,3842.6,No
3769-MHZNV,Female,0,Yes,Yes,33.0,Yes,No,DSL,No internet service,No internet service,No internet service,No internet service,No internet service,No internet service,2 Year,No,Mailed check,20.1,670.35,No
6295-OSINB,Male,0,NO,No,72.0,Yes,Yes,fiber,Yes,Yes,Yes,No,Yes,Yes,2 Year,Yes,Electronic check,109.65,7880.25,No
3308-MHOOC,Male,0,no,Yes,1.0,Yes,No,fiber optic,No internet service,No internet service,No internet service,No internet service,No internet service,No internet service,Two Year,Yes,Mailed check,19.2,19.2,No
2309-OSFEU,Male,0,y,No,10.0,No,No phone service,dsl,No,No,No,No,No,Yes,month to month,Yes,Mailed check,33.9,298.45,Yes
2207-QPJED,Female,1,YES,No,,Yes,No,fiber,No,No,Yes,Yes,Yes,No,2 year,No,Electronic check,90.0,3371.75,No
4177-JPDFU,Male,0,Yes,No,12.0,No,No phone service,fiber,No,Yes,No,Yes,No,No,2 year,No,Mailed check,34.0,442.45,No
2239-CFOUJ,Male,0,no,Yes,1.0,Yes,No,dsl,No internet service,No internet service,No internet service,No internet service,No internet service,No internet service,1 Year,,Mailed check,20.4,20.4,No
8046-DNVTL,fe male,0,y,No,62.0,No,No phone service,Fiber Optic,Yes,Yes,No,Yes,No,No,2 Year,Yes,Credit card (automatic),38.6,2345.55,No
2209-XADXF,fe male,0,Yes,No,1.0,No,No phone service,fiber,No,No,No,No,No,No,month to month,No,Bank transfer (automatic),25.25,25.25,No
6620-JDYNW,FEMALE,0,n,,18.0,Yes,Yes,DSL,Yes,No,Yes,No,No,No,2 year,Yes,Mailed check,60.6,1156.35,No
1891-FZYSA,FEMALE,1,y,No,69.0,Yes,Yes,dsl,No,Yes,No,No,Yes,No,Month-to-Month,Yes,Electronic check,89.95,6143.15,Yes
4770-UEZOX,FEMALE,0,no,No,2.0,Yes,No,Dsl,No,Yes,No,No,No,No,1 year,Yes,Electronic check,74.75,144.8,No
1038-RQOST,Female,0,y,Yes,19.0,Yes,No,Fiberoptic,No internet service,No internet service,No internet service,No internet service,No internet service,No internet service,1 year,No,Mailed check,20.6,414.95,No
7613-LLQFO,FEMALE,0,n,No,12.0,Yes,Yes,fiber,No,No,No,No,Yes,No,1 year,Yes,Electronic check,84.45,1059.55,Yes
4568-TTZRT,f,0,no,No,9.0,Yes,No,dsl,No internet service,No internet service,No internet service,No internet service,No internet service,No internet service,month to month,No,Mailed check,20.4,181.8,No
9513-DXHDA,m,0,Yes,No,27.0,Yes,No,fiber,Yes,No,Yes,Yes,Yes,Yes,2 Year,No,Electronic check,81.7,2212.55,No
2640-PMGFL,Female,0,YES,Yes,27.0,Yes,Yes,dsl,No,No,No,Yes,No,No,2 Year,Yes,Electronic check,,2180.55,Yes
3801-HMYNL,fe male,0,NO,Yes,,Yes,No,dsl,No,No,No,No,Yes,Yes,Month-to-Month,No,Mailed check,89.15,89.15,Yes
0516-QREYC,m,1,y,No,24.0,Yes,No,Fiberoptic,No internet service,No internet service,No internet service,No internet service,No internet service,No internet service,Month-to-Month,,Mailed check,20.3,459.95,No
9685-WKZGT,Male,1,n,No,14.0,Yes,Yes,Fiber Optic,No,No,No,No,No,No,2 year,Yes,Electronic check,74.95,1036.75,Yes
6022-UGGSO,Male,1,YES,No,32.0,Yes,No,DSL,No,Yes,No,No,No,No,Two Year,Yes,Electronic check,74.4,2276.95,Yes
8084-OIVBS,m,0,Yes,No,11.0,Yes,No,Dsl,No internet service,No internet service,No internet service,No internet service,No internet service,No internet service,One Year,No,Mailed check,20.0,211.95,No
8896-BQTTI,f,0,No,No,1.0,Yes,Yes,fiber,No internet service,No internet service,No internet service,No internet service,No internet service,No internet service,1 Year,Yes,Mailed check,25.0,25,No
3865-QBWSJ,Female,1,no,Yes,38.0,Yes,Yes,dsl,Yes,No,No,No,No,No,Month-to-Month,Yes,Mailed check,80.45,3162.65,No
3352-RICWQ,FEMALE,0,No,Yes,9.0,Yes,No,Dsl,No internet service,No internet service,No internet service,No internet service,No internet service,No internet service,2 Year,No,Mailed check,19.75,210.65,No
2160-GPFXD,m,0,No,Yes,54.0,Yes,Yes,Fiberoptic,Yes,Yes,No,Yes,No,No,2 Year,Yes,Credit card (automatic),65.65,,No
2065-MMKGR,fe male,0,Yes,No,29.0,Yes,Yes,DSL,No,No,No,No,Yes,Yes,One Year,Yes,Credit card (automatic),71.0,2080.1,No
5857-TYBCJ,Female,1,n,No,44.0,Yes,Yes,fiber optic,No,No,Yes,No,Yes,No,2 Year,Yes,Electronic check,89.2,,No
1498-NHTLT,Female,0,Yes,Yes,59.0,Yes,No,fiber optic,Yes,Yes,Yes,Yes,Yes,Yes,1 year,Yes,Electronic check,86.75,5186,No
4484-CGXFK,Male,0,Yes,No,3.0,Yes,No,Fiberoptic,No,No,No,No,No,Yes,month to month,Yes,Electronic check,55.3,196.15,Yes
1402-PTHGN,Male,0,y,Yes,18.0,Yes,No,Fiber Optic,Yes,Yes,No,Yes,No,No,Month-to-Month,,Mailed check,,1087.45,No
4176-RELJR,m,1,YES,No,67.0,Yes,Yes,dsl,No internet service,No internet service,No internet service,No internet service,No internet service,No internet service,Two Year,No,Credit card (automatic),25.1,1672.15,No
6214-EDAKZ,Male,0,Yes,Yes,22.0,Yes,No,Dsl,No,Yes,No,Yes,No,No,1 year,No,Electronic check,55.15,1206.05,Yes
5199-FPUSP,Female,0,No,,33.0,No,No phone service,fiber,Yes,No,No,Yes,No,No,2 year,No,Credit card (automatic),34.05,1113.95,No
6377-KSLXC,FEMALE,0,Yes,,5.0,Yes,No,fiber,No internet service,No internet service,No internet service,No internet service,No internet service,No internet service,Month-to-Month,,Mailed check,19.95,107.05,No
1796-JANOW,f,0,no,No,,Yes,No,Fiber Optic,No internet service,No internet service,No internet service,No internet service,No internet service,No internet service,1 Year,No,Mailed check,19.95,38.15,No
0238-WHBIQ,Male,0,y,Yes,72.0,Yes,Yes,Fiberoptic,Yes,Yes,Yes,Yes,Yes,Yes,2 Year,No,Credit card (automatic),89.7,6339.3,No
8735-NBLWT,Male,0,No,Yes,9.0,Yes,No,fiber,No internet service,No internet service,No internet service,No internet service,No internet service,No internet service,Month-to-Month,No,Mailed check,20.4,184.1,No
6651-RLGGM,fe male,0,Yes,Yes,67.0,Yes,Yes,fiber,No internet service,No internet service,No internet service,No internet service,No internet service,No internet service,Month-to-Month,No,Mailed check,26.3,,No
6127-ISGTU,fe male,0,n,,16.0,Yes,Yes,DSL,No,No,No,No,Yes,No,1 Year,Yes,Electronic check,84.95,1378.25,Yes
1614-JBEBI,fe male,0,n,No,8.0,Yes,No,fiber optic,No internet service,No internet service,No internet service,No internet service,No internet service,No internet service,2 year,Yes,Mailed check,20.7,137.6,No
8740-XLHDR,Male,0,YES,No,,No,No phone service,fiber optic,Yes,Yes,Yes,Yes,No,No,One Year,Yes,Mailed check,43.25,219,Yes
1208-DNHLN,m,0,NO,Yes,23.0,Yes,Yes,fiber,No,No,No,No,No,No,One Year,Yes,Credit card (automatic),48.35,1067.15,Yes
1761-AEZZR,Male,0,Yes,,1.0,Yes,No,Dsl,No,No,No,No,Yes,No,1 Year,Yes,Electronic check,79.55,79.55,Yes
3923-CSIHK,m,1,Yes,,50.0,Yes,No,DSL,No,No,No,No,No,No,Two Year,Yes,Electronic check,71.05,3444.85,Yes
5696-EXCYS,Male,0,Yes,No,17.0,Yes,No,Fiber Optic,No internet service,No internet service,No internet service,No internet service,No internet service,No internet service,1 Year,No,Credit card (automatic),19.45,,No
5795-KTGUD,FEMALE,0,NO,No,68.0,Yes,Yes,fiber optic,Yes,Yes,Yes,No,Yes,Yes,month to month,Yes,Bank transfer (automatic),,7553.6,No
7120-RFMVS,Male,0,no,No,1.0,Yes,Yes,fiber optic,No,No,No,No,Yes,No,2 year,No,Electronic check,84.5,84.5,Yes
7924-GJZFI,Male,1,NO,No,25.0,Yes,No,fiber,No,No,No,No,No,No,2 year,Yes,Electronic check,69.3,1813.1,No
4702-HDRKD,Female,0,n,No,67.0,No,No phone service,dsl,Yes,No,Yes,Yes,Yes,No,One Year,,Bank transfer (automatic),49.35,3321.35,No
8512-WIWYV,f,0,YES,No,32.0,Yes,No,Dsl,No internet service,No internet service,No internet service,No internet service,No internet service,No internet service,month to month,,Credit card (automatic),20.35,,No
5897-ZYEKH,fe male,1,Yes,No,67.0,Yes,Yes,fiber,Yes,Yes,No,No,Yes,Yes,2 year,Yes,Electronic check,105.6,7112.15,No
5456-ITGIC,Male,1,Yes,No,72.0,No,No phone service,Fiber Optic,Yes,Yes,Yes,Yes,Yes,Yes,2 year,Yes,Credit card (automatic),64.45,4641.1,No
7317-GGVPB,m,0,No,No,71.0,Yes,Yes,dsl,No,Yes,Yes,Yes,Yes,Yes,2 Year,Yes,Credit card (automatic),108.6,7690.9,Yes
1406-PUQVY,FEMALE,0,no,Yes,1.0,Yes,No,fiber,No,Yes,No,No,No,No,2 Year,Yes,Electronic check,49.9,49.9,No
1322-AGOQM,fe male,0,No,No,46.0,No,No phone service,Fiber Optic,No,Yes,No,No,No,No,One Year,No,Bank transfer (automatic),30.3,1380.1,Yes
3677-IYRBF,Male,1,Yes,No,2.0,No,No phone service,fiber,No,No,Yes,No,No,No,2 Year,Yes,Electronic check,30.4,,Yes
5692-FPTAH,f,0,Yes,No,1.0,Yes,No,DSL,No,No,No,No,No,No,One Year,Yes,Mailed check,45.4,45.4,Yes
9114-AAFQH,FEMALE,0,no,No,48.0,Yes,No,DSL,No,Yes,Yes,No,No,Yes,1 Year,Yes,Electronic check,65.65,3094.65,No
8715-KKTFG,Female,0,NO,No,61.0,Yes,Yes,Fiberoptic,No,No,Yes,Yes,Yes,Yes,Month-to-Month,Yes,Bank transfer (automatic),103.3,6518.35,No
1550-LOAHA,Female,0,y,No,32.0,Yes,No,fiber optic,No,Yes,No,No,No,Yes,Month-to-Month,No,Bank transfer (automatic),84.15,,Yes
1728-BQDMA,Male,0,No,No,2.0,Yes,No,Fiber Optic,No,No,No,No,No,No,2 year,No,Electronic check,44.45,82.7,No
0268-QKIWO,f,0,Yes,No,3.0,Yes,No,DSL,No internet service,No internet service,No internet service,No internet service,No internet service,No internet service,1 year,No,Electronic check,19.75,58.85,Yes
0876-WDUUZ,FEMALE,0,YES,No,5.0,Yes,No,fiber,No,No,No,Yes,No,Yes,Month-to-Month,Yes,Credit card (automatic),85.4,425.9,Yes
5117-ZSMHQ,m,0,Yes,Yes,71.0,Yes,Yes,Fiber Optic,Yes,Yes,Yes,Yes,Yes,Yes,Two Year,No,Bank transfer (automatic),89.9,6342.7,No
5151-HQRDG,Female,0,Yes,No,37.0,Yes,Yes,DSL,Yes,No,No,No,No,No,month to month,Yes,Mailed check,55.05,2030.75,No
0960-HUWBM,Male,0,Yes,Yes,65.0,Yes,Yes,Fiberoptic,No,No,Yes,Yes,Yes,Yes,month to month,Yes,Bank transfer (automatic),104.1,6700.05,No
6465-GSRCL,Female,0,y,Yes,67.0,Yes,Yes,Dsl,No,Yes,No,Yes,Yes,Yes,2 Year,Yes,Bank transfer (automatic),106.6,7244.7,No
0617-FHSGK,m,0,no,Yes,,Yes,Yes,Fiber Optic,No,No,No,No,No,No,2 Year,No,Credit card (automatic),75.2,3678.3,Yes
0263-FJTQO,Male,0,Yes,Yes,50.0,Yes,Yes,fiber optic,Yes,No,No,Yes,Yes,No,One Year,Yes,Credit card (automatic),70.5,3486.65,No
7319-ZNRTR,f,0,NO,Yes,,Yes,No,dsl,No internet service,No internet service,No internet service,No internet service,No internet service,No internet service,month to month,No,Electronic check,19.6,411.15,No
2858-MOFSQ,Male,0,NO,Yes,17.0,Yes,Yes,DSL,No,No,Yes,No,No,No,Two Year,Yes,Mailed check,55.85,937.5,Yes
7503-EPSZW,Female,0,Yes,Yes,64.0,Yes,Yes,DSL,No internet service,No internet service,No internet service,No internet service,No internet service,No internet service,Two Year,Yes,Mailed check,24.05,1559.15,No
7089-XXAYG,Male,0,no,No,25.0,No,No phone service,fiber optic,No,No,Yes,No,Yes,No,month to month,Yes,Credit card (automatic),38.1,970.4,No
8118-LSUEL,f,1,YES,No,23.0,Yes,Yes,fiber optic,No,Yes,Yes,No,Yes,Yes,month to month,Yes,Electronic check,106.4,2483.5,Yes
8070-AAWZP,m,1,Yes,No,24.0,No,No phone service,fiber,No,No,Yes,Yes,No,No,1 Year,No,Mailed check,34.25,828.2,No
1666-JXLKU,Male,0,y,No,37.0,Yes,Yes,Fiberoptic,No,No,Yes,No,Yes,Yes,2 Year,Yes,Electronic check,,3810.55,No
7855-DIWPO,Female,0,No,No,21.0,Yes,No,Fiberoptic,No,No,No,No,No,No,Two Year,Yes,Electronic check,68.65,,No
5133-POWUA,Male,0,NO,No,1.0,Yes,No,Fiberoptic,No,No,No,No,No,No,month to month,Yes,Mailed check,45.8,45.8,No
5652-MSDEY,Male,0,No,No,10.0,Yes,Yes,fiber optic,No,No,No,No,No,No,1 year,Yes,Mailed check,75.75,777.3,No
7005-CCBKV,Male,0,Yes,No,6.0,Yes,No,fiber optic,No,Yes,No,No,No,Yes,1 year,Yes,Electronic check,84.4,,Yes
1810-BOHSY,m,0,n,No,51.0,Yes,Yes,fiber optic,Yes,Yes,No,No,No,Yes,2 Year,Yes,Credit card (automatic),96.4,4911.05,No
1784-BXEFA,Female,0,y,No,10.0,Yes,No,Dsl,No internet service,No internet service,No internet service,No internet service,No internet service,No internet service,One Year,Yes,Mailed check,20.55,187.35,No
7351-MHQVU,fe male,0,YES,No,6.0,No,No phone service,Dsl,Yes,Yes,No,Yes,No,Yes,1 year,No,Credit card (automatic),50.95,307.6,No
9224-VTYID,Female,0,Yes,Yes,47.0,Yes,Yes,DSL,Yes,Yes,Yes,Yes,Yes,Yes,month to month,Yes,Mailed check,90.5,4318.35,No
9500-IWPXQ,fe male,0,YES,Yes,61.0,Yes,Yes,DSL,Yes,Yes,Yes,Yes,No,Yes,Two Year,Yes,Electronic check,79.4,4820.55,No
5762-TJXGK,fe male,0,Yes,No,52.0,No,No phone service,DSL,Yes,Yes,Yes,No,Yes,Yes,Two Year,Yes,Bank transfer (automatic),58.75,3038.55,No
4504-YOULA,Male,0,Yes,Yes,35.0,Yes,Yes,DSL,Yes,Yes,No,No,No,No,Two Year,Yes,Credit card (automatic),59.45,2136.9,No
5569-IDSEY,fe male,0,n,No,71.0,Yes,Yes,DSL,No,Yes,Yes,No,Yes,Yes,One Year,Yes,Bank transfer (automatic),105.7,7472.15,No
4250-FDVOU,fe male,0,No,No,6.0,Yes,No,fiber,Yes,Yes,No,No,No,No,2 Year,,Electronic check,,389.1,Yes
7284-ZZLOH,fe male,0,n,No,45.0,Yes,No,fiber optic,Yes,No,Yes,No,No,No,month to month,No,Credit card (automatic),53.3,2296.25,No
5277-ZLOOR,m,1,YES,No,2.0,Yes,Yes,dsl,No,No,No,No,Yes,No,Two Year,Yes,Electronic check,85.55,187.45,Yes
2141-RRYGO,Male,0,y,No,4.0,Yes,No,Fiberoptic,No,Yes,No,No,Yes,Yes,Month-to-Month,Yes,Bank transfer (automatic),68.65,261.25,Yes
1777-JYQPJ,FEMALE,0,Yes,No,2.0,No,No phone service,Fiberoptic,No,No,No,No,No,No,Month-to-Month,No,Mailed check,24.3,38.45,No
6376-GAHQE,fe male,0,Yes,No,4.0,Yes,No,dsl,No,No,No,No,Yes,No,1 Year,No,Electronic check,77.85,299.2,Yes
3401-URHDA,Female,0,YES,No,51.0,Yes,Yes,Dsl,Yes,No,No,Yes,No,No,2 Year,No,Credit card (automatic),59.9,3043.6,No
1599-EAHXY,FEMALE,0,Yes,Yes,60.0,Yes,Yes,Fiberoptic,No internet service,No internet service,No internet service,No internet service,No internet service,No internet service,2 Year,No,Credit card (automatic),23.95,1506.4,No
8631-XVRZL,FEMALE,0,y,No,9.0,Yes,No,DSL,No internet service,No internet service,No internet service,No internet service,No internet service,No internet service,1 Year,Yes,Mailed check,20.15,163.7,No
5052-PNLOS,f,0,Yes,No,3.0,Yes,Yes,Fiber Optic,No,Yes,Yes,No,Yes,Yes,Month-to-Month,Yes,Bank transfer (automatic),105.35,323.25,Yes
3853-LYGAM,Male,0,YES,No,17.0,Yes,Yes,DSL,No,No,Yes,Yes,No,Yes,1 year,Yes,Bank transfer (automatic),95.65,1640,No
6979-ZNSFF,Male,0,Yes,No,8.0,Yes,Yes,Fiber Optic,No,No,No,No,Yes,No,2 Year,Yes,Electronic check,87.05,762.1,Yes
5751-USDBL,Female,0,no,Yes,46.0,Yes,No,Dsl,Yes,No,Yes,Yes,Yes,Yes,2 Year,No,Mailed check,81.0,3846.35,No
5680-LQOGP,fe male,0,Yes,No,68.0,Yes,No,Fiber Optic,Yes,Yes,Yes,Yes,Yes,Yes,1 Year,,Credit card (automatic),82.45,5646.6,No
2386-LAHRK,fe male,0,Yes,No,1.0,Yes,No,fiber optic,No,No,No,No,Yes,No,1 Year,Yes,Mailed check,53.5,53.5,Yes
8189-DUKMV,f,0,n,No,4.0,Yes,No,Fiber Optic,No internet service,No internet service,No internet service,No internet service,No internet service,No internet service,month to month,No,Bank transfer (automatic),20.5,,No
6032-IGALN,Male,0,No,,1.0,No,No phone service,Dsl,No,No,No,No,No,No,2 year,Yes,Mailed check,25.1,25.1,Yes
9931-DCEZH,m,0,Yes,Yes,28.0,Yes,No,DSL,No,Yes,No,Yes,No,No,2 Year,Yes,Credit card (automatic),54.4,1516.6,No
1898-JSNDC,Male,0,n,No,39.0,Yes,No,DSL,No,Yes,No,No,Yes,No,One Year,Yes,Credit card (automatic),58.6,2224.5,No
0315-LVCRK,Female,0,n,No,11.0,Yes,No,fiber optic,No,No,Yes,No,No,Yes,Two Year,No,Electronic check,84.8,888.75,No
3911-RSNHI,Female,0,NO,No,71.0,No,No phone service,dsl,No,Yes,Yes,Yes,Yes,Yes,2 year,Yes,Credit card (automatic),61.4,4310.35,No
2410-CIYFZ,Female,0,Yes,Yes,2.0,Yes,No,dsl,No internet service,No internet service,No internet service,No internet service,No internet service,No internet service,month to month,No,Mailed check,20.4,42.9,No
4248-HCETZ,Female,1,n,No,30.0,Yes,No,dsl,No,Yes,Yes,No,No,No,Month-to-Month,Yes,Mailed check,79.65,2365.15,Yes
5505-OVWQW,FEMALE,0,no,No,17.0,Yes,No,fiber,No internet service,No internet service,No internet service,No internet service,No internet service,No internet service,1 year,No,Mailed check,20.15,353.65,No
7271-AJDTL,f,0,n,No,55.0,Yes,Yes,Fiberoptic,No,Yes,Yes,No,Yes,No,1 Year,Yes,Credit card (automatic),94.45,5073.1,No
1867-TJHTS,FEMALE,0,No,No,58.0,Yes,Yes,fiber,Yes,No,No,No,No,No,1 Year,,Bank transfer (automatic),79.8,4526.85,No
0516-WJVXC,m,0,NO,No,5.0,Yes,No,fiber optic,Yes,No,No,Yes,No,No,2 year,No,Electronic check,54.2,,Yes
9174-FKWZE,Male,1,NO,No,1.0,Yes,No,Fiber Optic,No internet service,No internet service,No internet service,No internet service,No internet service,No internet service,1 Year,Yes,Electronic check,19.45,19.45,Yes
6860-YRJZP,fe male,1,n,No,9.0,Yes,Yes,fiber optic,No,No,No,No,No,No,1 Year,Yes,Electronic check,74.05,678.45,No
4429-WYGFR,f,0,no,No,26.0,Yes,No,dsl,No,No,No,Yes,No,No,One Year,No,Bank transfer (automatic),49.15,1237.3,No
2817-LVCPP,f,0,y,,50.0,Yes,No,Dsl,No internet service,No internet service,No internet service,No internet service,No internet service,No internet service,1 year,No,Credit card (automatic),19.4,1023.95,No
5038-ETMLM,Female,0,Yes,No,72.0,Yes,Yes,Fiberoptic,Yes,Yes,Yes,Yes,Yes,Yes,Month-to-Month,Yes,Bank transfer (automatic),113.65,8182.75,No
5056-FIMPT,Female,0,n,Yes,43.0,Yes,No,fiber,Yes,Yes,No,Yes,Yes,Yes,Month-to-Month,Yes,Credit card (automatic),106.0,4532.3,No
4521-WFJAI,Male,0,Yes,No,56.0,Yes,Yes,Dsl,No internet service,No internet service,No internet service,No internet service,No internet service,No internet service,Two Year,Yes,Bank transfer (automatic),25.95,1444.05,No
6569-KTMDU,Male,0,YES,No,1.0,Yes,No,fiber,No internet service,No internet service,No internet service,No internet service,No internet service,No internet service,2 Year,No,Mailed check,19.1,19.1,No
8809-RIHDD,f,0,No,Yes,72.0,Yes,Yes,dsl,No,Yes,Yes,No,Yes,Yes,1 year,,Electronic check,103.4,7372.65,Yes
8809-XKHMD,FEMALE,0,n,No,72.0,Yes,Yes,fiber,Yes,Yes,No,Yes,No,Yes,2 year,Yes,Bank transfer (automatic),100.55,7325.1,No
0396-YCHWO,Male,0,YES,No,36.0,Yes,Yes,Dsl,No,No,No,No,Yes,Yes,Two Year,Yes,Electronic check,95.4,3474.2,No
0867-LDTTC,Female,0,Yes,No,5.0,Yes,No,fiber,No,No,Yes,Yes,Yes,Yes,One Year,No,Bank transfer (automatic),75.15,392.65,No
4822-NGOCH,Male,0,Yes,No,13.0,Yes,Yes,Fiber Optic,No,Yes,Yes,No,No,No,2 Year,Yes,Electronic check,84.45,1058.6,Yes
9391-DXGGG,FEMALE,1,Yes,No,44.0,Yes,No,dsl,No,Yes,Yes,No,No,Yes,2 Year,No,Credit card (automatic),89.15,3990.75,No
9844-FELAJ,m,1,No,Yes,70.0,Yes,Yes,fiber optic,No,Yes,Yes,Yes,Yes,Yes,2 Year,Yes,Electronic check,107.9,7475.85,No
2122-SZZZD,Male,0,y,No,,Yes,No,DSL,No internet service,No internet service,No internet service,No internet service,No internet service,No internet service,One Year,No,Credit card (automatic),19.5,835.5,No
5307-DZCVC,f,1,Yes,No,32.0,Yes,Yes,Fiberoptic,No,No,No,No,Yes,No,2 Year,Yes,Credit card (automatic),85.95,2628.6,Yes
3148-AOIQT,f,0,YES,,69.0,Yes,Yes,Fiberoptic,No internet service,No internet service,No internet service,No internet service,No internet service,No internet service,month to month,Yes,Credit card (automatic),24.95,1718.35,No
8679-JOEVF,Male,1,No,No,16.0,Yes,No,fiber optic,No,No,No,Yes,Yes,No,Two Year,No,Electronic check,59.4,1023.9,Yes
8395-ETZKQ,FEMALE,1,YES,,68.0,Yes,No,DSL,No internet service,No internet service,No internet service,No internet service,No internet service,No internet service,2 year,No,Bank transfer (automatic),19.5,1193.55,No
6692-YQHXC,f,0,YES,No,,Yes,No,Fiber Optic,No,No,No,No,No,No,Month-to-Month,Yes,Credit card (automatic),69.95,1205.5,No
3889-VWBID,fe male,0,n,Yes,68.0,Yes,No,fiber optic,Yes,Yes,No,Yes,Yes,Yes,One Year,No,Bank transfer (automatic),82.85,,No
5222-JCXZT,Male,0,n,No,4.0,Yes,No,Fiber Optic,No internet service,No internet service,No internet service,No internet service,No internet service,No internet service,One Year,No,Mailed check,19.0,78.9,No
9754-CLVZW,Female,0,Yes,Yes,26.0,No,No phone service,Fiber Optic,Yes,Yes,No,Yes,No,No,Two Year,No,Credit card (automatic),38.85,1025.15,No
1432-FPAXX,m,0,NO,No,29.0,No,No phone service,Dsl,No,Yes,No,No,No,No,Two Year,Yes,Electronic check,30.6,856.35,Yes
2739-CCZMB,Male,0,n,Yes,5.0,Yes,No,fiber,No internet service,No internet service,No internet service,No internet service,No internet service,No internet service,Two Year,No,Credit card (automatic),20.35,122,No
7080-TNUWP,Female,0,YES,,70.0,Yes,Yes,Dsl,No,Yes,Yes,No,Yes,No,Month-to-Month,,Bank transfer (automatic),95.0,6602.9,No
0496-AHOOK,FEMALE,0,NO,No,,Yes,No,DSL,Yes,No,No,Yes,Yes,Yes,1 year,No,Bank transfer (automatic),74.4,1712.9,No
8336-TAVKX,f,1,NO,No,,Yes,Yes,Fiber Optic,Yes,Yes,Yes,Yes,No,Yes,1 year,No,Bank transfer (automatic),78.45,5682.25,No
2468-SJFLM,FEMALE,0,No,No,1.0,Yes,No,dsl,No,No,No,Yes,No,No,2 year,Yes,Mailed check,74.3,74.3,No
3181-VTHOE,m,0,no,No,,No,No phone service,fiber,No,Yes,Yes,Yes,No,Yes,month to month,Yes,Bank transfer (automatic),51.05,3635.15,No
7168-HDQHG,FEMALE,0,No,Yes,36.0,Yes,No,fiber,No internet service,No internet service,No internet service,No internet service,No internet service,No internet service,Month-to-Month,No,Bank transfer (automatic),19.2,702.9,No
4803-AXVYP,fe male,1,Yes,No,38.0,Yes,Yes,fiber,No,No,No,Yes,Yes,Yes,Month-to-Month,Yes,Electronic check,99.55,3734.25,Yes
3884-HCSWG,f,0,Yes,No,17.0,Yes,No,Fiberoptic,No,No,No,No,No,No,1 Year,Yes,Electronic check,70.0,,Yes
4567-AKPIA,Male,0,Yes,Yes,41.0,Yes,Yes,fiber optic,No,Yes,Yes,Yes,Yes,Yes,One Year,Yes,Bank transfer (automatic),109.1,4454.25,No
5077-DXTCG,fe male,0,Yes,No,1.0,Yes,No,DSL,No,No,No,No,No,No,Month-to-Month,Yes,Electronic check,45.3,45.3,Yes
1142-WACZW,f,0,n,No,2.0,No,No phone service,DSL,No,No,No,Yes,No,No,Month-to-Month,No,Bank transfer (automatic),29.85,75.6,Yes
7901-HXJVA,Male,0,y,No,14.0,Yes,No,dsl,No,No,Yes,No,No,No,2 Year,No,Electronic check,76.45,1117.55,No
5649-ANRML,fe male,1,n,No,2.0,Yes,No,Dsl,No,Yes,Yes,Yes,No,Yes,One Year,,Credit card (automatic),95.1,180.25,Yes
4892-VLANZ,FEMALE,0,Yes,No,1.0,Yes,No,dsl,No internet service,No internet service,No internet service,No internet service,No internet service,No internet service,1 year,No,Mailed check,,19.8,Yes
5924-IFQTT,fe male,0,NO,Yes,13.0,Yes,Yes,Fiberoptic,No,Yes,Yes,Yes,Yes,No,One Year,Yes,Electronic check,,930.05,No
7968-QUXNS,Female,0,Yes,No,6.0,Yes,No,Fiber Optic,No internet service,No internet service,No internet service,No internet service,No internet service,No internet service,2 Year,No,Mailed check,18.95,110.15,No
2919-HBCJO,m,0,YES,No,4.0,Yes,No,Fiber Optic,No,Yes,No,No,No,No,month to month,Yes,Bank transfer (automatic),76.65,333.6,Yes
4236-XPXAV,m,0,no,Yes,5.0,Yes,No,Fiber Optic,No,Yes,No,Yes,Yes,Yes,month to month,Yes,Mailed check,99.15,465.05,Yes
8903-WMRNW,FEMALE,0,No,,15.0,Yes,No,fiber optic,Yes,No,Yes,No,Yes,Yes,1 Year,No,Electronic check,,1669.4,No
2452-SNHFZ,fe male,0,Yes,No,,Yes,No,fiber optic,Yes,No,No,No,No,No,Two Year,No,Credit card (automatic),75.45,3545.1,No
3629-WEAAM,Female,0,Yes,No,8.0,Yes,No,fiber,No,No,Yes,Yes,No,Yes,1 Year,No,Mailed check,64.1,,No
6029-CSMJE,Male,0,Yes,No,17.0,No,No phone service,Fiber Optic,No,No,No,No,No,No,1 Year,Yes,Mailed check,25.65,440.2,No
7993-NQLJE,f,0,y,Yes,15.0,Yes,No,DSL,Yes,No,No,No,No,No,1 Year,No,Mailed check,75.1,1151.55,No
9909-DFRJA,Male,0,No,No,26.0,Yes,No,Fiber Optic,Yes,No,Yes,Yes,No,Yes,Two Year,Yes,Bank transfer (automatic),95.85,2475.35,No
9099-FTUHS,FEMALE,0,NO,No,23.0,Yes,Yes,fiber,Yes,No,No,No,No,No,1 Year,No,Electronic check,54.4,1249.25,No
0581-BXBUB,m,1,no,No,4.0,Yes,No,dsl,No,Yes,No,No,No,No,One Year,No,Electronic check,,317.75,No
4962-CHQPW,Male,0,No,,29.0,Yes,No,dsl,No internet service,No internet service,No internet service,No internet service,No internet service,No internet service,month to month,No,Mailed check,19.85,535.05,No
9467-ROOLM,Male,0,Yes,No,25.0,Yes,No,fiber,No internet service,No internet service,No internet service,No internet service,No internet service,No internet service,month to month,No,Mailed check,19.05,461.3,No
3030-YZADT,fe male,0,NO,No,9.0,Yes,No,Fiber Optic,No,No,No,No,No,No,2 Year,No,Mailed check,44.95,431,Yes
7410-KTVFV,Male,0,y,No,18.0,Yes,No,fiber optic,No,No,Yes,No,No,No,month to month,Yes,Mailed check,49.55,878.35,Yes
5150-ITWWB,m,1,Yes,No,3.0,Yes,Yes,fiber,No,No,No,No,Yes,Yes,1 Year,Yes,Electronic check,94.85,335.75,No
2253-KPMNB,Female,0,YES,Yes,69.0,No,No phone service,fiber,Yes,Yes,Yes,Yes,No,No,1 year,No,Bank transfer (automatic),,3121.4,No
1345-ZUKID,f,0,No,No,14.0,Yes,No,Fiber Optic,No internet service,No internet service,No internet service,No internet service,No internet service,No internet service,2 Year,No,Mailed check,19.35,,No
6429-SHBCB,Male,0,no,No,19.0,Yes,Yes,dsl,No,No,No,No,Yes,Yes,1 year,No,Mailed check,,1394.55,No
9281-OFDMF,Male,1,Yes,No,39.0,Yes,Yes,Fiberoptic,No,Yes,No,No,No,Yes,2 Year,No,Electronic check,90.7,3413.25,No
2603-HVKCG,Male,0,y,No,,Yes,No,Fiberoptic,No,Yes,Yes,No,Yes,Yes,1 Year,Yes,Electronic check,101.4,3143.65,No
1834-WULEG,Male,0,No,Yes,24.0,Yes,No,dsl,No internet service,No internet service,No internet service,No internet service,No internet service,No internet service,1 Year,No,Mailed check,20.25,439.75,No
9097-ZUBYC,m,0,YES,No,14.0,Yes,No,dsl,No,No,No,Yes,No,No,Month-to-Month,,Bank transfer (automatic),48.8,664.4,No
5148-ORICT,FEMALE,0,no,No,64.0,Yes,No,fiber optic,Yes,Yes,Yes,Yes,No,Yes,month to month,Yes,Mailed check,74.35,4759.55,No
4893-GYUJU,Male,0,Yes,No,50.0,Yes,No,Dsl,No internet service,No internet service,No internet service,No internet service,No internet service,No internet service,One Year,Yes,Mailed check,19.35,1033,No
4578-PHJYZ,Male,0,No,Yes,52.0,Yes,No,fiber,No,Yes,Yes,Yes,Yes,No,One Year,Yes,Electronic check,68.75,3482.85,No
7272-QDCKA,f,0,n,No,28.0,Yes,Yes,dsl,No,Yes,No,No,Yes,Yes,month to month,No,Electronic check,100.2,2688.45,No
8908-SLFCJ,Male,0,y,No,21.0,Yes,No,DSL,No internet service,No internet service,No internet service,No internet service,No internet service,No internet service,One Year,Yes,Credit card (automatic),20.85,435.25,No
8393-DLHGA,m,0,Yes,Yes,25.0,Yes,No,Fiber Optic,No,Yes,No,No,Yes,Yes,Month-to-Month,Yes,Electronic check,95.9,2448.75,Yes
9766-HGEDE,fe male,0,YES,No,17.0,Yes,No,Fiberoptic,No internet service,No internet service,No internet service,No internet service,No internet service,No internet service,Two Year,No,Mailed check,19.35,307,No
6968-MHOMU,fe male,0,NO,No,58.0,No,No phone service,Fiber Optic,No,No,No,No,Yes,Yes,1 Year,Yes,Credit card (automatic),45.0,2689.35,No
7395-IGJOS,f,1,Yes,No,17.0,Yes,No,fiber,No,No,No,No,No,Yes,One Year,No,Bank transfer (automatic),81.5,1329.2,Yes
5044-XDPYX,f,0,Yes,No,51.0,Yes,Yes,fiber optic,No internet service,No internet service,No internet service,No internet service,No internet service,No internet service,Two Year,No,Mailed check,25.5,1281.25,No
1814-WFGVS,Male,0,No,Yes,72.0,No,No phone service,Fiber Optic,Yes,No,Yes,Yes,Yes,No,1 year,No,Mailed check,48.9,3527,No
2834-SPCJV,m,0,no,No,52.0,Yes,No,fiber optic,Yes,No,No,No,Yes,No,2 Year,No,Electronic check,84.1,4348.65,Yes
3721-WKIIL,Male,0,YES,No,27.0,Yes,No,fiber optic,No internet service,No internet service,No internet service,No internet service,No internet service,No internet service,1 year,Yes,Mailed check,19.6,561.15,No
6734-CKRSM,Male,0,Yes,No,,Yes,No,Dsl,No internet service,No internet service,No internet service,No internet service,No internet service,No internet service,2 Year,No,Mailed check,20.0,63.6,No
1265-ZFOSD,m,0,No,No,64.0,Yes,Yes,Fiber Optic,Yes,Yes,Yes,Yes,No,Yes,month to month,,Mailed check,81.3,5129.3,No
6568-POCUI,Male,0,NO,No,45.0,Yes,No,DSL,No,No,No,Yes,Yes,Yes,1 year,,Credit card (automatic),95.2,4285.8,No
7890-VYYWG,fe male,1,No,No,3.0,No,No phone service,dsl,No,No,No,No,Yes,No,Two Year,Yes,Mailed check,36.45,93.7,Yes
5197-LQXXH,f,0,NO,No,71.0,Yes,Yes,DSL,No,Yes,Yes,Yes,Yes,Yes,Month-to-Month,,Credit card (automatic),83.3,5894.5,No
9907-SWKKF,f,1,Yes,No,1.0,No,No phone service,Fiber Optic,No,No,No,No,No,No,2 year,No,Mailed check,25.05,25.05,Yes
3457-PQBYH,Female,0,no,Yes,58.0,Yes,No,Fiberoptic,No internet service,No internet service,No internet service,No internet service,No internet service,No internet service,1 Year,No,Credit card (automatic),20.3,1160.75,No
7682-AZNDK,m,0,NO,Yes,34.0,Yes,No,fiber optic,No,Yes,Yes,No,Yes,No,Two Year,Yes,Electronic check,89.85,3091.75,No
0587-DMGBH,m,0,y,No,8.0,Yes,No,Dsl,Yes,No,No,No,No,No,1 year,Yes,Electronic check,49.85,365.55,Yes
5384-ZTTWP,fe male,0,y,Yes,15.0,Yes,No,Fiberoptic,No internet service,No internet service,No internet service,No internet service,No internet service,No internet service,Two Year,No,Mailed check,19.8,,No
3745-HRPHI,Male,0,No,Yes,66.0,No,No phone service,dsl,No,No,Yes,Yes,Yes,Yes,Month-to-Month,No,Bank transfer (automatic),54.65,3632,No
7636-OWBPG,Male,1,YES,No,12.0,No,No phone service,dsl,No,Yes,No,No,No,No,One Year,Yes,Credit card (automatic),29.35,381.2,No
1231-YNDEK,Female,0,y,No,58.0,Yes,No,DSL,No internet service,No internet service,No internet service,No internet service,No internet service,No internet service,1 year,Yes,Bank transfer (automatic),19.15,1035.5,No
1407-DIGZV,Male,0,n,Yes,,Yes,No,Dsl,No internet service,No internet service,No internet service,No internet service,No internet service,No internet service,1 Year,No,Mailed check,19.1,52,No
6397-JNZZG,FEMALE,1,Yes,No,43.0,No,No phone service,fiber,No,Yes,Yes,No,Yes,Yes,1 year,,Credit card (automatic),55.55,,Yes
0570-BFQHT,Male,0,no,No,9.0,Yes,No,Fiber Optic,No,Yes,Yes,No,No,No,2 Year,No,Electronic check,80.55,,No
4393-OBCRR,Male,0,YES,No,3.0,Yes,No,DSL,No internet service,No internet service,No internet service,No internet service,No internet service,No internet service,Month-to-Month,No,Mailed check,20.25,71.2,No
3523-QRQLL,Male,0,no,Yes,22.0,Yes,No,Fiber Optic,No,Yes,No,No,Yes,Yes,Two Year,Yes,Bank transfer (automatic),,1498.2,Yes
8564-LDKFL,fe male,0,n,No,40.0,Yes,Yes,dsl,No,Yes,Yes,No,Yes,Yes,One Year,Yes,Bank transfer (automatic),106.0,4178.65,No
3696-DFHHB,f,0,y,No,68.0,Yes,Yes,Fiberoptic,No internet service,No internet service,No internet service,No internet service,No internet service,No internet service,1 Year,No,Bank transfer (automatic),25.5,1821.8,No
0895-DQHEW,f,0,y,No,54.0,Yes,Yes,Fiberoptic,No,Yes,Yes,No,Yes,Yes,Month-to-Month,Yes,Electronic check,104.3,5278.15,Yes
4717-GHADL,f,0,Yes,No,50.0,Yes,Yes,fiber optic,No,Yes,No,Yes,Yes,Yes,1 year,Yes,Mailed check,,4024.2,No
5501-TVMGM,Male,0,no,,1.0,Yes,No,Fiber Optic,No,No,No,No,No,Yes,1 year,Yes,Electronic check,55.25,55.25,No
5879-HMFFH,Male,0,Yes,No,72.0,Yes,Yes,Dsl,Yes,Yes,Yes,Yes,Yes,Yes,Month-to-Month,No,Bank transfer (automatic),88.05,6520.8,No
6772-WFQRD,Female,0,YES,,40.0,Yes,No,Fiber Optic,No internet service,No internet service,No internet service,No internet service,No internet service,No internet service,Two Year,Yes,Bank transfer (automatic),20.4,854.9,No
3810-DVDQQ,f,0,Yes,Yes,72.0,Yes,Yes,Fiberoptic,Yes,Yes,Yes,Yes,Yes,Yes,1 year,Yes,Bank transfer (automatic),,8308.9,No
6972-SNKKW,m,0,Yes,No,6.0,Yes,No,fiber optic,No internet service,No internet service,No internet service,No internet service,No internet service,No internet service,1 year,No,Mailed check,20.0,109.2,No
3694-GLTJM,FEMALE,0,Yes,No,5.0,Yes,No,Fiber Optic,No internet service,No internet service,No internet service,No internet service,No internet service,No internet service,1 year,Yes,Credit card (automatic),19.65,92.05,No
8550-XSXUQ,Female,0,YES,No,48.0,Yes,Yes,dsl,No,Yes,Yes,No,No,Yes,1 year,Yes,Credit card (automatic),70.55,3420.5,No
8149-RSOUN,Male,0,No,No,,Yes,Yes,dsl,No,No,No,No,Yes,Yes,1 Year,Yes,Electronic check,93.85,93.85,Yes
9055-MOJJJ,Female,0,NO,Yes,64.0,Yes,No,dsl,Yes,No,No,Yes,Yes,No,Two Year,No,Mailed check,65.8,4068,No
4359-INNWN,Male,0,no,No,17.0,Yes,No,Dsl,No internet service,No internet service,No internet service,No internet service,No internet service,No internet service,One Year,No,Credit card (automatic),,337.9,No
0585-EGDDA,fe male,0,n,No,40.0,Yes,No,Fiberoptic,No,Yes,Yes,No,No,No,month to month,Yes,Electronic check,80.0,3168.75,No
4032-RMHCI,Female,0,Yes,Yes,41.0,No,No phone service,Fiberoptic,Yes,No,Yes,No,No,No,month to month,,Credit card (automatic),35.4,1412.4,No
0549-CYCQN,FEMALE,1,no,No,51.0,Yes,Yes,fiber,No,Yes,No,No,No,No,Two Year,Yes,Bank transfer (automatic),79.6,3974.7,No
3481-JHUZH,f,0,NO,No,41.0,Yes,Yes,fiber optic,No,Yes,No,No,No,No,month to month,Yes,Electronic check,80.25,3439,No
7250-EQKIY,fe male,0,YES,,1.0,Yes,No,Dsl,No,No,Yes,No,No,No,1 year,No,Mailed check,50.45,50.45,Yes
3594-IVHJZ,Male,0,NO,,2.0,Yes,No,fiber optic,No internet service,No internet service,No internet service,No internet service,No internet service,No internet service,1 Year,Yes,Mailed check,20.45,42.45,No
6869-FGJJC,Female,0,y,No,68.0,Yes,No,DSL,No,Yes,Yes,No,No,No,Month-to-Month,No,Credit card (automatic),79.6,5461.45,No
3896-ZVNET,Male,0,n,Yes,24.0,Yes,Yes,fiber optic,No internet service,No internet service,No internet service,No internet service,No internet service,No internet service,Two Year,No,Mailed check,24.7,571.75,No
8205-VSLRB,m,0,no,No,70.0,Yes,Yes,dsl,Yes,No,Yes,Yes,No,Yes,month to month,No,Credit card (automatic),77.3,5498.2,No
5960-MVTUK,Male,0,no,No,3.0,No,No phone service,fiber optic,No,No,No,Yes,No,No,2 Year,,Electronic check,29.75,96.85,No
6817-WTYHE,m,0,n,No,2.0,Yes,No,fiber optic,No,No,No,No,No,No,Two Year,No,Bank transfer (automatic),44.9,111.05,No
3082-VQXNH,Male,0,Yes,No,,No,No phone service,fiber,No,Yes,No,No,No,No,1 Year,No,Credit card (automatic),29.8,94.4,No
4013-UBXWQ,Female,0,y,No,7.0,Yes,Yes,DSL,No,No,No,Yes,Yes,Yes,Two Year,Yes,Electronic check,74.65,521.1,Yes
4931-TRZWN,fe male,0,NO,No,13.0,Yes,No,fiber optic,Yes,No,No,No,Yes,Yes,1 Year,Yes,Electronic check,71.95,923.85,No
0750-EKNGL,fe male,0,No,No,7.0,Yes,No,dsl,No internet service,No internet service,No internet service,No internet service,No internet service,No internet service,1 Year,No,Mailed check,20.75,141.1,No
7669-LCRSD,Female,0,y,Yes,12.0,Yes,No,Fiberoptic,No,No,No,No,Yes,No,Two Year,Yes,Mailed check,56.3,628.65,No
3567-PQTSO,f,0,no,Yes,53.0,Yes,Yes,Fiberoptic,No,Yes,Yes,No,Yes,Yes,1 Year,Yes,Electronic check,105.25,5576.3,No
5519-NPHVG,m,0,YES,No,12.0,Yes,Yes,dsl,No,No,No,No,Yes,Yes,1 year,Yes,Electronic check,94.2,1046.1,Yes
8043-PNYSD,Female,0,NO,Yes,63.0,Yes,No,fiber optic,No internet service,No internet service,No internet service,No internet service,No internet service,No internet service,One Year,No,Mailed check,,1245.6,No
9938-EKRGF,m,0,y,No,15.0,Yes,No,fiber optic,Yes,Yes,Yes,Yes,Yes,Yes,One Year,No,Mailed check,84.45,1287.85,No
2703-AMTUL,Female,0,YES,Yes,36.0,Yes,No,Fiberoptic,Yes,Yes,No,No,No,No,Month-to-Month,,Mailed check,53.65,1939.35,No
0928-JMXNP,Female,1,Yes,No,4.0,No,No phone service,fiber,No,No,Yes,No,No,No,month to month,Yes,Electronic check,29.9,118.25,No
8173-RXAYP,Female,0,Yes,,24.0,Yes,No,fiber,No internet service,No internet service,No internet service,No internet service,No internet service,No internet service,2 Year,No,Mailed check,,452.55,No
4825-XJGDM,m,0,n,No,61.0,No,No phone service,Fiberoptic,Yes,Yes,Yes,Yes,No,No,month to month,No,Credit card (automatic),43.7,2696.55,No
5402-HTOTQ,Male,0,n,No,16.0,Yes,Yes,fiber,No,Yes,No,No,No,No,1 year,No,Electronic check,55.3,875.35,No
6734-JDTTV,fe male,0,n,,65.0,Yes,No,dsl,No internet service,No internet service,No internet service,No internet service,No internet service,No internet service,2 Year,Yes,Credit card (automatic),19.85,1267.05,No
7850-THJMU,Female,0,Yes,Yes,26.0,Yes,No,fiber optic,No internet service,No internet service,No internet service,No internet service,No internet service,No internet service,One Year,No,Credit card (automatic),19.65,494.9,No
3890-RTCMS,Male,0,Yes,No,16.0,Yes,No,Fiber Optic,No,No,No,Yes,No,No,One Year,Yes,Mailed check,49.45,799,No
8849-GYOKR,f,0,No,No,54.0,Yes,Yes,Dsl,Yes,Yes,No,No,Yes,Yes,One Year,No,Bank transfer (automatic),,5763.3,Yes
3148-BLQJT,Male,0,Yes,No,1.0,Yes,No,Fiber Optic,No internet service,No internet service,No internet service,No internet service,No internet service,No internet service,month to month,No,Mailed check,20.1,20.1,Yes
3717-FDJFU,Male,0,no,Yes,5.0,Yes,No,fiber,No internet service,No internet service,No internet service,No internet service,No internet service,No internet service,Two Year,No,Mailed check,20.45,106.9,No
3665-JATSN,m,0,No,No,19.0,No,No phone service,dsl,No,Yes,No,No,No,Yes,2 year,Yes,Electronic check,39.7,710.05,No
7966-YOTQW,Male,0,YES,No,10.0,Yes,Yes,fiber optic,Yes,No,No,No,No,No,month to month,Yes,Credit card (automatic),,568.2,No
0461-CVKMU,fe male,0,Yes,Yes,23.0,Yes,No,Fiber Optic,No,Yes,Yes,Yes,No,No,2 year,No,Electronic check,,1900.25,Yes
8806-EAGWC,m,0,y,,3.0,Yes,No,fiber optic,No,No,No,No,Yes,No,2 Year,No,Mailed check,55.15,159.15,Yes
8853-TZDGH,m,0,YES,No,,Yes,Yes,Dsl,No,Yes,Yes,Yes,Yes,Yes,Month-to-Month,Yes,Bank transfer (automatic),111.6,8012.75,No
7779-LGOVN,m,1,Yes,No,10.0,Yes,Yes,Fiberoptic,No,No,No,No,No,Yes,Month-to-Month,Yes,Electronic check,86.65,,Yes
4324-BZCKL,Male,0,n,Yes,,Yes,No,fiber optic,No,Yes,Yes,No,No,No,Two Year,Yes,Mailed check,55.55,551.3,No
6924-TDGMT,m,0,YES,No,11.0,Yes,No,fiber,No internet service,No internet service,No internet service,No internet service,No internet service,No internet service,Month-to-Month,Yes,Mailed check,20.55,184.95,No
9710-ZUSHQ,Male,1,no,,37.0,Yes,Yes,DSL,Yes,Yes,No,No,Yes,Yes,2 Year,Yes,Bank transfer (automatic),106.75,4056.75,Yes
1536-YHDOE,Male,0,Yes,Yes,17.0,Yes,Yes,Dsl,Yes,No,No,Yes,No,No,2 Year,Yes,Mailed check,62.1,1096.65,No
8123-QBNAZ,fe male,0,Yes,Yes,36.0,Yes,Yes,Dsl,Yes,No,Yes,No,Yes,Yes,2 year,Yes,Credit card (automatic),104.5,3684.95,No
3629-ZNKXA,f,1,n,No,17.0,Yes,No,DSL,No,Yes,Yes,No,Yes,Yes,1 year,,Electronic check,101.8,1752.45,No
4827-LTQRJ,FEMALE,1,y,Yes,66.0,Yes,Yes,DSL,Yes,Yes,No,Yes,Yes,Yes,Month-to-Month,Yes,Credit card (automatic),110.6,7210.85,No
7711-YIJWC,fe male,0,YES,Yes,61.0,Yes,No,Fiber Optic,Yes,Yes,Yes,Yes,Yes,Yes,One Year,No,Bank transfer (automatic),84.9,5264.5,No
5482-VXSXJ,Female,0,no,No,22.0,Yes,No,Fiberoptic,No,Yes,No,No,Yes,Yes,2 year,Yes,Mailed check,93.2,2157.3,No
7365-BVCJH,Male,0,No,No,1.0,No,No phone service,Fiber Optic,No,No,No,No,No,No,2 year,Yes,Electronic check,24.4,24.4,No
9620-ENEJV,FEMALE,0,No,No,6.0,Yes,No,Dsl,No,No,No,No,No,No,2 year,No,Credit card (automatic),70.55,433.95,No
4183-WCSEP,fe male,0,n,No,31.0,Yes,No,DSL,No,Yes,No,Yes,No,No,1 Year,Yes,Electronic check,78.45,2435.15,Yes
2378-YIZKA,m,0,Yes,Yes,68.0,Yes,No,fiber optic,Yes,Yes,Yes,Yes,Yes,Yes,Month-to-Month,Yes,Credit card (automatic),85.0,5607.75,No
5498-TXHLF,Male,0,NO,Yes,34.0,Yes,Yes,dsl,No,No,Yes,No,Yes,No,Two Year,No,Electronic check,87.45,2874.15,Yes
0689-DSXGL,FEMALE,0,y,Yes,52.0,Yes,No,dsl,No,Yes,Yes,Yes,No,No,1 year,No,Bank transfer (automatic),85.8,4433.3,No
6818-DJXAA,m,0,n,Yes,10.0,Yes,No,fiber,No,No,Yes,Yes,Yes,No,month to month,Yes,Electronic check,91.1,,No
9722-UJOJR,Female,0,No,Yes,29.0,Yes,No,Dsl,No,No,No,No,No,No,2 year,Yes,Electronic check,70.75,1974.8,Yes
0464-WJTKO,FEMALE,0,YES,Yes,72.0,Yes,No,fiber optic,No internet service,No internet service,No internet service,No internet service,No internet service,No internet service,2 Year,No,Bank transfer (automatic),20.1,1460.85,No
8902-ZEOVF,Male,0,n,Yes,47.0,Yes,No,DSL,No internet service,No internet service,No internet service,No internet service,No internet service,No internet service,month to month,No,Mailed check,20.05,951.55,No
6778-EICRF,Female,0,n,Yes,24.0,Yes,Yes,Fiberoptic,Yes,No,No,No,Yes,Yes,month to month,No,Mailed check,74.8,1821.2,No
2662-NNTDK,f,0,no,No,65.0,Yes,Yes,Dsl,No internet service,No internet service,No internet service,No internet service,No internet service,No internet service,2 year,No,Credit card (automatic),24.8,1600.95,No
4132-KALRO,FEMALE,0,Yes,No,4.0,Yes,Yes,fiber,No,No,No,Yes,Yes,Yes,month to month,Yes,Mailed check,100.85,399.25,No
3902-FOIGH,Male,1,YES,No,12.0,Yes,Yes,dsl,No,Yes,No,No,Yes,Yes,1 year,Yes,Electronic check,101.35,1218.55,Yes
6772-KSATR,Male,0,YES,No,1.0,Yes,Yes,Dsl,Yes,No,No,No,No,No,2 Year,Yes,Electronic check,81.7,81.7,Yes
7112-OPOTK,FEMALE,0,YES,No,33.0,Yes,No,DSL,No,No,No,No,No,No,1 Year,No,Electronic check,68.25,2171.15,Yes
2874-YXVVA,f,0,NO,,34.0,Yes,No,Dsl,No,Yes,Yes,Yes,Yes,Yes,Month-to-Month,Yes,Electronic check,105.1,3634.8,No
1245-HARPS,f,0,y,No,14.0,Yes,No,Fiber Optic,No internet service,No internet service,No internet service,No internet service,No internet service,No internet service,1 year,No,Mailed check,20.4,292.4,No
4210-QFJMF,m,0,Yes,No,4.0,Yes,No,Dsl,No,No,No,No,No,Yes,1 Year,Yes,Electronic check,79.15,317.25,Yes
4323-ELYYB,Male,0,No,Yes,13.0,Yes,No,Fiberoptic,No internet service,No internet service,No internet service,No internet service,No internet service,No internet service,month to month,No,Mailed check,20.0,218.55,No
4293-ETKAP,Male,0,YES,Yes,65.0,Yes,Yes,dsl,No,Yes,No,Yes,Yes,Yes,month to month,Yes,Bank transfer (automatic),79.4,5071.9,No
6064-PUPMC,f,0,n,,23.0,Yes,No,Fiberoptic,Yes,No,No,Yes,No,No,Two Year,No,Credit card (automatic),57.2,1423.35,No
6504-VBLFL,fe male,0,y,No,55.0,Yes,No,DSL,Yes,Yes,Yes,No,No,No,2 year,No,Electronic check,58.6,3068.6,No
6322-PJJDJ,Female,0,n,No,49.0,Yes,No,Fiber Optic,No,Yes,No,No,Yes,Yes,Month-to-Month,Yes,Electronic check,94.8,4690.65,No
0330-BGYZE,m,0,No,,60.0,Yes,Yes,Fiber Optic,No,Yes,Yes,No,Yes,Yes,2 Year,,Bank transfer (automatic),,6157.6,No
1085-LDWAM,Male,0,NO,Yes,69.0,Yes,No,Fiberoptic,No internet service,No internet service,No internet service,No internet service,No internet service,No internet service,1 Year,Yes,Credit card (automatic),20.35,1442.65,No
7586-ZATGZ,Female,0,Yes,No,40.0,Yes,Yes,dsl,No,No,No,No,Yes,No,Month-to-Month,Yes,Electronic check,84.9,3369.05,No
7197-VOJMM,f,0,NO,No,67.0,Yes,No,Dsl,Yes,Yes,No,Yes,No,Yes,Month-to-Month,,Credit card (automatic),69.2,4671.65,No
3318-OSATS,fe male,1,Yes,No,35.0,Yes,Yes,fiber optic,No,No,No,No,Yes,Yes,2 Year,Yes,Electronic check,95.45,3474.05,Yes
5828-AVIPD,f,0,No,Yes,19.0,Yes,Yes,dsl,No,No,No,Yes,Yes,Yes,2 year,Yes,Electronic check,100.95,1875.55,Yes
1843-TLSGD,m,0,y,Yes,13.0,Yes,No,Dsl,No internet service,No internet service,No internet service,No internet service,No internet service,No internet service,Month-to-Month,No,Mailed check,20.85,272.35,No
9626-VFRGG,m,0,no,,41.0,Yes,Yes,DSL,No,Yes,No,No,Yes,No,1 year,Yes,Bank transfer (automatic),88.5,3645.05,No
7075-BNDVQ,Male,0,YES,No,4.0,No,No phone service,Dsl,Yes,No,Yes,No,No,No,1 year,No,Mailed check,35.0,135.75,No
9143-CANJF,f,0,Yes,Yes,24.0,Yes,No,fiber optic,Yes,No,No,Yes,No,No,2 year,No,Electronic check,55.15,1319.85,No
7284-BUYEC,f,0,Yes,No,5.0,No,No phone service,DSL,No,Yes,No,No,Yes,Yes,month to month,Yes,Credit card (automatic),50.95,229.4,No
2041-JIJCI,fe male,0,no,No,5.0,Yes,Yes,fiber,No,Yes,No,No,No,Yes,month to month,Yes,Electronic check,64.0,370.25,No
1086-LXKFY,m,0,NO,Yes,1.0,Yes,No,Dsl,No,No,No,No,No,No,One Year,Yes,Mailed check,69.1,69.1,Yes
4900-MSOMT,f,0,NO,Yes,72.0,Yes,Yes,Fiberoptic,Yes,Yes,Yes,Yes,Yes,No,month to month,No,Bank transfer (automatic),80.2,5714.2,No
2229-VWQJH,m,0,YES,No,24.0,Yes,No,Fiber Optic,No,No,Yes,No,No,No,Month-to-Month,Yes,Credit card (automatic),,1233.25,No
9194-GFVOI,FEMALE,0,No,No,42.0,Yes,Yes,dsl,Yes,No,Yes,Yes,Yes,Yes,Month-to-Month,,Credit card (automatic),84.35,3571.6,No
1336-EZFZY,Male,0,Yes,No,4.0,Yes,No,dsl,No internet service,No internet service,No internet service,No internet service,No internet service,No internet service,1 year,No,Mailed check,20.05,83.3,No
4282-MSACW,Male,0,NO,No,68.0,Yes,Yes,Dsl,Yes,Yes,Yes,Yes,Yes,Yes,2 Year,Yes,Credit card (automatic),117.2,8035.95,No
1403-LKLIK,FEMALE,0,Yes,,33.0,Yes,No,fiber,No internet service,No internet service,No internet service,No internet service,No internet service,No internet service,One Year,No,Mailed check,20.1,579.4,No
2636-ALXXZ,FEMALE,1,Yes,No,1.0,Yes,No,fiber optic,No,No,No,No,No,No,1 Year,Yes,Electronic check,69.6,69.6,Yes
7774-OJSXI,f,0,No,No,31.0,Yes,Yes,Fiber Optic,No,Yes,Yes,No,Yes,Yes,2 year,Yes,Electronic check,103.45,3066.45,Yes
7786-WBJYI,Male,0,YES,No,4.0,Yes,Yes,Dsl,No,Yes,No,No,No,No,2 year,No,Bank transfer (automatic),77.95,305.55,Yes
0136-IFMYD,Female,1,No,No,69.0,Yes,Yes,dsl,No,Yes,Yes,Yes,Yes,Yes,2 Year,Yes,Electronic check,109.95,7634.25,No
5144-TVGLP,Male,1,Yes,,38.0,Yes,Yes,DSL,No,No,No,No,Yes,Yes,month to month,No,Electronic check,94.75,3653,No
9643-AVVWI,f,0,YES,Yes,,Yes,No,Fiberoptic,No,Yes,No,Yes,No,No,1 year,Yes,Electronic check,80.0,241.3,No
0253-ZTEOB,m,0,NO,Yes,48.0,Yes,Yes,fiber optic,No,Yes,No,Yes,Yes,Yes,2 Year,,Electronic check,79.65,3870.3,No
2706-QZIHY,Male,0,Yes,No,15.0,Yes,Yes,Fiberoptic,No internet service,No internet service,No internet service,No internet service,No internet service,No internet service,month to month,No,Mailed check,25.2,387.9,No
6061-PQHMK,m,0,No,No,25.0,Yes,No,fiber optic,No internet service,No internet service,No internet service,No internet service,No internet service,No internet service,month to month,No,Credit card (automatic),19.9,527.5,No
9885-CSMWE,Female,1,n,No,1.0,Yes,No,Fiber Optic,No,No,No,No,Yes,No,2 Year,No,Electronic check,78.45,78.45,Yes
6137-MFAJN,Male,0,YES,,48.0,No,No phone service,DSL,Yes,Yes,No,No,Yes,No,1 Year,Yes,Electronic check,44.8,2104.55,No
9122-UMROB,FEMALE,0,y,No,1.0,Yes,No,Dsl,No internet service,No internet service,No internet service,No internet service,No internet service,No internet service,month to month,No,Mailed check,20.3,20.3,No
4232-JGKIY,FEMALE,0,NO,No,1.0,Yes,No,fiber,No internet service,No internet service,No internet service,No internet service,No internet service,No internet service,Two Year,No,Electronic check,19.2,19.2,No
2402-TAIRZ,Female,0,YES,No,37.0,Yes,No,Fiberoptic,No,Yes,Yes,No,No,No,Month-to-Month,No,Electronic check,80.05,3019.1,No
9659-ZTWSM,Female,1,No,No,66.0,Yes,Yes,Fiber Optic,No,Yes,Yes,Yes,Yes,Yes,1 Year,Yes,Bank transfer (automatic),107.35,7051.95,No
9139-TWBAS,FEMALE,0,no,No,26.0,No,No phone service,dsl,Yes,Yes,Yes,No,Yes,No,1 year,No,Bank transfer (automatic),47.85,1190.5,No
6685-GBWJZ,Male,0,No,No,63.0,Yes,No,Dsl,Yes,Yes,No,Yes,Yes,No,Month-to-Month,No,Credit card (automatic),70.8,4448.8,No
5016-ETTFF,Female,0,no,No,10.0,No,No phone service,dsl,No,No,Yes,No,No,No,2 Year,No,Mailed check,29.5,255.25,Yes
3866-MDTUB,fe male,0,NO,No,2.0,Yes,No,fiber optic,Yes,No,No,No,Yes,Yes,Month-to-Month,Yes,Electronic check,70.75,146.9,Yes
2195-VVRJF,m,1,n,No,18.0,Yes,No,fiber,Yes,No,No,No,No,Yes,2 Year,Yes,Credit card (automatic),59.1,1011.05,No
3913-RDSJZ,Female,0,no,No,64.0,Yes,Yes,Dsl,No internet service,No internet service,No internet service,No internet service,No internet service,No internet service,2 Year,No,Mailed check,25.55,1714.95,No
8058-JMEQO,f,1,y,No,9.0,Yes,Yes,Fiberoptic,No,No,No,No,No,Yes,Month-to-Month,Yes,Electronic check,,762.5,Yes
4203-QGNZA,Female,0,NO,Yes,28.0,Yes,No,fiber optic,No internet service,No internet service,No internet service,No internet service,No internet service,No internet service,2 Year,No,Mailed check,20.25,535.35,No
5043-TRZWM,f,0,n,No,1.0,Yes,No,Dsl,No,No,Yes,No,No,No,1 year,No,Electronic check,75.55,75.55,No
0697-ZMSWS,Male,0,Yes,No,4.0,Yes,Yes,fiber optic,No,No,No,No,No,Yes,2 year,Yes,Electronic check,85.65,338.9,Yes
7657-DYEPJ,FEMALE,1,n,,38.0,Yes,No,fiber,No,Yes,Yes,Yes,Yes,No,1 Year,Yes,Credit card (automatic),70.15,2497.35,Yes
9494-BDNNC,FEMALE,0,No,No,66.0,Yes,Yes,dsl,No,Yes,Yes,No,No,Yes,Month-to-Month,No,Electronic check,95.3,6273.4,No
1640-PLFMP,FEMALE,0,No,No,1.0,Yes,No,Dsl,No,No,No,No,No,No,Month-to-Month,Yes,Electronic check,70.25,70.25,No
5366-OBVMR,FEMALE,0,No,No,18.0,Yes,No,Fiber Optic,No,No,No,Yes,No,No,month to month,,Mailed check,50.3,908.75,No
8276-MQBYC,m,1,y,,51.0,Yes,Yes,dsl,No,No,Yes,No,Yes,Yes,Month-to-Month,Yes,Electronic check,97.8,,Yes
7644-OMVMY,Female,0,No,Yes,0.0,Yes,No,DSL,No internet service,No internet service,No internet service,No internet service,No internet service,No internet service,2 Year,,Mailed check,19.85, ,No
7593-XFKDI,Male,0,no,No,1.0,Yes,No,Fiber Optic,No,No,No,No,No,No,One Year,No,Mailed check,46.3,46.3,Yes
4573-JKNAE,Male,0,YES,Yes,12.0,Yes,No,DSL,No internet service,No internet service,No internet service,No internet service,No internet service,No internet service,1 year,No,Bank transfer (automatic),19.35,212.3,No
0337-CNPZE,FEMALE,0,y,No,41.0,Yes,Yes,Fiber Optic,No,Yes,Yes,No,Yes,Yes,One Year,Yes,Electronic check,106.3,4443.45,Yes
9817-APLHW,fe male,0,no,No,12.0,Yes,Yes,fiber optic,No internet service,No internet service,No internet service,No internet service,No internet service,No internet service,2 year,No,Electronic check,25.0,316.2,No
8380-MQINP,Male,0,NO,Yes,55.0,Yes,No,fiber optic,No internet service,No internet service,No internet service,No internet service,No internet service,No internet service,2 Year,No,Mailed check,20.3,1079.05,No
0840-DFEZH,Female,0,Yes,No,7.0,Yes,Yes,DSL,No,No,No,No,No,No,2 year,,Electronic check,75.35,564.65,No
1513-XNPPH,m,0,y,No,,Yes,No,dsl,No,No,Yes,Yes,No,Yes,Month-to-Month,Yes,Electronic check,89.4,1095.65,Yes
8690-ZVLCL,f,0,Yes,Yes,68.0,Yes,Yes,fiber,Yes,Yes,Yes,Yes,Yes,Yes,1 Year,No,Credit card (automatic),88.0,6161.9,No
6015-VVHHE,Female,1,YES,No,5.0,Yes,Yes,Fiber Optic,No,No,No,No,Yes,No,Two Year,Yes,Credit card (automatic),83.15,446.05,Yes
1125-SNVCK,Male,1,YES,No,49.0,Yes,No,fiber optic,No,No,No,No,No,No,1 year,No,Mailed check,43.8,2106.05,No
0384-LPITE,Male,0,YES,No,40.0,No,No phone service,fiber,Yes,Yes,Yes,No,Yes,Yes,month to month,No,Credit card (automatic),62.05,2511.55,No
4616-EWBNJ,Female,0,YES,No,,Yes,No,Dsl,No internet service,No internet service,No internet service,No internet service,No internet service,No internet service,2 Year,No,Bank transfer (automatic),20.1,318.6,No
6347-DCUIK,Male,0,No,No,10.0,Yes,Yes,Fiber Optic,No,No,No,No,No,No,1 year,Yes,Mailed check,74.15,811.8,Yes
1335-HQMKX,Female,0,y,No,72.0,Yes,Yes,Dsl,No,Yes,Yes,No,Yes,Yes,Two Year,Yes,Electronic check,101.35,7323.15,No
2545-EBUPK,Female,1,No,No,2.0,Yes,Yes,Fiberoptic,No,No,No,No,No,Yes,Two Year,Yes,Electronic check,84.05,186.05,No
6923-AQONU,Male,0,Yes,Yes,23.0,Yes,No,DSL,No internet service,No internet service,No internet service,No internet service,No internet service,No internet service,Month-to-Month,No,Mailed check,20.9,454,No
2172-EJXVF,Male,1,n,No,71.0,Yes,Yes,Fiber Optic,No,Yes,Yes,No,Yes,Yes,One Year,Yes,Electronic check,105.9,7521.95,No
0897-FEGMU,m,0,no,No,11.0,Yes,Yes,DSL,No,No,Yes,No,Yes,Yes,One Year,Yes,Electronic check,99.5,1056.95,Yes
7663-RGWBC,m,0,NO,No,,Yes,No,DSL,No,No,No,No,No,No,Month-to-Month,Yes,Mailed check,44.15,44.15,Yes
1120-BMWUB,Male,0,no,No,16.0,Yes,No,Fiberoptic,No,Yes,No,Yes,No,No,2 Year,Yes,Mailed check,53.9,834.15,Yes
9124-LHCJQ,Male,0,Yes,No,1.0,Yes,Yes,dsl,No,No,No,No,No,Yes,Month-to-Month,Yes,Mailed check,85.45,85.45,Yes
4536-PLEQY,Male,0,NO,No,12.0,Yes,No,Fiber Optic,No,Yes,No,No,No,Yes,One Year,Yes,Credit card (automatic),85.05,999.8,No
7029-IJEJK,f,0,Yes,No,,No,No phone service,fiber optic,Yes,No,No,Yes,No,Yes,Two Year,No,Bank transfer (automatic),44.1,2369.7,No
8871-JLMHM,Male,0,Yes,No,68.0,Yes,Yes,fiber,No,Yes,Yes,Yes,No,No,1 year,No,Credit card (automatic),,6297.65,No
2235-ZGKPT,fe male,0,Yes,Yes,4.0,Yes,Yes,Dsl,No,No,No,No,No,No,2 Year,No,Mailed check,50.85,239.55,Yes
3891-PUQOD,f,0,No,Yes,1.0,Yes,No,DSL,No,No,Yes,No,No,Yes,Two Year,No,Electronic check,59.2,59.2,Yes
5447-VYTKW,f,0,NO,No,27.0,Yes,No,fiber optic,Yes,No,No,Yes,No,No,One Year,No,Mailed check,,1461.45,No
3623-FQBOX,fe male,0,YES,,21.0,Yes,No,fiber optic,No internet service,No internet service,No internet service,No internet service,No internet service,No internet service,Two Year,Yes,Mailed check,19.95,416.4,No
0689-NKYLF,m,0,YES,No,13.0,Yes,No,Fiberoptic,No,No,Yes,No,Yes,No,2 year,Yes,Electronic check,,1060.6,Yes
8659-HDIYE,Male,1,YES,No,64.0,Yes,Yes,fiber,No,Yes,Yes,Yes,No,Yes,Two Year,No,Credit card (automatic),74.65,4869.35,No
3658-KIBGF,fe male,0,no,No,1.0,Yes,No,DSL,Yes,Yes,No,No,No,No,1 year,Yes,Electronic check,54.9,54.9,Yes
3474-BAFSJ,f,0,NO,No,57.0,No,No phone service,fiber,No,Yes,Yes,Yes,Yes,Yes,One Year,Yes,Bank transfer (automatic),57.5,3265.95,No
5519-YLDGW,Female,0,no,No,21.0,Yes,Yes,Fiberoptic,Yes,No,Yes,No,Yes,Yes,Two Year,Yes,Electronic check,103.9,2254.2,Yes
3865-ZFZIB,Male,0,No,No,19.0,Yes,No,fiber,No internet service,No internet service,No internet service,No internet service,No internet service,No internet service,2 Year,No,Mailed check,19.65,,No
1855-AGAWH,Male,0,n,No,31.0,Yes,No,DSL,No,No,Yes,No,Yes,Yes,1 year,Yes,Electronic check,93.8,2939.8,No
7109-CQYUZ,Male,0,Yes,No,52.0,Yes,Yes,Dsl,Yes,Yes,Yes,Yes,Yes,Yes,One Year,Yes,Mailed check,89.25,4652.4,No
1370-GGAWX,f,0,Yes,No,,Yes,Yes,Dsl,No,Yes,Yes,No,No,Yes,Month-to-Month,Yes,Electronic check,94.15,4408.45,No
4680-KUTAJ,Male,1,NO,No,11.0,Yes,Yes,dsl,Yes,No,No,No,No,No,Two Year,Yes,Electronic check,55.6,580.8,No
5307-UVGNB,FEMALE,0,Yes,Yes,53.0,No,No phone service,Dsl,Yes,Yes,Yes,No,No,Yes,1 Year,Yes,Bank transfer (automatic),48.7,2495.2,No
4946-EDSEW,m,0,Yes,Yes,11.0,Yes,No,DSL,No internet service,No internet service,No internet service,No internet service,No internet service,No internet service,Two Year,Yes,Mailed check,19.25,180.3,Yes
2883-ILGWO,Male,1,YES,No,57.0,Yes,Yes,dsl,No,Yes,No,Yes,Yes,Yes,One Year,Yes,Bank transfer (automatic),104.9,5913.95,No
2516-VQRRV,FEMALE,1,y,No,2.0,Yes,Yes,dsl,No,No,No,No,No,No,1 year,Yes,Mailed check,75.45,158.4,Yes
7580-UGXNC,FEMALE,1,y,No,2.0,Yes,No,DSL,Yes,Yes,No,No,No,No,2 year,No,Mailed check,54.85,104.2,Yes
3642-BYHDO,FEMALE,0,YES,Yes,71.0,Yes,No,DSL,No internet service,No internet service,No internet service,No internet service,No internet service,No internet service,2 year,No,Bank transfer (automatic),19.9,1389.35,No
9629-NHXFW,Male,0,Yes,Yes,1.0,Yes,No,fiber,No internet service,No internet service,No internet service,No internet service,No internet service,No internet service,2 Year,Yes,Mailed check,19.4,19.4,No
2696-RZVZW,Female,0,n,No,68.0,Yes,Yes,Dsl,No internet service,No internet service,No internet service,No internet service,No internet service,No internet service,1 Year,No,Credit card (automatic),25.05,1629.2,No
5766-FTRTS,m,0,y,No,72.0,Yes,No,DSL,Yes,Yes,Yes,Yes,Yes,Yes,1 Year,No,Mailed check,84.45,6033.1,No
0396-HUJBP,fe male,0,NO,No,2.0,Yes,No,fiber,No internet service,No internet service,No internet service,No internet service,No internet service,No internet service,Two Year,No,Mailed check,19.3,44.4,No
5178-LMXOP,fe male,1,y,No,1.0,Yes,Yes,Dsl,No,No,No,No,Yes,Yes,2 year,Yes,Electronic check,95.1,95.1,Yes
8879-ZKJOF,m,0,NO,No,,Yes,No,fiber,Yes,No,Yes,Yes,Yes,Yes,2 Year,Yes,Bank transfer (automatic),79.85,3320.75,No
6285-FTQBF,Male,0,Yes,Yes,72.0,Yes,Yes,Fiberoptic,No internet service,No internet service,No internet service,No internet service,No internet service,No internet service,1 year,No,Credit card (automatic),25.55,1867.7,No
8185-UPYBR,f,0,y,No,6.0,Yes,Yes,Fiber Optic,No,No,No,No,No,No,Month-to-Month,,Electronic check,75.5,438,Yes
4585-HETAI,f,0,No,Yes,4.0,Yes,No,fiber,No,No,Yes,No,No,No,2 year,Yes,Electronic check,73.75,325.45,Yes
7526-BEZQB,FEMALE,0,Yes,No,12.0,Yes,Yes,Fiber Optic,No,No,No,No,Yes,Yes,Month-to-Month,Yes,Electronic check,96.05,1148.1,Yes
1474-JUWSM,FEMALE,0,n,No,58.0,Yes,Yes,fiber optic,Yes,No,No,Yes,No,Yes,2 Year,Yes,Electronic check,,3972.25,No
3530-CRZSB,m,0,No,No,7.0,Yes,No,fiber optic,No internet service,No internet service,No internet service,No internet service,No internet service,No internet service,1 Year,No,Mailed check,20.65,155.9,No
8498-XXGWA,fe male,0,No,No,65.0,Yes,No,dsl,Yes,No,Yes,No,No,No,month to month,Yes,Mailed check,55.15,3673.15,No
9617-INGJY,fe male,0,y,No,1.0,Yes,No,Dsl,No,No,No,No,No,No,Two Year,Yes,Mailed check,70.6,70.6,No
0621-TSSMU,FEMALE,0,y,No,56.0,Yes,No,Dsl,No internet service,No internet service,No internet service,No internet service,No internet service,No internet service,One Year,No,Credit card (automatic),19.95,1126.75,No
7234-KMNRQ,f,0,y,No,4.0,Yes,No,Fiberoptic,No internet service,No internet service,No internet service,No internet service,No internet service,No internet service,2 year,No,Mailed check,19.0,73.45,No
7636-PEPNS,fe male,0,y,Yes,58.0,Yes,No,fiber optic,No,No,No,No,No,No,One Year,Yes,Mailed check,44.1,2413.05,No
4683-WYDOU,FEMALE,0,n,No,62.0,Yes,Yes,fiber optic,No,No,Yes,Yes,Yes,Yes,Month-to-Month,Yes,Bank transfer (automatic),107.6,6912.7,No
9052-DHNKM,FEMALE,0,n,No,26.0,Yes,Yes,Dsl,Yes,Yes,No,No,No,No,Month-to-Month,No,Electronic check,61.55,1581.95,No
6794-HKIAJ,f,0,n,No,62.0,Yes,Yes,Dsl,Yes,Yes,Yes,No,No,No,2 year,No,Bank transfer (automatic),,5586.45,No
5578-NKCXI,m,0,y,Yes,58.0,Yes,No,fiber,Yes,Yes,No,No,Yes,Yes,Month-to-Month,No,Credit card (automatic),99.25,5846.65,No
1642-HMARX,f,0,no,No,68.0,Yes,Yes,Fiberoptic,Yes,Yes,Yes,Yes,Yes,Yes,Two Year,Yes,Electronic check,91.7,6424.7,No
3096-WPXBT,Female,0,No,,61.0,Yes,Yes,Fiber Optic,Yes,Yes,Yes,No,No,Yes,One Year,Yes,Credit card (automatic),100.7,6018.65,No
8434-PNQZX,Male,0,no,No,,Yes,Yes,Dsl,No,No,Yes,Yes,Yes,Yes,2 year,,Credit card (automatic),78.45,3373.4,No
5950-AAAGJ,Male,0,Yes,No,18.0,Yes,Yes,Dsl,No,No,No,No,Yes,No,1 year,No,Bank transfer (automatic),,1537.9,No
4299-OPXEJ,fe male,0,n,No,56.0,Yes,No,fiber,No internet service,No internet service,No internet service,No internet service,No internet service,No internet service,month to month,Yes,Bank transfer (automatic),19.55,1080.55,No
4951-UKAAQ,Male,0,y,No,4.0,Yes,Yes,Fiber Optic,No,Yes,No,No,No,Yes,1 Year,Yes,Electronic check,88.95,355.2,Yes
9618-LFJRU,f,0,y,No,4.0,Yes,No,fiber optic,No internet service,No internet service,No internet service,No internet service,No internet service,No internet service,1 year,No,Credit card (automatic),20.45,82.85,No
6693-DJWTY,f,0,n,Yes,35.0,Yes,No,fiber optic,Yes,Yes,No,No,No,No,2 year,No,Credit card (automatic),55.6,2016.45,No
0744-GKNGE,Male,0,Yes,Yes,64.0,Yes,Yes,dsl,Yes,No,No,Yes,No,No,One Year,Yes,Bank transfer (automatic),86.8,5327.25,No
6447-EGDIV,fe male,0,n,No,31.0,Yes,No,Fiber Optic,No internet service,No internet service,No internet service,No internet service,No internet service,No internet service,Two Year,No,Mailed check,20.95,683.25,No
1167-OYZJF,Male,1,NO,No,67.0,Yes,No,fiber,No internet service,No internet service,No internet service,No internet service,No internet service,No internet service,Month-to-Month,Yes,Bank transfer (automatic),20.05,1263.05,No
2108-YKQTY,Male,0,No,No,4.0,Yes,No,Dsl,No,Yes,No,No,No,No,Two Year,No,Credit card (automatic),50.7,151.3,Yes
4806-DXQCE,FEMALE,1,Yes,No,70.0,Yes,Yes,fiber,Yes,Yes,Yes,Yes,Yes,Yes,month to month,Yes,Electronic check,113.65,7714.65,No
4918-QLLIW,FEMALE,0,Yes,No,3.0,Yes,No,fiber,No,No,No,No,Yes,No,1 Year,,Credit card (automatic),,188.7,Yes
7056-IMHCC,Female,1,NO,No,53.0,Yes,Yes,Fiberoptic,No,Yes,No,No,Yes,Yes,2 year,Yes,Electronic check,101.9,5549.4,Yes
4854-SSLTN,fe male,0,Yes,Yes,2.0,Yes,No,Fiber Optic,Yes,Yes,No,Yes,No,No,Month-to-Month,No,Mailed check,,130.5,No
5294-DMSFH,m,0,NO,Yes,29.0,Yes,No,Fiberoptic,No,No,No,No,Yes,Yes,month to month,Yes,Credit card (automatic),87.8,,No
4837-PZTIC,Male,0,Yes,No,47.0,No,No phone service,Fiberoptic,Yes,No,Yes,Yes,No,No,1 Year,No,Mailed check,41.9,1875.25,No
1625-JAIIY,Male,0,Yes,Yes,68.0,Yes,Yes,DSL,No,No,No,No,Yes,No,Month-to-Month,Yes,Electronic check,83.0,5685.8,Yes
0603-OLQDC,Female,0,YES,Yes,12.0,Yes,No,Dsl,Yes,No,No,No,Yes,Yes,2 year,Yes,Mailed check,69.85,837.5,No
3272-VUHPV,Male,0,NO,Yes,8.0,Yes,No,Fiber Optic,No,Yes,No,Yes,No,No,One Year,No,Bank transfer (automatic),56.3,401.5,No
4176-FXYBO,m,0,n,No,54.0,Yes,Yes,Dsl,Yes,Yes,Yes,No,Yes,Yes,2 year,No,Electronic check,109.55,6118.95,No
1063-DHQJF,Male,0,y,Yes,69.0,Yes,No,DSL,No,Yes,No,Yes,Yes,No,Two Year,Yes,Mailed check,92.15,6480.9,No
8663-UPDGF,FEMALE,0,NO,No,26.0,Yes,Yes,fiber optic,Yes,Yes,No,No,Yes,No,2 year,Yes,Bank transfer (automatic),69.5,1800.05,No
6719-FGEDO,f,0,Yes,No,72.0,Yes,Yes,fiber,Yes,Yes,Yes,Yes,No,No,2 Year,Yes,Bank transfer (automatic),97.0,7104.2,No
1837-YQUCE,Male,0,No,No,70.0,No,No phone service,Fiberoptic,Yes,No,Yes,Yes,Yes,Yes,month to month,Yes,Bank transfer (automatic),58.35,4214.25,No
2947-DOMLJ,Male,0,Yes,Yes,1.0,Yes,No,DSL,Yes,No,No,No,No,No,One Year,No,Mailed check,50.6,50.6,Yes
4112-LUEIZ,m,0,Yes,No,10.0,Yes,No,fiber optic,No,No,No,No,Yes,Yes,month to month,Yes,Electronic check,,863.1,Yes
0369-ZGOVK,Male,0,y,,28.0,Yes,No,fiber,No,No,No,No,No,No,1 year,Yes,Bank transfer (automatic),70.4,1992.2,No
4510-HIMLV,FEMALE,0,YES,,1.0,Yes,No,fiber optic,No,No,No,No,No,No,1 year,Yes,Electronic check,,69.8,Yes
9919-KNPOO,Male,0,y,No,21.0,Yes,Yes,dsl,No,No,No,No,Yes,Yes,2 year,Yes,Electronic check,94.3,1948.35,No
8749-JMNKX,f,1,Yes,No,51.0,Yes,Yes,dsl,Yes,No,Yes,No,Yes,No,One Year,Yes,Bank transfer (automatic),93.8,4750.95,Yes
7872-BAAZR,f,0,no,,53.0,Yes,No,fiber,No internet service,No internet service,No internet service,No internet service,No internet service,No internet service,month to month,No,Bank transfer (automatic),19.55,,No
9391-LMANN,FEMALE,0,y,Yes,53.0,Yes,No,DSL,Yes,Yes,Yes,No,No,Yes,2 year,No,Electronic check,95.95,5036.9,No
2430-USGXP,Male,0,Yes,No,,Yes,Yes,dsl,No,No,Yes,No,Yes,Yes,Month-to-Month,,Electronic check,101.05,2391.8,Yes
8174-TBVCF,Male,0,Yes,No,70.0,Yes,Yes,DSL,Yes,Yes,Yes,Yes,Yes,Yes,Two Year,,Credit card (automatic),94.8,6859.05,No
1698-XFZCI,Male,0,No,No,61.0,Yes,Yes,DSL,Yes,Yes,Yes,No,Yes,Yes,Month-to-Month,Yes,Electronic check,107.75,6521.9,No
1877-HKBQX,FEMALE,0,Yes,No,11.0,Yes,No,Dsl,Yes,No,No,Yes,No,No,1 year,Yes,Mailed check,54.6,617.85,No
4450-DLLMH,f,0,YES,No,2.0,Yes,No,Dsl,No,No,No,No,No,No,1 Year,Yes,Credit card (automatic),71.3,157.75,No
0428-AXXLJ,m,0,y,No,25.0,Yes,No,Dsl,No internet service,No internet service,No internet service,No internet service,No internet service,No internet service,Two Year,Yes,Bank transfer (automatic),19.5,516.3,No
2746-DIJLO,m,0,Yes,No,41.0,Yes,Yes,DSL,No,Yes,No,No,No,No,2 year,Yes,Credit card (automatic),56.3,,No
5955-ERIHD,f,0,Yes,No,18.0,Yes,Yes,Dsl,No,No,No,No,Yes,Yes,1 year,Yes,Electronic check,94.7,1687.95,Yes
0917-EZOLA,f,1,no,,72.0,Yes,Yes,Fiber Optic,No,Yes,Yes,No,Yes,Yes,2 Year,Yes,Bank transfer (automatic),104.15,7689.95,Yes
3508-VLHCZ,FEMALE,0,no,Yes,71.0,Yes,Yes,Fiber Optic,Yes,Yes,Yes,Yes,Yes,Yes,One Year,Yes,Credit card (automatic),90.55,,No
4086-ATNFV,Male,0,n,Yes,,Yes,No,fiber,Yes,Yes,Yes,No,No,No,1 Year,Yes,Mailed check,60.8,2042.05,No
0468-YRPXN,f,0,n,No,,Yes,No,Fiber Optic,No,No,Yes,Yes,Yes,Yes,2 Year,Yes,Credit card (automatic),98.8,2807.1,No
5996-NRVXR,Female,1,Yes,No,40.0,Yes,No,Fiberoptic,Yes,Yes,Yes,Yes,Yes,No,2 year,Yes,Credit card (automatic),98.15,4116.8,No
3739-YBWAB,Male,0,NO,No,36.0,No,No phone service,fiber optic,Yes,No,Yes,No,No,No,Two Year,No,Mailed check,35.35,,No
7047-FWEYA,Male,0,Yes,No,46.0,Yes,Yes,Fiberoptic,No,Yes,No,Yes,Yes,Yes,Month-to-Month,Yes,Electronic check,103.15,4594.65,No
2000-MPKCA,fe male,0,NO,No,58.0,Yes,Yes,fiber,Yes,Yes,Yes,No,Yes,Yes,1 year,Yes,Electronic check,107.75,6332.75,No
9762-YAQAA,Female,0,NO,No,39.0,Yes,Yes,fiber,No,Yes,No,No,No,No,2 year,No,Credit card (automatic),81.4,3213.75,No
5949-EBSQK,fe male,0,NO,Yes,4.0,Yes,No,dsl,No,No,No,Yes,No,Yes,Month-to-Month,No,Credit card (automatic),61.45,229.55,Yes
5473-KHBPS,Male,0,n,Yes,52.0,Yes,Yes,Fiber Optic,No,Yes,Yes,No,Yes,No,1 Year,Yes,Credit card (automatic),95.7,4976.15,No
0100-DUVFC,Female,1,NO,No,70.0,Yes,Yes,Dsl,No,Yes,Yes,No,Yes,Yes,One Year,,Electronic check,104.8,7308.95,No
5397-TUPSH,fe male,1,Yes,,65.0,Yes,No,Fiberoptic,No,No,No,No,No,No,month to month,Yes,Bank transfer (automatic),,4555.2,No
8950-MTZNV,Female,0,n,No,1.0,Yes,No,fiber optic,No,No,No,No,No,No,2 year,Yes,Mailed check,44.95,44.95,No
0326-VDYXE,f,0,No,No,70.0,Yes,Yes,Fiberoptic,No,No,Yes,No,Yes,Yes,month to month,Yes,Electronic check,97.65,6982.5,No
6773-LQTVT,Female,1,YES,Yes,29.0,No,No phone service,Fiberoptic,No,Yes,Yes,No,No,No,month to month,Yes,Mailed check,35.65,1025.15,No
7274-RTAPZ,Female,0,Yes,No,1.0,Yes,No,Fiberoptic,No,No,No,No,Yes,Yes,Month-to-Month,Yes,Electronic check,90.55,90.55,Yes
0436-TWFFZ,fe male,0,Yes,No,67.0,Yes,Yes,dsl,Yes,No,Yes,Yes,Yes,Yes,Month-to-Month,Yes,Mailed check,85.25,5714.2,No
8566-YPRGL,fe male,0,no,,1.0,Yes,No,DSL,No internet service,No internet service,No internet service,No internet service,No internet service,No internet service,Month-to-Month,Yes,Mailed check,19.5,19.5,No
0311-UNPFF,Female,0,y,,26.0,Yes,No,dsl,No,No,No,No,Yes,Yes,Two Year,Yes,Bank transfer (automatic),88.8,2274.35,Yes
6609-MXJHJ,f,0,n,Yes,30.0,Yes,Yes,Fiberoptic,No internet service,No internet service,No internet service,No internet service,No internet service,No internet service,1 Year,Yes,Mailed check,25.1,789.55,No
2669-OIDSD,Male,0,n,No,48.0,Yes,No,Fiber Optic,No,No,Yes,Yes,Yes,Yes,month to month,Yes,Credit card (automatic),100.05,4834,No
8400-WZICQ,Male,0,y,Yes,55.0,Yes,No,dsl,Yes,Yes,No,No,No,No,month to month,No,Electronic check,55.7,3131.8,No
3834-XUIFC,Male,0,YES,No,7.0,Yes,Yes,dsl,No,No,No,No,No,Yes,1 Year,Yes,Mailed check,85.2,602.55,Yes
9576-SYUHJ,f,0,YES,No,37.0,Yes,Yes,Dsl,Yes,No,No,No,Yes,No,Two Year,Yes,Electronic check,91.15,3369.25,No
0410-IPFTY,Male,0,Yes,No,31.0,Yes,No,DSL,No,Yes,No,No,No,Yes,month to month,Yes,Bank transfer (automatic),83.85,2674.15,No
2831-EBWRN,Male,0,n,No,4.0,Yes,No,dsl,No,No,No,No,No,No,2 year,Yes,Electronic check,45.9,199.75,No
9430-NKQLY,Male,0,NO,Yes,72.0,Yes,Yes,DSL,No internet service,No internet service,No internet service,No internet service,No internet service,No internet service,One Year,Yes,Credit card (automatic),25.1,1790.8,No
8414-MYSHR,FEMALE,1,Yes,No,5.0,Yes,No,Dsl,No,No,No,No,Yes,Yes,1 Year,Yes,Electronic check,91.4,449.75,Yes
0247-SLUJI,Male,0,Yes,Yes,1.0,Yes,No,Fiberoptic,No internet service,No internet service,No internet service,No internet service,No internet service,No internet service,One Year,No,Mailed check,19.7,19.7,No
9402-ORRAH,Female,1,Yes,No,15.0,Yes,No,DSL,No,No,No,No,Yes,Yes,1 year,Yes,Electronic check,91.5,1400.3,No
6483-OATDN,Male,0,no,,8.0,Yes,No,fiber optic,Yes,No,No,No,No,No,Two Year,Yes,Credit card (automatic),51.3,411.6,No
1293-HHSHJ,FEMALE,0,NO,No,35.0,Yes,No,dsl,No internet service,No internet service,No internet service,No internet service,No internet service,No internet service,Month-to-Month,No,Mailed check,21.1,741,No
4840-ORQXB,fe male,1,No,No,,Yes,Yes,Fiberoptic,No,Yes,Yes,No,Yes,Yes,month to month,No,Electronic check,104.75,5841.35,No
7599-FKVXZ,Male,0,YES,No,,Yes,Yes,Dsl,No,No,Yes,Yes,Yes,Yes,Two Year,Yes,Bank transfer (automatic),106.15,4512.7,Yes
3982-DQLUS,fe male,1,y,Yes,65.0,Yes,Yes,dsl,Yes,Yes,No,No,No,No,2 Year,Yes,Electronic check,85.75,5688.45,No
8610-ZIKJJ,m,0,No,Yes,2.0,Yes,No,DSL,No internet service,No internet service,No internet service,No internet service,No internet service,No internet service,Month-to-Month,No,Mailed check,20.3,31.9,No
3756-VNWDH,f,1,Yes,No,65.0,Yes,Yes,DSL,Yes,No,No,No,Yes,Yes,month to month,Yes,Electronic check,100.75,6674.65,No
7801-KICAO,Male,0,y,No,18.0,Yes,Yes,fiber,No,No,No,No,No,No,One Year,Yes,Electronic check,,1345.75,No
7673-LPRNY,fe male,0,YES,,23.0,Yes,Yes,Fiberoptic,Yes,No,Yes,No,Yes,Yes,Month-to-Month,Yes,Electronic check,78.55,1843.05,No
8229-TNIQA,fe male,0,No,No,4.0,Yes,No,fiber optic,No,No,No,No,No,No,One Year,Yes,Mailed check,45.3,196.95,Yes
6060-QBMGV,Male,0,No,No,70.0,Yes,No,Fiber Optic,No internet service,No internet service,No internet service,No internet service,No internet service,No internet service,month to month,No,Credit card (automatic),19.85,1433.8,No
7339-POGZN,Female,0,no,No,4.0,Yes,Yes,fiber optic,No,No,No,No,No,No,Two Year,No,Electronic check,50.7,214.55,No
2828-SLQPF,Female,0,no,No,19.0,Yes,No,fiber,No,No,No,No,No,No,One Year,Yes,Bank transfer (automatic),45.0,865.85,No
4465-VDKIQ,fe male,0,YES,No,18.0,Yes,No,Dsl,No,Yes,Yes,No,No,No,Month-to-Month,,Electronic check,77.8,1358.6,No
2921-XWDJH,m,1,YES,No,,Yes,No,fiber optic,Yes,No,No,No,No,Yes,One Year,Yes,Electronic check,83.45,3147.15,No
6221-AVQYL,FEMALE,0,n,No,2.0,Yes,Yes,DSL,No,No,No,No,No,No,One Year,Yes,Credit card (automatic),73.25,131.05,Yes
2558-BUOZZ,FEMALE,0,Yes,No,47.0,Yes,Yes,DSL,Yes,Yes,No,No,Yes,No,1 Year,No,Bank transfer (automatic),94.8,4535.85,No
9257-AZMTZ,f,0,No,Yes,52.0,Yes,No,dsl,No internet service,No internet service,No internet service,No internet service,No internet service,No internet service,month to month,No,Bank transfer (automatic),20.1,,No
0003-MKNFE,Male,0,Yes,No,9.0,Yes,Yes,DSL,No,No,No,No,No,Yes,month to month,No,Mailed check,59.9,542.4,No
0975-UYDTX,m,0,y,No,,Yes,Yes,DSL,Yes,Yes,Yes,Yes,Yes,Yes,1 Year,Yes,Credit card (automatic),90.1,2312.55,No
7743-EXURX,Male,0,n,,8.0,Yes,No,dsl,No,No,Yes,No,No,No,2 Year,Yes,Electronic check,51.05,,Yes
4682-BLBUC,Male,0,YES,No,44.0,Yes,No,fiber optic,No,Yes,Yes,Yes,Yes,No,One Year,Yes,Electronic check,70.95,3250.45,No
0975-VOOVL,FEMALE,0,n,No,3.0,No,No phone service,Fiber Optic,No,Yes,No,No,No,No,Month-to-Month,No,Mailed check,29.2,98.5,No
5968-VXZLG,m,0,no,No,2.0,Yes,No,Fiberoptic,No,No,No,No,No,No,1 Year,Yes,Bank transfer (automatic),46.6,87.9,No
5569-KGJHX,FEMALE,0,NO,Yes,9.0,Yes,Yes,DSL,No,No,No,No,Yes,No,2 year,Yes,Bank transfer (automatic),85.35,754.65,Yes
4988-IQIGL,FEMALE,1,YES,No,1.0,Yes,Yes,fiber optic,No,No,No,No,No,No,1 year,Yes,Electronic check,75.35,75.35,Yes
5201-FRKKS,m,0,No,No,,Yes,No,Fiberoptic,Yes,No,No,No,No,No,1 year,,Bank transfer (automatic),74.3,1952.25,No
9799-CAYJJ,m,1,n,,2.0,Yes,No,Fiberoptic,No,No,No,No,No,No,Two Year,Yes,Electronic check,69.3,153.8,No
7730-IUTDZ,Female,0,YES,,43.0,Yes,No,DSL,Yes,No,No,No,No,No,2 year,Yes,Electronic check,75.2,3198.6,Yes
0426-TIRNE,Male,0,YES,No,1.0,Yes,No,Fiberoptic,No internet service,No internet service,No internet service,No internet service,No internet service,No internet service,1 year,No,Mailed check,20.9,20.9,Yes
5443-SCMKX,Male,0,Yes,No,58.0,Yes,Yes,Fiberoptic,No,Yes,Yes,No,No,Yes,Month-to-Month,Yes,Electronic check,94.3,,No
8295-KMENE,FEMALE,0,Yes,,59.0,Yes,Yes,fiber,Yes,No,Yes,Yes,Yes,No,2 Year,Yes,Mailed check,76.45,4519.5,No
6738-ISCBM,fe male,0,Yes,No,44.0,No,No phone service,Dsl,Yes,No,Yes,No,Yes,Yes,month to month,Yes,Electronic check,54.0,2440.25,No
9821-BESNZ,Male,0,NO,No,66.0,Yes,Yes,Fiber Optic,No,Yes,No,Yes,Yes,Yes,2 year,Yes,Electronic check,104.25,6860.6,No
3678-MNGZX,Male,0,no,Yes,68.0,Yes,No,fiber optic,No internet service,No internet service,No internet service,No internet service,No internet service,No internet service,2 Year,No,Bank transfer (automatic),19.95,1377.7,No
1335-NTIUC,Female,0,no,No,,No,No phone service,dsl,No,No,No,No,No,No,month to month,Yes,Electronic check,24.95,190.25,No
2916-BQZLN,Male,0,No,No,,Yes,Yes,Fiberoptic,Yes,No,Yes,No,No,No,month to month,Yes,Electronic check,84.75,1651.95,No
4558-CGYCZ,Female,0,YES,No,4.0,Yes,No,Dsl,No internet service,No internet service,No internet service,No internet service,No internet service,No internet service,One Year,No,Mailed check,19.75,78.3,No
2368-GAKKQ,m,0,Yes,No,70.0,Yes,Yes,dsl,Yes,Yes,Yes,Yes,Yes,Yes,2 Year,Yes,Bank transfer (automatic),113.65,7939.25,No
8710-YGLWG,Male,0,Yes,No,1.0,Yes,No,dsl,No,No,No,No,No,No,2 year,Yes,Mailed check,44.9,44.9,No
3199-XGZCY,Female,0,no,No,8.0,Yes,Yes,DSL,No,No,No,No,No,No,2 year,Yes,Electronic check,75.25,576.7,No
3785-KTYSH,f,0,YES,No,53.0,Yes,Yes,fiber optic,No internet service,No internet service,No internet service,No internet service,No internet service,No internet service,1 Year,No,Mailed check,24.6,1279,No
6814-ZPWFQ,fe male,1,Yes,No,51.0,Yes,Yes,dsl,No internet service,No internet service,No internet service,No internet service,No internet service,No internet service,Month-to-Month,No,Bank transfer (automatic),,1260.7,No
4063-EIKNQ,fe male,0,no,Yes,11.0,Yes,No,fiber,No internet service,No internet service,No internet service,No internet service,No internet service,No internet service,One Year,No,Bank transfer (automatic),20.95,267.35,No
6993-YCOBK,Male,0,n,Yes,60.0,Yes,Yes,Fiber Optic,Yes,No,Yes,Yes,Yes,Yes,2 Year,Yes,Electronic check,110.6,6586.85,No
5206-HPJKM,fe male,0,Yes,No,17.0,Yes,No,Fiber Optic,Yes,Yes,No,No,No,No,month to month,Yes,Credit card (automatic),55.5,934.15,No
7587-RZNME,m,0,YES,No,,Yes,No,Dsl,No,No,No,No,No,No,1 year,Yes,Electronic check,43.3,123.65,Yes
0748-RDGGM,fe male,0,No,No,70.0,Yes,No,Dsl,Yes,Yes,Yes,Yes,Yes,Yes,2 Year,Yes,Bank transfer (automatic),109.5,7534.65,Yes
8393-JMVMB,Female,0,NO,No,1.0,Yes,No,fiber optic,No internet service,No internet service,No internet service,No internet service,No internet service,No internet service,1 year,,Mailed check,19.45,19.45,No
5019-GQVCR,Male,1,y,No,43.0,Yes,Yes,fiber optic,No,No,No,No,Yes,No,month to month,Yes,Electronic check,84.85,3645.6,No
6036-TTFYU,m,0,No,No,16.0,Yes,No,Fiber Optic,No internet service,No internet service,No internet service,No internet service,No internet service,No internet service,One Year,No,Mailed check,19.6,314.45,No
2550-AEVRU,fe male,0,Yes,Yes,57.0,Yes,No,fiber optic,Yes,Yes,No,No,No,No,Two Year,No,Electronic check,53.45,3053,No
0969-RGKCU,Female,0,NO,Yes,37.0,Yes,No,Dsl,No internet service,No internet service,No internet service,No internet service,No internet service,No internet service,2 year,No,Credit card (automatic),19.8,677.05,No
0378-CJKPV,Male,0,YES,No,72.0,Yes,Yes,fiber,Yes,Yes,Yes,Yes,Yes,Yes,2 year,,Credit card (automatic),112.1,7965.95,No
4706-AXVKM,Male,1,No,No,11.0,Yes,Yes,Fiber Optic,No,No,No,No,No,Yes,2 year,Yes,Credit card (automatic),84.8,906.85,Yes
5889-JTMUL,m,1,No,No,50.0,Yes,Yes,Fiberoptic,No,Yes,Yes,No,Yes,No,Two Year,Yes,Electronic check,95.05,4888.7,Yes
9026-RNUJS,Male,1,NO,No,5.0,Yes,No,fiber,No,No,Yes,No,No,No,month to month,No,Electronic check,50.35,,Yes
3746-EUBYR,Female,0,Yes,No,1.0,Yes,Yes,Dsl,No,No,No,No,No,No,month to month,Yes,Bank transfer (automatic),74.6,74.6,Yes
2332-EFBJY,f,0,YES,No,16.0,Yes,No,fiber,No internet service,No internet service,No internet service,No internet service,No internet service,No internet service,2 year,Yes,Mailed check,19.7,,Yes
2880-FPNAE,f,1,Yes,No,2.0,Yes,No,Dsl,No,No,Yes,No,No,No,2 Year,Yes,Electronic check,74.2,140.1,No
1703-MGIAB,m,0,no,No,17.0,Yes,Yes,Fiberoptic,No,No,Yes,Yes,Yes,No,1 Year,,Mailed check,69.0,1108,No
4311-QTTAI,Male,0,No,No,16.0,Yes,No,fiber,No internet service,No internet service,No internet service,No internet service,No internet service,No internet service,2 year,No,Credit card (automatic),19.35,295.55,No
9474-PHLYD,m,0,no,No,15.0,Yes,No,fiber,No,No,Yes,No,No,Yes,1 Year,Yes,Electronic check,59.45,892.65,Yes
4318-RAJVY,Female,0,Yes,No,,Yes,No,Fiberoptic,No internet service,No internet service,No internet service,No internet service,No internet service,No internet service,1 year,Yes,Mailed check,19.8,198.25,No
2165-VOEGB,Male,0,No,Yes,46.0,Yes,No,Fiberoptic,Yes,Yes,No,Yes,Yes,Yes,One Year,Yes,Bank transfer (automatic),105.2,4822.85,Yes
3612-YUNGG,m,0,No,Yes,64.0,Yes,Yes,Fiber Optic,No,Yes,Yes,Yes,Yes,Yes,2 Year,Yes,Credit card (automatic),109.2,6741.15,No
2254-DLXRI,fe male,0,YES,No,1.0,Yes,Yes,Dsl,No,Yes,No,No,No,No,One Year,Yes,Mailed check,79.15,79.15,No
5062-CJJKH,Male,0,YES,Yes,25.0,Yes,No,Fiberoptic,No,Yes,Yes,No,No,No,month to month,No,Mailed check,53.65,1355.45,No
9028-LIHRP,m,0,No,Yes,71.0,Yes,No,Fiber Optic,Yes,Yes,Yes,Yes,Yes,No,1 Year,No,Credit card (automatic),100.2,7209,No
2219-MVUSO,Female,0,NO,No,8.0,Yes,No,fiber,No,No,No,No,No,No,month to month,Yes,Mailed check,45.15,,Yes
1053-MXTTK,Female,0,NO,,72.0,Yes,No,fiber,Yes,Yes,Yes,Yes,Yes,Yes,Month-to-Month,Yes,Bank transfer (automatic),108.65,7726.35,No
1530-ZTDOZ,Male,0,No,No,49.0,No,No phone service,Fiberoptic,Yes,No,No,No,Yes,No,Two Year,No,Bank transfer (automatic),40.65,2070.75,No
1301-LOPVR,fe male,0,no,,,No,No phone service,DSL,Yes,Yes,Yes,Yes,No,Yes,2 year,Yes,Credit card (automatic),55.35,1636.95,No
0853-TWRVK,f,0,NO,No,,Yes,Yes,Fiberoptic,Yes,Yes,Yes,Yes,No,Yes,Month-to-Month,No,Bank transfer (automatic),105.6,7581.5,No
8914-RBTSB,Female,0,NO,No,31.0,Yes,Yes,DSL,No,Yes,Yes,No,Yes,No,2 Year,No,Electronic check,93.8,3019.5,Yes
6212-ATMLK,fe male,0,Yes,No,50.0,Yes,Yes,Dsl,No,No,No,No,Yes,Yes,1 Year,Yes,Electronic check,95.7,4729.75,No
8200-LGKSR,m,0,Yes,,71.0,Yes,Yes,dsl,Yes,No,Yes,Yes,Yes,Yes,Two Year,No,Electronic check,83.2,6126.1,No
1568-BEKZM,m,1,Yes,No,70.0,Yes,Yes,fiber optic,Yes,Yes,Yes,Yes,Yes,Yes,Two Year,No,Credit card (automatic),90.05,6333.4,No
0670-ANMUU,Female,0,Yes,No,71.0,Yes,Yes,fiber,Yes,No,No,Yes,No,Yes,Month-to-Month,No,Credit card (automatic),97.65,,No
6897-RWMUB,f,0,Yes,Yes,61.0,Yes,No,dsl,Yes,Yes,Yes,Yes,No,No,Month-to-Month,Yes,Bank transfer (automatic),68.05,4158.25,No
0963-ZBDRN,Female,0,No,No,,Yes,No,fiber,No,No,No,Yes,Yes,Yes,2 year,Yes,Electronic check,96.2,3183.4,Yes
7594-RQHXR,FEMALE,0,YES,Yes,1.0,Yes,No,fiber,No,No,No,No,No,Yes,2 year,Yes,Electronic check,,79.6,Yes
6999-CHVCF,m,0,no,No,68.0,Yes,Yes,dsl,Yes,Yes,Yes,No,No,Yes,Two Year,Yes,Bank transfer (automatic),102.1,7149.35,No
6134-KWTBV,m,0,no,No,62.0,Yes,Yes,dsl,No internet service,No internet service,No internet service,No internet service,No internet service,No internet service,1 year,No,Bank transfer (automatic),23.4,1429.65,No
1077-HUUJM,fe male,0,n,Yes,7.0,Yes,No,Dsl,No,No,No,No,No,No,One Year,Yes,Electronic check,71.05,472.65,No
6331-EWIEB,Male,0,y,No,20.0,Yes,Yes,dsl,No,No,No,No,Yes,No,month to month,Yes,Electronic check,85.25,1734.5,Yes
0895-LNKRC,fe male,0,NO,Yes,6.0,Yes,No,Fiber Optic,No internet service,No internet service,No internet service,No internet service,No internet service,No internet service,2 Year,No,Mailed check,19.45,113.5,No
2045-BMBTJ,FEMALE,1,n,No,33.0,No,No phone service,Fiberoptic,Yes,Yes,Yes,No,Yes,Yes,One Year,Yes,Bank transfer (automatic),59.45,1884.65,No
8417-GSODA,m,0,No,Yes,28.0,Yes,Yes,Fiber Optic,No,No,No,No,Yes,Yes,2 year,No,Bank transfer (automatic),92.2,2568.15,No
5171-EPLKN,Male,0,n,No,27.0,Yes,No,fiber optic,No internet service,No internet service,No internet service,No internet service,No internet service,No internet service,month to month,No,Credit card (automatic),19.85,470,No
4452-QIIEB,m,0,Yes,No,7.0,Yes,No,Dsl,No,No,No,No,No,No,2 Year,No,Mailed check,43.9,278.4,No
5998-VVEJY,Male,0,Yes,No,26.0,Yes,Yes,DSL,No,No,No,Yes,No,No,Month-to-Month,Yes,Electronic check,80.5,,Yes
1624-NALOJ,FEMALE,1,y,No,5.0,Yes,Yes,Fiber Optic,No,Yes,No,No,No,Yes,One Year,Yes,Electronic check,,502.6,Yes
6741-EGCBI,fe male,1,NO,No,30.0,Yes,Yes,dsl,Yes,No,No,No,No,Yes,1 year,Yes,Credit card (automatic),90.5,2595.85,No
7820-ZYGNY,Female,0,Yes,,63.0,Yes,Yes,Fiber Optic,No,Yes,No,No,No,Yes,1 Year,No,Credit card (automatic),90.45,5825.5,No
4317-VTEOA,m,0,Yes,No,,Yes,No,Dsl,No,Yes,No,No,No,No,Month-to-Month,Yes,Electronic check,50.75,50.75,Yes
9677-AVKED,f,0,n,Yes,53.0,Yes,Yes,dsl,No,Yes,Yes,Yes,Yes,Yes,1 Year,Yes,Electronic check,84.6,4449.75,No
1670-SVOWZ,Female,0,n,Yes,14.0,Yes,No,DSL,No,Yes,No,Yes,No,Yes,Two Year,Yes,Credit card (automatic),,1208.35,Yes
2227-JRSJX,Female,0,NO,No,21.0,Yes,No,dsl,No,Yes,No,Yes,Yes,Yes,One Year,Yes,Bank transfer (automatic),99.15,1956.4,No
9847-HNVGP,f,0,n,No,17.0,Yes,No,fiber,No internet service,No internet service,No internet service,No internet service,No internet service,No internet service,One Year,No,Mailed check,19.95,310.6,No
6696-YDAYZ,FEMALE,0,y,Yes,16.0,Yes,No,fiber,No internet service,No internet service,No internet service,No internet service,No internet service,No internet service,Month-to-Month,No,Mailed check,20.5,290.55,No
8980-WQFWL,m,0,YES,No,,Yes,No,Dsl,No,No,Yes,No,No,Yes,Two Year,,Electronic check,62.1,2096.1,No
1730-ZMAME,Male,1,no,No,32.0,Yes,No,fiber,No,No,No,No,No,Yes,1 Year,Yes,Electronic check,79.5,2665,No
6506-EYCNH,m,0,No,Yes,28.0,Yes,No,fiber,No internet service,No internet service,No internet service,No internet service,No internet service,No internet service,1 Year,Yes,Bank transfer (automatic),19.55,543.8,No
4634-JLRJT,FEMALE,0,No,,1.0,Yes,No,fiber,No internet service,No internet service,No internet service,No internet service,No internet service,No internet service,2 year,Yes,Mailed check,,20.35,No
9501-UKKNL,fe male,0,YES,No,59.0,No,No phone service,Fiber Optic,No,No,No,Yes,Yes,Yes,1 year,Yes,Electronic check,51.7,3005.8,No
2560-QTSBS,f,0,no,Yes,72.0,Yes,Yes,DSL,No internet service,No internet service,No internet service,No internet service,No internet service,No internet service,Month-to-Month,Yes,Bank transfer (automatic),23.3,1623.15,No
7541-YLXCL,Male,0,Yes,No,,Yes,No,fiber,No,Yes,No,Yes,No,Yes,1 year,Yes,Mailed check,65.4,2498.4,Yes
4795-WRNVT,Female,0,No,No,40.0,Yes,No,fiber,Yes,Yes,No,No,Yes,No,Two Year,No,Mailed check,,2586,No
6080-TCMYC,FEMALE,0,NO,Yes,,Yes,Yes,Fiberoptic,No,No,Yes,No,No,No,1 Year,,Electronic check,81.2,3292.3,No
0260-ZDLGK,fe male,0,y,Yes,9.0,Yes,No,Fiber Optic,No,No,Yes,Yes,Yes,Yes,1 year,Yes,Mailed check,72.9,651.4,Yes
7860-UXCRM,f,0,Yes,Yes,63.0,Yes,No,Fiber Optic,Yes,Yes,Yes,Yes,Yes,No,Month-to-Month,No,Credit card (automatic),74.5,4674.55,No
6357-JJPQT,f,0,y,No,3.0,Yes,No,fiber optic,No,No,No,No,Yes,No,Month-to-Month,Yes,Electronic check,80.5,,No
2292-XQWSV,m,0,No,Yes,40.0,No,No phone service,DSL,No,Yes,Yes,Yes,Yes,Yes,2 Year,No,Mailed check,60.3,2448.5,No
9552-TGUZV,Male,0,No,No,8.0,Yes,No,Fiber Optic,Yes,No,No,No,No,No,1 Year,Yes,Mailed check,75.0,,No
5913-INRQV,m,1,n,,34.0,Yes,No,fiber,Yes,No,No,Yes,Yes,No,2 year,No,Mailed check,90.15,,No
8722-NGNBH,fe male,0,n,No,5.0,No,No phone service,fiber optic,Yes,No,Yes,Yes,No,No,2 year,No,Mailed check,40.0,223.45,Yes
6210-KBBPI,f,1,YES,No,9.0,Yes,Yes,DSL,No,Yes,No,No,Yes,Yes,1 Year,Yes,Credit card (automatic),99.45,919.4,Yes
9643-YBLUR,fe male,0,no,No,9.0,Yes,Yes,dsl,No,Yes,Yes,No,No,Yes,2 Year,Yes,Credit card (automatic),69.05,653.95,No
8734-FNWVH,f,0,y,Yes,31.0,Yes,Yes,fiber optic,No,No,No,No,No,Yes,One Year,,Bank transfer (automatic),59.7,1825.5,No
9447-YPTBX,FEMALE,0,y,No,50.0,Yes,No,Fiber Optic,No internet service,No internet service,No internet service,No internet service,No internet service,No internet service,1 Year,Yes,Bank transfer (automatic),19.85,943.1,No
0133-BMFZO,Male,0,No,No,2.0,Yes,No,fiber optic,Yes,Yes,No,Yes,No,No,One Year,Yes,Electronic check,86.25,181.65,Yes
6128-CZOMY,Male,0,Yes,No,1.0,Yes,No,fiber,No,No,No,No,No,No,2 Year,Yes,Electronic check,45.65,,Yes
9540-JYROE,Male,0,y,,8.0,Yes,No,Fiber Optic,No,No,No,No,No,No,month to month,Yes,Mailed check,70.1,551.35,Yes
9026-LHEVG,fe male,0,YES,No,9.0,No,No phone service,fiber,No,Yes,No,No,No,Yes,2 year,No,Electronic check,40.75,359.4,No
2260-USTRB,f,1,Yes,No,2.0,Yes,No,DSL,No,No,No,No,No,No,Two Year,Yes,Bank transfer (automatic),70.2,,Yes
3656-TKRVZ,Female,0,n,No,3.0,Yes,No,fiber,Yes,Yes,No,No,No,No,month to month,No,Electronic check,55.35,,Yes
7011-CVEUC,fe male,0,NO,No,25.0,Yes,No,fiber,No,No,No,Yes,Yes,Yes,2 year,Yes,Credit card (automatic),95.7,2338.35,No
6185-TASNN,Female,1,Yes,No,1.0,Yes,No,DSL,No,No,No,No,No,No,1 Year,No,Electronic check,46.3,46.3,No
7925-PNRGI,fe male,0,No,Yes,45.0,Yes,Yes,dsl,Yes,Yes,Yes,Yes,Yes,No,Month-to-Month,No,Mailed check,81.3,3541.1,No
8623-TMRBY,Male,1,NO,Yes,51.0,Yes,Yes,Dsl,No,Yes,Yes,No,No,No,2 Year,Yes,Electronic check,84.2,,Yes
1552-CZCLL,f,0,YES,Yes,55.0,Yes,No,Fiberoptic,No internet service,No internet service,No internet service,No internet service,No internet service,No internet service,One Year,No,Credit card (automatic),20.0,1087.25,No
3038-PQIUY,Male,0,no,No,38.0,Yes,Yes,fiber,Yes,Yes,Yes,No,No,No,2 year,Yes,Bank transfer (automatic),66.15,2522.4,No
1501-SGHBW,Male,0,n,No,2.0,Yes,No,DSL,No,No,No,No,No,No,1 year,,Mailed check,45.85,81,Yes
9313-CDOGY,Male,0,y,Yes,38.0,Yes,No,dsl,No internet service,No internet service,No internet service,No internet service,No internet service,No internet service,Month-to-Month,,Electronic check,19.6,717.3,No
8148-BPLZQ,f,0,y,No,34.0,Yes,No,DSL,No,Yes,No,No,No,No,1 year,Yes,Electronic check,49.8,,No
2623-DRYAM,m,0,Yes,No,70.0,Yes,Yes,dsl,No,No,Yes,No,Yes,Yes,Two Year,Yes,Electronic check,101.75,7069.3,No
9987-LUTYD,fe male,0,n,No,13.0,Yes,No,fiber optic,Yes,No,No,Yes,No,No,Two Year,No,Mailed check,,742.9,No
3208-YPIOE,FEMALE,0,No,No,39.0,Yes,Yes,Dsl,No,No,No,No,No,No,1 year,No,Electronic check,75.25,3017.65,Yes
4488-KQFDT,Male,0,n,No,61.0,Yes,Yes,DSL,No,Yes,Yes,No,Yes,Yes,2 year,Yes,Electronic check,103.95,6423,No
2612-RANWT,Male,0,NO,No,12.0,Yes,Yes,fiber optic,No,No,Yes,No,Yes,Yes,2 year,Yes,Bank transfer (automatic),100.15,1164.3,Yes
5693-PIPCS,Female,0,No,No,41.0,Yes,No,DSL,No,Yes,No,Yes,Yes,Yes,Month-to-Month,Yes,Credit card (automatic),99.65,4220.35,No
0491-KAPQG,fe male,0,n,No,21.0,Yes,Yes,Fiberoptic,No,No,No,No,No,No,2 Year,Yes,Electronic check,73.7,1558.7,No
1925-LFCZZ,Female,1,y,No,55.0,No,No phone service,dsl,No,No,Yes,No,Yes,Yes,Month-to-Month,Yes,Bank transfer (automatic),50.05,2743.45,No
8039-EQPIM,fe male,0,Yes,No,69.0,No,No phone service,Dsl,Yes,No,Yes,Yes,Yes,Yes,1 year,No,Bank transfer (automatic),60.25,4055.5,No
6900-PXRMS,Male,1,YES,Yes,26.0,Yes,Yes,Fiberoptic,No,Yes,Yes,No,Yes,Yes,Month-to-Month,No,Electronic check,,2710.25,Yes
8707-RMEZH,m,1,n,No,69.0,Yes,No,dsl,Yes,Yes,No,No,No,Yes,Month-to-Month,No,Credit card (automatic),87.3,,No
3346-BRMIS,FEMALE,1,No,No,18.0,No,No phone service,Dsl,No,No,Yes,No,Yes,Yes,month to month,Yes,Electronic check,48.35,810.7,Yes
3209-ZPKFI,Male,0,Yes,Yes,47.0,Yes,Yes,fiber optic,No,Yes,No,No,No,No,month to month,No,Electronic check,54.25,2538.2,No
6479-VDGRK,Male,0,NO,Yes,72.0,Yes,No,dsl,Yes,Yes,Yes,Yes,Yes,Yes,month to month,No,Bank transfer (automatic),85.3,,No
9373-WSLOY,fe male,1,No,No,33.0,No,No phone service,DSL,No,Yes,Yes,Yes,Yes,No,1 Year,Yes,Electronic check,50.0,1750.85,No
2933-FILNV,Male,0,y,Yes,2.0,No,No phone service,Dsl,No,No,No,No,No,No,1 year,Yes,Mailed check,24.4,36.55,Yes
3569-JFODW,FEMALE,0,NO,Yes,72.0,Yes,Yes,DSL,Yes,Yes,Yes,Yes,Yes,Yes,1 Year,No,Credit card (automatic),90.95,6652.45,No
9819-FBNSV,FEMALE,1,No,No,37.0,Yes,No,fiber,No,No,No,No,No,No,2 year,Yes,Bank transfer (automatic),72.25,2575.45,No
9544-PYPSJ,Male,1,YES,Yes,62.0,Yes,Yes,dsl,No,Yes,Yes,No,No,Yes,1 Year,Yes,Credit card (automatic),96.1,6019.35,No
1591-XWLGB,f,0,y,No,71.0,Yes,No,Fiberoptic,No internet service,No internet service,No internet service,No internet service,No internet service,No internet service,One Year,No,Credit card (automatic),19.85,1379.6,No
0396-UKGAI,f,0,No,Yes,23.0,Yes,No,DSL,No,Yes,No,Yes,No,No,month to month,Yes,Bank transfer (automatic),55.3,,No
3243-ZHOHY,f,0,Yes,No,16.0,Yes,No,fiber optic,No internet service,No internet service,No internet service,No internet service,No internet service,No internet service,1 Year,No,Mailed check,20.1,296.15,No
5186-EJEGL,FEMALE,0,Yes,No,9.0,Yes,No,Fiber Optic,Yes,No,Yes,Yes,Yes,No,Month-to-Month,Yes,Mailed check,69.5,653.25,No
7527-QNRUS,FEMALE,0,y,Yes,17.0,Yes,Yes,fiber,No internet service,No internet service,No internet service,No internet service,No internet service,No internet service,2 Year,Yes,Mailed check,25.15,412.6,No
9986-BONCE,Female,0,y,,4.0,Yes,No,Fiber Optic,No internet service,No internet service,No internet service,No internet service,No internet service,No internet service,1 year,No,Bank transfer (automatic),20.95,85.5,Yes
2722-JMONI,FEMALE,1,y,No,1.0,Yes,No,Fiber Optic,Yes,No,No,No,No,No,One Year,Yes,Electronic check,49.55,,Yes
2203-GHNWN,Male,0,NO,No,24.0,Yes,Yes,DSL,No,No,Yes,No,No,No,2 year,,Mailed check,79.65,1928.7,No
3878-AVSOQ,m,1,YES,No,1.0,Yes,No,DSL,No,No,No,No,No,No,1 Year,Yes,Electronic check,71.25,71.25,No
3258-SYSWS,Female,1,NO,No,72.0,Yes,Yes,fiber,Yes,Yes,Yes,Yes,Yes,Yes,2 year,No,Bank transfer (automatic),113.8,7845.8,No
5296-PSYVW,FEMALE,0,NO,No,72.0,Yes,Yes,Fiber Optic,No internet service,No internet service,No internet service,No internet service,No internet service,No internet service,2 year,No,Electronic check,24.55,1750.7,No
6319-QSUSR,Female,0,NO,Yes,11.0,Yes,No,fiber,No internet service,No internet service,No internet service,No internet service,No internet service,No internet service,Month-to-Month,No,Credit card (automatic),19.7,216.2,No
4083-EUGRJ,FEMALE,0,YES,No,9.0,Yes,No,Fiberoptic,No internet service,No internet service,No internet service,No internet service,No internet service,No internet service,One Year,No,Mailed check,20.25,178.5,Yes
7579-OOPEC,m,1,NO,No,,Yes,No,Fiberoptic,No,Yes,No,No,No,No,Month-to-Month,,Credit card (automatic),50.15,115.1,Yes
0512-FLFDW,Male,1,NO,No,60.0,Yes,Yes,DSL,No,No,Yes,No,Yes,Yes,Two Year,Yes,Credit card (automatic),100.5,,No
1771-OADNZ,Male,1,YES,No,29.0,Yes,Yes,Fiber Optic,No,Yes,Yes,No,No,Yes,One Year,Yes,Electronic check,95.9,2745.2,Yes
0487-CRLZF,fe male,0,n,No,49.0,Yes,No,Fiberoptic,No,No,Yes,Yes,Yes,Yes,1 Year,Yes,Bank transfer (automatic),74.45,3721.9,No
2107-FBPTK,fe male,1,YES,No,30.0,Yes,Yes,Fiberoptic,No,Yes,Yes,No,Yes,Yes,Month-to-Month,Yes,Electronic check,,3121.1,No
9451-WLYRI,Male,0,YES,No,53.0,Yes,No,Fiberoptic,No internet service,No internet service,No internet service,No internet service,No internet service,No internet service,Month-to-Month,No,Credit card (automatic),19.05,990.45,No
8219-VYBVI,Male,0,No,Yes,39.0,Yes,Yes,Dsl,No internet service,No internet service,No internet service,No internet service,No internet service,No internet service,2 Year,No,Mailed check,25.0,1004.35,No
1991-VOPLL,Female,0,y,,9.0,Yes,No,fiber optic,No internet service,No internet service,No internet service,No internet service,No internet service,No internet service,One Year,No,Mailed check,19.05,,No
9738-QLWTP,m,0,no,,39.0,Yes,No,fiber optic,No,No,Yes,Yes,No,No,Month-to-Month,No,Electronic check,81.9,3219.75,No
1016-DJTSV,f,1,no,No,8.0,Yes,No,Fiber Optic,No,No,No,No,No,No,Month-to-Month,Yes,Electronic check,69.7,572.85,No
9419-IPPBE,fe male,0,No,Yes,51.0,Yes,Yes,fiber,No,No,Yes,No,No,Yes,Month-to-Month,Yes,Electronic check,90.15,4554.85,No
0174-QRVVY,m,0,YES,Yes,71.0,Yes,Yes,Fiber Optic,No internet service,No internet service,No internet service,No internet service,No internet service,No internet service,1 Year,No,Credit card (automatic),25.35,1847.55,No
5699-BNCAS,Male,1,n,No,71.0,Yes,Yes,Dsl,No internet service,No internet service,No internet service,No internet service,No internet service,No internet service,2 year,,Mailed check,24.65,1766.75,No
2900-PHPLN,fe male,1,no,No,70.0,Yes,No,fiber,No internet service,No internet service,No internet service,No internet service,No internet service,No internet service,2 Year,,Credit card (automatic),,1462.05,No
0612-RTZZA,FEMALE,1,YES,No,1.0,No,No phone service,fiber optic,No,No,No,No,No,No,Two Year,No,Electronic check,25.25,25.25,Yes
8106-GWQOK,Male,0,Yes,No,,No,No phone service,Dsl,Yes,Yes,No,Yes,Yes,Yes,2 Year,Yes,Bank transfer (automatic),60.0,2193.2,No
8751-EDEKA,m,0,y,No,28.0,Yes,No,Fiberoptic,No,Yes,Yes,No,No,Yes,month to month,No,Credit card (automatic),89.9,2433.5,No
6878-GGDWG,Male,0,YES,No,32.0,Yes,No,Fiberoptic,No internet service,No internet service,No internet service,No internet service,No internet service,No internet service,month to month,No,Bank transfer (automatic),19.4,641.15,No
4039-PIMHX,Female,1,NO,No,49.0,Yes,No,dsl,No,Yes,No,No,No,No,One Year,No,Mailed check,49.8,2398.4,No
8450-LUGUK,FEMALE,0,n,Yes,37.0,Yes,Yes,DSL,No internet service,No internet service,No internet service,No internet service,No internet service,No internet service,1 Year,Yes,Bank transfer (automatic),24.1,,No
3604-WLABM,m,0,n,No,10.0,Yes,No,DSL,No,No,Yes,Yes,No,No,2 year,No,Electronic check,54.25,583,No
0795-GMVQO,FEMALE,0,Yes,No,67.0,Yes,Yes,fiber,Yes,Yes,Yes,No,Yes,Yes,1 Year,No,Credit card (automatic),,7332.4,No
2259-OUUSZ,Male,0,no,No,7.0,No,No phone service,fiber,No,No,Yes,Yes,No,No,2 Year,Yes,Credit card (automatic),35.5,249.55,No
1142-IHLOO,FEMALE,0,Yes,No,51.0,Yes,No,Fiber Optic,No,No,No,No,Yes,Yes,1 Year,No,Credit card (automatic),87.55,4475.9,No
6410-LEFEN,FEMALE,0,y,No,9.0,Yes,No,dsl,No,No,No,No,No,No,One Year,No,Electronic check,45.15,416.45,Yes
4633-MKHYU,m,0,y,No,9.0,Yes,No,Dsl,No,No,No,No,Yes,Yes,month to month,Yes,Mailed check,88.4,788.6,No
6257-RJOHI,FEMALE,0,no,No,4.0,Yes,No,Fiberoptic,No,No,No,Yes,No,No,One Year,,Mailed check,50.8,202.3,No
1545-JFUML,Male,0,y,No,71.0,Yes,Yes,fiber optic,Yes,Yes,Yes,No,Yes,No,1 year,Yes,Electronic check,99.0,6994.6,No
3194-ORPIK,fe male,0,y,Yes,50.0,Yes,Yes,DSL,No,No,No,No,Yes,No,Month-to-Month,Yes,Bank transfer (automatic),84.4,4116.15,Yes
7826-VVKWT,f,1,no,Yes,24.0,Yes,No,Dsl,No,No,Yes,No,Yes,Yes,month to month,Yes,Electronic check,96.55,2263.45,No
1353-GHZOS,f,0,YES,No,22.0,Yes,No,Dsl,Yes,No,No,No,Yes,No,One Year,Yes,Bank transfer (automatic),59.75,1374.35,No
2587-EKXTS,f,0,n,No,44.0,Yes,Yes,dsl,Yes,Yes,Yes,No,Yes,Yes,1 year,Yes,Electronic check,111.5,4915.15,No
5442-BXVND,Male,0,NO,Yes,33.0,Yes,Yes,dsl,No internet service,No internet service,No internet service,No internet service,No internet service,No internet service,2 Year,No,Bank transfer (automatic),24.25,838.5,No
8816-VXNZD,f,0,No,No,1.0,Yes,Yes,Dsl,No,No,No,No,No,No,Two Year,Yes,Electronic check,75.1,75.1,Yes
9378-FXTIZ,FEMALE,0,n,No,54.0,Yes,Yes,DSL,No,No,No,No,Yes,Yes,1 Year,Yes,Credit card (automatic),70.15,3715.65,Yes
1723-HKXJQ,fe male,0,y,No,42.0,Yes,Yes,Fiber Optic,No,Yes,No,No,Yes,Yes,1 Year,Yes,Electronic check,101.75,4273.45,Yes
7825-GKXMW,Female,0,No,No,1.0,Yes,No,dsl,No,No,No,No,No,No,One Year,No,Electronic check,45.8,45.8,Yes
9753-OYLBX,FEMALE,0,No,No,1.0,Yes,No,fiber optic,No internet service,No internet service,No internet service,No internet service,No internet service,No internet service,2 year,No,Mailed check,20.5,20.5,No
2364-UFROM,Female,0,Yes,No,30.0,Yes,No,dsl,Yes,Yes,No,Yes,Yes,No,One Year,No,Electronic check,70.4,2044.75,No
6656-JWRQX,f,0,No,No,1.0,No,No phone service,fiber optic,No,No,No,Yes,No,No,2 year,No,Mailed check,30.55,30.55,No
6473-ULUHT,FEMALE,0,no,Yes,,Yes,Yes,Fiberoptic,Yes,Yes,No,Yes,Yes,Yes,Two Year,No,Electronic check,84.9,1398.25,No
1240-KNSEZ,FEMALE,0,y,No,1.0,Yes,No,dsl,No internet service,No internet service,No internet service,No internet service,No internet service,No internet service,1 year,Yes,Mailed check,20.1,20.1,Yes
0836-SEYLU,f,0,YES,No,9.0,No,No phone service,Dsl,No,No,No,Yes,Yes,No,2 year,No,Mailed check,40.65,328.95,Yes
4433-JCGCG,m,1,y,No,46.0,Yes,Yes,fiber optic,No,No,Yes,No,Yes,Yes,Two Year,Yes,Electronic check,101.0,4680.05,Yes
3716-BDVDB,Male,0,no,No,1.0,Yes,No,Fiberoptic,No,No,No,No,No,No,month to month,Yes,Electronic check,69.1,69.1,Yes
7688-AWMDX,f,0,YES,No,71.0,Yes,No,Dsl,Yes,No,No,Yes,No,No,1 year,No,Bank transfer (automatic),54.5,3778.2,No
2842-BCQGE,Female,0,YES,No,43.0,Yes,Yes,Fiber Optic,No,No,No,No,No,No,Month-to-Month,Yes,Credit card (automatic),75.35,3161.4,No
7244-QWYHG,Female,0,Yes,No,50.0,No,No phone service,Fiber Optic,Yes,No,No,Yes,Yes,No,2 year,Yes,Bank transfer (automatic),44.45,2188.45,No
5899-MQZZL,f,0,No,No,13.0,Yes,Yes,DSL,No,No,No,No,No,No,Two Year,Yes,Mailed check,75.0,999.45,Yes
6849-OYAMU,fe male,0,y,Yes,19.0,Yes,No,Dsl,No,Yes,No,Yes,Yes,Yes,Month-to-Month,No,Bank transfer (automatic),100.0,1888.65,Yes
5312-UXESG,Male,0,no,No,41.0,Yes,Yes,Dsl,No,No,Yes,No,Yes,Yes,2 Year,No,Bank transfer (automatic),98.05,3990.6,No
9488-HGMJH,f,1,Yes,,1.0,Yes,No,dsl,No,No,No,No,No,No,2 year,Yes,Electronic check,71.15,71.15,Yes
6038-GCYEC,Female,0,NO,No,24.0,No,No phone service,fiber,No,Yes,Yes,No,Yes,Yes,2 year,,Credit card (automatic),54.15,1240.25,Yes
2150-WLKUW,m,0,no,No,,Yes,Yes,dsl,No,Yes,No,No,Yes,No,Month-to-Month,,Bank transfer (automatic),63.9,2635,No
7159-FVYPK,FEMALE,0,no,Yes,3.0,Yes,Yes,Dsl,No,Yes,Yes,No,Yes,No,2 year,Yes,Bank transfer (automatic),69.15,235,No
7032-LMBHI,Male,0,no,No,37.0,Yes,Yes,Fiberoptic,Yes,No,No,No,Yes,No,Month-to-Month,No,Bank transfer (automatic),64.65,2347.85,No
1150-WFARN,Female,0,n,Yes,,Yes,Yes,DSL,Yes,No,Yes,Yes,Yes,Yes,One Year,Yes,Credit card (automatic),108.75,7156.2,Yes
6088-BXMRG,Male,0,no,Yes,32.0,Yes,Yes,Fiberoptic,No,Yes,No,No,Yes,Yes,2 year,Yes,Electronic check,98.85,3089.6,No
3144-AUDBS,Female,0,Yes,No,6.0,Yes,No,fiber optic,No,No,No,Yes,No,No,2 Year,Yes,Electronic check,,270.8,Yes
4821-SJHJV,m,0,Yes,Yes,32.0,Yes,Yes,dsl,Yes,No,No,No,Yes,No,Month-to-Month,No,Electronic check,89.6,2901.8,No
7346-MEDWM,m,0,No,No,59.0,Yes,Yes,fiber optic,No,Yes,Yes,No,No,No,1 year,Yes,Electronic check,83.25,4949.1,No
1137-DGOWI,Male,0,Yes,No,30.0,Yes,No,dsl,No,Yes,Yes,Yes,No,Yes,One Year,No,Bank transfer (automatic),70.25,2198.9,No
5616-PRTNT,f,0,Yes,Yes,20.0,Yes,No,Dsl,No internet service,No internet service,No internet service,No internet service,No internet service,No internet service,2 year,Yes,Electronic check,19.4,374.5,Yes
3812-LRZIR,fe male,0,n,Yes,27.0,Yes,Yes,dsl,No internet service,No internet service,No internet service,No internet service,No internet service,No internet service,Two Year,No,Electronic check,24.5,,No
4818-QIUFN,m,1,Yes,No,20.0,Yes,Yes,Fiberoptic,Yes,No,No,No,No,No,1 year,Yes,Electronic check,79.15,1520.9,Yes
9483-GCPWE,FEMALE,0,Yes,Yes,9.0,Yes,No,Fiber Optic,No internet service,No internet service,No internet service,No internet service,No internet service,No internet service,2 year,No,Mailed check,20.1,190.25,No
4227-OJHAL,Female,0,y,Yes,68.0,Yes,Yes,Fiberoptic,Yes,Yes,Yes,No,Yes,No,month to month,Yes,Credit card (automatic),73.0,5163,No
9220-CXRSC,f,0,Yes,Yes,69.0,Yes,Yes,Dsl,Yes,No,No,Yes,No,No,Two Year,No,Credit card (automatic),61.4,,No
4993-JCRGJ,FEMALE,0,NO,No,26.0,Yes,Yes,Fiber Optic,No,No,Yes,Yes,No,No,1 year,,Mailed check,84.3,2281.6,No
9537-JALFH,FEMALE,0,NO,Yes,69.0,Yes,No,Fiber Optic,No internet service,No internet service,No internet service,No internet service,No internet service,No internet service,month to month,No,Bank transfer (automatic),19.9,1356.7,No
6698-OXETB,m,0,n,No,11.0,Yes,No,Fiberoptic,No internet service,No internet service,No internet service,No internet service,No internet service,No internet service,One Year,No,Mailed check,20.4,231.45,No
2103-ZRXFN,Male,0,n,No,1.0,Yes,Yes,dsl,No,No,No,No,No,No,1 Year,No,Mailed check,50.75,50.75,No
3724-BSCVH,fe male,0,y,Yes,10.0,Yes,No,Fiberoptic,No internet service,No internet service,No internet service,No internet service,No internet service,No internet service,Month-to-Month,No,Mailed check,20.45,242.4,No
4877-TSOFF,m,0,n,Yes,55.0,Yes,Yes,Fiber Optic,Yes,Yes,No,Yes,No,Yes,One Year,Yes,Bank transfer (automatic),75.75,4264.25,No
9209-NWPGU,m,0,Yes,No,44.0,Yes,No,Dsl,Yes,No,No,Yes,Yes,No,Month-to-Month,No,Electronic check,65.4,2774.55,No
6961-VCPMC,FEMALE,1,Yes,No,46.0,Yes,No,Fiber Optic,No,No,No,No,No,Yes,month to month,Yes,Electronic check,80.4,3605.2,Yes
7306-YDSOI,Male,0,No,Yes,69.0,Yes,No,Fiberoptic,Yes,Yes,Yes,No,No,No,Two Year,Yes,Bank transfer (automatic),59.75,4069.9,No
5288-AHOUP,fe male,1,y,No,11.0,Yes,No,dsl,No,No,No,No,No,Yes,Two Year,Yes,Electronic check,78.5,874.2,No
6688-UZPWD,Male,0,YES,No,11.0,Yes,Yes,dsl,No,Yes,No,No,Yes,Yes,month to month,Yes,Electronic check,102.0,1145.35,Yes
0655-YDGFJ,fe male,0,y,No,,Yes,No,DSL,No,No,Yes,No,No,No,month to month,No,Bank transfer (automatic),48.95,1323.7,No
8468-EHYJA,m,0,Yes,No,57.0,Yes,Yes,Fiber Optic,Yes,No,No,No,Yes,Yes,1 year,Yes,Electronic check,99.65,5497.05,No
6823-SIDFQ,fe male,0,Yes,,28.0,Yes,No,fiber optic,No internet service,No internet service,No internet service,No internet service,No internet service,No internet service,One Year,No,Credit card (automatic),,534.7,No
1097-FSPVW,f,0,Yes,No,42.0,Yes,No,Dsl,Yes,No,Yes,No,No,No,One Year,No,Credit card (automatic),54.55,2455.05,No
2839-RFSQE,Male,0,Yes,No,2.0,Yes,No,Fiberoptic,No internet service,No internet service,No internet service,No internet service,No internet service,No internet service,Month-to-Month,No,Mailed check,,38.7,Yes
8328-SKJNO,Male,0,y,Yes,23.0,No,No phone service,Dsl,Yes,Yes,No,Yes,No,No,2 Year,No,Bank transfer (automatic),,947.4,No
7010-ZMVBF,f,0,No,Yes,,Yes,No,Fiberoptic,No internet service,No internet service,No internet service,No internet service,No internet service,No internet service,2 year,No,Mailed check,20.45,357,No
5201-CBWYG,Male,0,y,Yes,62.0,Yes,Yes,Fiber Optic,No internet service,No internet service,No internet service,No internet service,No internet service,No internet service,2 year,No,Bank transfer (automatic),24.8,1476.25,No
0968-GSIKN,f,0,Yes,No,1.0,Yes,No,Fiberoptic,No,No,No,No,No,No,1 year,Yes,Mailed check,70.8,70.8,Yes
1965-DDBWU,f,0,No,No,16.0,Yes,Yes,Fiber Optic,No,No,No,Yes,No,Yes,One Year,,Credit card (automatic),89.05,1448.6,Yes
9057-SIHCH,f,0,YES,No,3.0,Yes,Yes,fiber optic,No,No,No,No,Yes,Yes,Month-to-Month,Yes,Electronic check,96.6,291.9,Yes
6352-GIGGQ,m,0,No,No,67.0,Yes,Yes,fiber optic,Yes,Yes,Yes,Yes,Yes,Yes,2 year,Yes,Bank transfer (automatic),88.8,5903.15,No
3635-QQRQD,m,0,NO,No,62.0,Yes,No,dsl,No internet service,No internet service,No internet service,No internet service,No internet service,No internet service,Two Year,Yes,Credit card (automatic),20.05,1201.65,No
6771-XWBDM,m,0,n,No,57.0,Yes,Yes,dsl,No,Yes,Yes,No,Yes,Yes,One Year,Yes,Credit card (automatic),104.5,5921.35,Yes
2897-DOVND,Male,0,YES,No,2.0,Yes,No,Fiberoptic,No,No,No,No,No,No,month to month,Yes,Electronic check,69.8,146.65,No
3082-YVEKW,f,0,YES,Yes,23.0,Yes,Yes,fiber,Yes,No,Yes,Yes,Yes,No,Two Year,Yes,Bank transfer (automatic),77.15,1759.4,No
0191-EQUUH,FEMALE,0,y,Yes,25.0,No,No phone service,fiber,Yes,No,No,Yes,No,No,1 Year,No,Bank transfer (automatic),,844.45,No
7134-HBPBS,fe male,1,no,No,72.0,Yes,Yes,fiber,No,Yes,Yes,Yes,Yes,Yes,One Year,Yes,Bank transfer (automatic),108.1,,No
3489-HHPFY,fe male,0,Yes,No,2.0,Yes,Yes,Dsl,No,No,No,No,Yes,No,Two Year,Yes,Electronic check,84.05,134.05,No
2926-JEJJC,Male,0,n,No,8.0,Yes,No,Dsl,No internet service,No internet service,No internet service,No internet service,No internet service,No internet service,Two Year,Yes,Bank transfer (automatic),,140.95,No
8601-QACRS,Male,0,y,No,5.0,Yes,Yes,Fiberoptic,No,No,No,No,No,No,2 year,Yes,Mailed check,,249.95,Yes
4950-BDEUX,Male,0,Yes,No,35.0,No,No phone service,fiber optic,No,No,Yes,No,Yes,Yes,1 year,No,Electronic check,49.2,1701.65,No
5789-LDFXO,Female,0,NO,No,24.0,Yes,Yes,fiber optic,No internet service,No internet service,No internet service,No internet service,No internet service,No internet service,Two Year,,Electronic check,24.6,592.65,No
0508-OOLTO,Male,0,n,Yes,2.0,Yes,No,fiber,No,No,No,No,No,No,One Year,Yes,Electronic check,71.65,135.75,No
2984-TBYKU,fe male,0,no,Yes,72.0,Yes,Yes,Dsl,Yes,Yes,Yes,Yes,No,Yes,Month-to-Month,Yes,Credit card (automatic),104.9,7732.65,No
9822-WMWVG,fe male,0,NO,No,41.0,Yes,Yes,Fiber Optic,Yes,Yes,Yes,Yes,Yes,No,Two Year,Yes,Electronic check,106.5,4282.4,No
2391-SOORI,Male,0,n,Yes,4.0,Yes,No,dsl,Yes,No,No,No,No,No,One Year,No,Electronic check,49.35,219.65,Yes
9040-KZVWO,Male,0,YES,No,26.0,Yes,No,dsl,No,Yes,No,No,No,No,Month-to-Month,No,Bank transfer (automatic),,2018.1,No
2645-QTLMB,Female,0,Yes,No,7.0,Yes,No,Dsl,No,Yes,No,No,Yes,Yes,2 year,Yes,Electronic check,94.25,669,Yes
4806-HIPDW,Male,0,Yes,No,1.0,Yes,No,fiber,No,No,No,No,No,No,One Year,,Electronic check,68.95,68.95,Yes
1548-ARAGG,f,0,NO,Yes,4.0,Yes,Yes,dsl,No,Yes,No,Yes,No,No,1 year,Yes,Mailed check,58.5,224.85,No
6339-RZCBJ,Male,0,No,No,,Yes,No,Fiberoptic,No,Yes,Yes,Yes,Yes,Yes,Two Year,No,Credit card (automatic),78.9,3771.5,No
4424-TKOPW,Male,1,y,No,,Yes,Yes,fiber optic,No,No,No,No,Yes,Yes,1 year,Yes,Electronic check,93.85,196.75,Yes
4415-WNGVR,fe male,1,YES,No,12.0,Yes,No,fiber optic,Yes,No,Yes,Yes,Yes,Yes,2 year,Yes,Electronic check,79.2,943.85,No
2522-AHJXR,f,0,n,No,60.0,Yes,Yes,fiber optic,Yes,No,Yes,Yes,Yes,Yes,2 year,Yes,Bank transfer (automatic),109.45,,No
0412-UCCNP,Male,0,YES,No,55.0,Yes,No,dsl,Yes,No,Yes,Yes,No,No,1 year,Yes,Electronic check,59.2,3175.85,No
1816-FLZDK,m,0,Yes,No,1.0,No,No phone service,fiber,No,No,No,Yes,No,No,1 Year,No,Mailed check,29.15,29.15,No
7096-UCLNH,m,0,y,No,1.0,Yes,No,Dsl,No internet service,No internet service,No internet service,No internet service,No internet service,No internet service,1 Year,No,Mailed check,20.05,20.05,No
8443-ZRDBZ,fe male,0,Yes,No,4.0,Yes,Yes,DSL,No,No,No,No,No,No,1 Year,Yes,Electronic check,76.05,318.9,Yes
9136-ALYBR,Male,0,No,No,1.0,No,No phone service,Dsl,No,No,No,No,No,No,1 year,Yes,Mailed check,24.45,24.45,Yes
4615-PIVVU,fe male,0,n,No,42.0,Yes,No,Fiberoptic,No,No,Yes,Yes,No,Yes,Two Year,No,Credit card (automatic),66.5,2762.75,No
8885-QSQBX,fe male,0,y,No,1.0,Yes,No,DSL,Yes,No,No,No,No,No,One Year,No,Bank transfer (automatic),49.55,49.55,No
7479-NITWS,Male,0,YES,No,7.0,Yes,Yes,Dsl,No,No,Yes,No,Yes,No,month to month,Yes,Credit card (automatic),89.35,631.85,Yes
8617-ENBDS,Male,0,No,,,Yes,No,fiber,No,No,Yes,No,No,No,1 year,Yes,Credit card (automatic),73.6,232.5,No
9385-NXKDA,Male,0,NO,,72.0,Yes,Yes,DSL,Yes,Yes,Yes,No,Yes,Yes,2 Year,Yes,Credit card (automatic),82.65,5919.35,No
0430-IHCDJ,fe male,0,n,No,15.0,Yes,Yes,dsl,No,No,No,No,No,No,One Year,Yes,Electronic check,49.0,749.25,No
2959-MJHIC,Male,0,Yes,No,4.0,Yes,No,DSL,No,No,No,No,Yes,No,Month-to-Month,Yes,Electronic check,80.35,307.4,Yes
6674-KVJHG,f,0,YES,No,11.0,Yes,Yes,DSL,No internet service,No internet service,No internet service,No internet service,No internet service,No internet service,1 year,No,Electronic check,25.2,245.15,No
1814-DKOLC,f,0,NO,No,5.0,Yes,Yes,Fiberoptic,No internet service,No internet service,No internet service,No internet service,No internet service,No internet service,1 year,No,Mailed check,25.45,134.75,No
4201-JMNGR,FEMALE,1,NO,No,1.0,Yes,No,fiber optic,Yes,No,Yes,No,No,No,1 Year,Yes,Electronic check,55.8,55.8,Yes
9351-HXDMR,m,0,Yes,No,,Yes,Yes,dsl,Yes,No,Yes,Yes,Yes,Yes,Month-to-Month,Yes,Credit card (automatic),110.9,8240.85,No
3537-HPKQT,FEMALE,0,y,,55.0,Yes,Yes,DSL,No,Yes,No,No,No,No,Two Year,Yes,Credit card (automatic),77.75,4266.4,No
2129-ALKBS,Male,0,NO,Yes,,Yes,Yes,Dsl,No internet service,No internet service,No internet service,No internet service,No internet service,No internet service,month to month,Yes,Electronic check,26.2,1077.5,No
5821-MMEIL,Female,0,NO,No,57.0,Yes,No,DSL,No internet service,No internet service,No internet service,No internet service,No internet service,No internet service,2 year,,Bank transfer (automatic),19.9,1115.6,No
5960-WPXQM,Male,0,YES,No,1.0,Yes,No,DSL,No,No,No,No,Yes,No,Month-to-Month,Yes,Electronic check,79.05,79.05,Yes
0684-AOSIH,Female,0,No,No,1.0,Yes,No,Fiber Optic,Yes,No,No,No,Yes,Yes,Two Year,,Electronic check,95.0,95,Yes
8260-NGFNY,f,0,Yes,No,1.0,No,No phone service,Fiber Optic,No,No,No,No,No,No,1 year,No,Mailed check,25.2,,Yes
1309-XGFSN,FEMALE,1,Yes,Yes,52.0,Yes,Yes,DSL,No,Yes,Yes,No,Yes,Yes,2 year,Yes,Electronic check,80.85,4079.55,No
1866-RZZQS,m,1,Yes,,41.0,Yes,Yes,fiber,No,No,Yes,No,Yes,Yes,Two Year,,Electronic check,98.4,4187.75,Yes
6968-URWQU,m,0,NO,No,43.0,Yes,No,fiber,No,No,No,No,Yes,No,Two Year,Yes,Mailed check,56.35,2391.15,No
4742-TXUEX,Female,0,Yes,Yes,47.0,Yes,No,fiber,No internet service,No internet service,No internet service,No internet service,No internet service,No internet service,2 year,No,Bank transfer (automatic),19.3,890.5,No
9631-XEYKE,fe male,0,Yes,No,3.0,Yes,Yes,DSL,No,No,No,No,No,No,1 Year,No,Bank transfer (automatic),,137.25,No
8631-NBHFZ,f,1,Yes,Yes,66.0,Yes,Yes,Fiber Optic,Yes,Yes,Yes,Yes,Yes,No,1 Year,No,Credit card (automatic),79.4,5154.6,Yes
1335-MXCSE,m,0,YES,Yes,55.0,Yes,No,Fiber Optic,No,No,Yes,Yes,No,No,2 year,Yes,Credit card (automatic),55.25,3119.9,No
8873-TMKGR,FEMALE,0,no,No,29.0,Yes,No,DSL,No internet service,No internet service,No internet service,No internet service,No internet service,No internet service,One Year,No,Mailed check,19.1,529.5,No
8800-JOOCF,Male,0,n,Yes,12.0,Yes,Yes,fiber,No,No,No,No,Yes,No,month to month,Yes,Electronic check,84.05,966.55,No
1469-LBJQJ,fe male,0,NO,,66.0,Yes,Yes,Fiberoptic,No,Yes,Yes,No,Yes,Yes,1 year,Yes,Electronic check,105.2,6936.85,No
4958-XCBDQ,fe male,1,Yes,No,35.0,Yes,Yes,fiber,No,No,Yes,No,Yes,Yes,month to month,Yes,Electronic check,101.4,3496.3,Yes
8337-UPOAQ,f,1,YES,No,10.0,Yes,Yes,Dsl,No,No,Yes,No,No,Yes,Month-to-Month,Yes,Electronic check,89.8,914.3,Yes
0064-YIJGF,FEMALE,0,n,,27.0,Yes,Yes,Fiberoptic,No,No,No,No,No,No,2 Year,Yes,Bank transfer (automatic),75.75,1929,No
2386-OWURY,Female,0,y,No,58.0,Yes,No,fiber,No,No,No,Yes,Yes,Yes,2 year,Yes,Electronic check,95.3,5817.7,No
1725-IQNIY,Male,0,no,No,54.0,Yes,No,Fiberoptic,Yes,Yes,Yes,Yes,Yes,Yes,Month-to-Month,No,Bank transfer (automatic),109.75,6110.2,Yes
0310-VQXAM,Male,0,no,No,9.0,Yes,No,Fiberoptic,No internet service,No internet service,No internet service,No internet service,No internet service,No internet service,month to month,No,Mailed check,,178.8,No
6598-RFFVI,Male,0,No,No,2.0,Yes,No,Fiberoptic,No internet service,No internet service,No internet service,No internet service,No internet service,No internet service,Two Year,No,Credit card (automatic),19.3,28.3,Yes
3453-RTHJQ,f,0,no,,,Yes,No,Dsl,No,No,No,No,No,No,2 year,Yes,Electronic check,69.1,435,No
6712-OAWRH,Male,1,Yes,No,26.0,Yes,No,DSL,No,No,No,No,Yes,Yes,One Year,Yes,Electronic check,91.25,2351.8,Yes
6278-FEPBZ,Male,0,no,No,9.0,Yes,No,Dsl,No internet service,No internet service,No internet service,No internet service,No internet service,No internet service,month to month,No,Mailed check,20.25,186.15,No
4280-DLSHD,fe male,0,n,No,8.0,Yes,No,fiber optic,No,Yes,Yes,No,No,No,month to month,Yes,Mailed check,54.75,445.85,No
1508-DFXCU,m,0,Yes,No,12.0,Yes,No,DSL,No,No,No,No,Yes,No,2 year,Yes,Electronic check,81.45,912,No
8614-VGMMV,Male,0,Yes,No,15.0,Yes,Yes,fiber,No,No,No,No,No,No,2 Year,Yes,Electronic check,49.1,679.55,Yes
7868-BGSZA,Male,0,n,No,43.0,Yes,Yes,dsl,Yes,No,Yes,No,Yes,Yes,1 year,Yes,Electronic check,80.2,,No
2800-QQUSO,fe male,0,YES,No,42.0,Yes,Yes,Fiber Optic,No,No,No,Yes,Yes,Yes,2 year,Yes,Electronic check,100.3,4222.95,No
2930-UOTMB,m,0,Yes,No,31.0,Yes,Yes,Dsl,Yes,No,Yes,Yes,No,No,2 Year,No,Credit card (automatic),,1994.3,Yes
7973-DZRKH,m,0,n,Yes,66.0,Yes,Yes,fiber optic,Yes,No,Yes,Yes,No,No,1 Year,,Credit card (automatic),90.95,5930.05,No
5914-DVBWJ,Female,1,YES,No,18.0,Yes,Yes,fiber optic,No,Yes,No,Yes,No,No,month to month,Yes,Electronic check,85.45,1505.85,Yes
7698-YFGEZ,Male,0,NO,No,1.0,Yes,No,Fiberoptic,No internet service,No internet service,No internet service,No internet service,No internet service,No internet service,Month-to-Month,No,Mailed check,20.0,20,No
2533-QVMSK,FEMALE,0,Yes,No,61.0,Yes,Yes,Fiberoptic,No,Yes,No,Yes,Yes,No,1 year,Yes,Electronic check,94.1,5638.3,Yes
9773-PEQBZ,Male,0,n,No,10.0,Yes,Yes,fiber optic,No,Yes,No,No,No,No,2 year,No,Electronic check,79.85,797.25,No
8644-XLFBW,FEMALE,1,no,No,1.0,Yes,No,Fiber Optic,No,No,No,No,No,No,One Year,Yes,Electronic check,71.65,71.65,Yes
0650-BWOZN,Male,1,no,No,18.0,Yes,No,fiber,No,Yes,No,No,No,No,Month-to-Month,Yes,Electronic check,73.55,1359.45,No
8625-AZYZY,Male,0,n,No,24.0,Yes,Yes,fiber,No,Yes,Yes,No,Yes,Yes,2 year,Yes,Electronic check,104.65,2542.45,Yes
7785-RDVIG,Male,0,y,Yes,3.0,Yes,No,fiber optic,No internet service,No internet service,No internet service,No internet service,No internet service,No internet service,Month-to-Month,No,Mailed check,19.3,54.7,No
9602-WCXPI,Female,0,YES,No,,Yes,No,Dsl,No internet service,No internet service,No internet service,No internet service,No internet service,No internet service,1 Year,,Credit card (automatic),20.15,989.05,No
2903-YYTBW,Male,0,YES,Yes,1.0,Yes,No,DSL,No,No,No,No,No,No,One Year,No,Electronic check,44.55,44.55,No
3620-MWJNE,m,0,no,No,2.0,Yes,No,Fiber Optic,Yes,No,No,Yes,No,No,2 Year,Yes,Mailed check,54.45,87.3,No
8573-JGCZW,Male,0,no,No,17.0,Yes,No,Fiberoptic,No internet service,No internet service,No internet service,No internet service,No internet service,No internet service,Two Year,Yes,Bank transfer (automatic),19.65,351.55,No
6837-HAEVO,FEMALE,0,YES,Yes,69.0,Yes,Yes,dsl,No,Yes,Yes,No,Yes,Yes,2 Year,Yes,Electronic check,105.0,7297.75,No
6701-YVNQG,m,0,Yes,No,72.0,Yes,Yes,Fiberoptic,Yes,Yes,Yes,Yes,Yes,Yes,1 year,Yes,Credit card (automatic),88.7,6301.7,No
9306-CPCBC,m,0,Yes,No,3.0,Yes,Yes,Fiberoptic,No,No,No,No,No,No,2 Year,Yes,Electronic check,74.25,210.3,Yes
4304-XUMGI,m,1,Yes,Yes,50.0,Yes,Yes,fiber optic,Yes,Yes,Yes,No,No,Yes,Two Year,Yes,Bank transfer (automatic),75.15,3822.45,No
9504-YAZWB,Female,0,y,No,53.0,Yes,No,DSL,No internet service,No internet service,No internet service,No internet service,No internet service,No internet service,2 Year,,Mailed check,20.25,1048.45,No
8819-ZBYNA,f,0,Yes,No,58.0,Yes,Yes,DSL,Yes,Yes,No,Yes,Yes,Yes,Month-to-Month,Yes,Credit card (automatic),109.1,6393.65,No
6174-NRBTZ,Female,0,NO,No,46.0,No,No phone service,fiber optic,Yes,No,No,No,No,No,One Year,Yes,Bank transfer (automatic),30.75,1489.3,No
9481-IEBZY,f,1,No,No,72.0,Yes,Yes,Dsl,Yes,Yes,Yes,Yes,Yes,Yes,2 year,Yes,Credit card (automatic),112.9,8061.5,No
1833-VGRUM,m,1,no,No,1.0,Yes,Yes,Fiberoptic,No,No,No,No,No,No,month to month,Yes,Electronic check,74.2,74.2,Yes
6137-NICCO,Male,0,n,Yes,,Yes,Yes,dsl,No,Yes,Yes,No,Yes,No,1 Year,Yes,Mailed check,94.05,518.75,No
9065-ZCPQX,fe male,0,n,No,72.0,Yes,Yes,Fiber Optic,Yes,Yes,Yes,Yes,No,Yes,1 year,No,Bank transfer (automatic),78.85,5763.15,No
6402-EJMWF,FEMALE,0,Yes,No,4.0,Yes,No,Fiberoptic,No,No,No,No,No,Yes,One Year,Yes,Mailed check,55.3,238.5,No
3620-EHIMZ,FEMALE,0,Yes,Yes,52.0,Yes,No,fiber optic,No internet service,No internet service,No internet service,No internet service,No internet service,No internet service,2 Year,No,Mailed check,,1031.7,No
3213-VVOLG,f,0,Yes,Yes,0.0,Yes,Yes,dsl,No internet service,No internet service,No internet service,No internet service,No internet service,No internet service,1 Year,No,Mailed check,25.35, ,No
6870-ECSHE,fe male,0,NO,No,2.0,Yes,No,Dsl,No internet service,No internet service,No internet service,No internet service,No internet service,No internet service,2 year,No,Mailed check,20.45,34.8,No
8747-UDCOI,f,0,No,No,65.0,Yes,No,fiber optic,No internet service,No internet service,No internet service,No internet service,No internet service,No internet service,1 Year,,Bank transfer (automatic),19.35,1319.95,No
8374-XGEJJ,Male,1,No,No,43.0,Yes,Yes,dsl,No,Yes,No,No,Yes,Yes,month to month,Yes,Electronic check,101.0,4388.4,Yes
2656-TABEH,m,0,NO,No,4.0,Yes,Yes,Fiber Optic,No,Yes,No,No,Yes,Yes,2 Year,Yes,Electronic check,100.2,420.2,Yes
6946-LMSQS,Female,1,Yes,No,25.0,Yes,Yes,fiber optic,Yes,No,No,No,No,Yes,Month-to-Month,Yes,Electronic check,89.05,,Yes
4626-OZDTJ,FEMALE,0,Yes,No,51.0,Yes,Yes,dsl,No,Yes,No,Yes,Yes,Yes,2 year,Yes,Credit card (automatic),78.65,3950.85,No
9169-BSVIN,f,0,Yes,No,12.0,Yes,Yes,fiber optic,No,No,Yes,No,Yes,Yes,2 Year,No,Bank transfer (automatic),74.75,827.05,No
2325-ZUSFD,m,0,n,Yes,57.0,Yes,No,Fiberoptic,Yes,No,No,No,Yes,Yes,2 year,Yes,Bank transfer (automatic),70.1,,Yes
8194-PEEBY,m,0,YES,Yes,24.0,Yes,No,dsl,No internet service,No internet service,No internet service,No internet service,No internet service,No internet service,Month-to-Month,No,Mailed check,19.9,533.5,No
6872-HXFNF,fe male,0,y,No,64.0,Yes,Yes,Fiberoptic,No,No,Yes,Yes,No,No,2 Year,No,Bank transfer (automatic),58.35,3756.45,No
3932-CMDTD,Male,0,no,No,4.0,Yes,No,Fiber Optic,No,Yes,Yes,Yes,Yes,Yes,Month-to-Month,Yes,Electronic check,105.65,443.9,Yes
7714-YXSMB,Male,0,NO,No,26.0,Yes,Yes,dsl,No,No,Yes,No,Yes,Yes,Two Year,Yes,Bank transfer (automatic),100.5,2599.95,No
8387-UGUSU,Female,0,no,Yes,15.0,Yes,No,fiber,No internet service,No internet service,No internet service,No internet service,No internet service,No internet service,month to month,No,Mailed check,20.05,284.3,No
1080-BWSYE,Male,1,y,No,64.0,Yes,Yes,DSL,No internet service,No internet service,No internet service,No internet service,No internet service,No internet service,month to month,No,Credit card (automatic),25.65,1740.8,No
4039-HEUNW,fe male,1,Yes,No,36.0,Yes,Yes,DSL,No,Yes,No,No,Yes,Yes,1 year,,Electronic check,96.5,3436.1,Yes
1194-HVAIF,fe male,0,Yes,No,27.0,Yes,Yes,dsl,No,No,No,No,Yes,Yes,1 Year,No,Credit card (automatic),,2462.55,No
0812-WUPTB,Female,1,n,,1.0,Yes,No,Fiber Optic,No,No,No,No,No,No,2 Year,No,Mailed check,70.85,70.85,Yes
3594-UVONA,f,0,Yes,No,35.0,Yes,Yes,Fiberoptic,Yes,No,Yes,Yes,Yes,Yes,2 Year,Yes,Credit card (automatic),85.95,3110.1,Yes
0004-TLHLJ,FEMALE,0,YES,No,4.0,Yes,No,Dsl,No,No,Yes,No,No,No,Two Year,Yes,Electronic check,73.9,280.85,Yes
1767-TGTKO,Female,0,NO,Yes,8.0,Yes,No,fiber,No,No,No,No,No,No,2 Year,Yes,Electronic check,45.45,411.75,No
8439-LTUGF,m,0,NO,No,10.0,Yes,No,Fiberoptic,No internet service,No internet service,No internet service,No internet service,No internet service,No internet service,2 Year,Yes,Credit card (automatic),20.0,198.6,No
8805-JNRAZ,fe male,0,n,,2.0,Yes,No,Fiber Optic,No,Yes,No,No,No,No,2 Year,No,Mailed check,49.2,103.7,No
5089-IFSDP,fe male,0,NO,No,58.0,Yes,Yes,Fiberoptic,Yes,Yes,Yes,No,Yes,Yes,2 year,Yes,Bank transfer (automatic),109.45,6144.55,Yes
6418-HNFED,m,0,y,No,51.0,Yes,No,fiber,Yes,Yes,Yes,Yes,Yes,Yes,month to month,Yes,Credit card (automatic),83.25,4089.45,No
0206-OYVOC,Male,0,y,Yes,46.0,Yes,No,Fiber Optic,No internet service,No internet service,No internet service,No internet service,No internet service,No internet service,2 year,Yes,Mailed check,19.25,864.2,No
7291-CDTMJ,Female,0,NO,No,1.0,Yes,No,fiber,No internet service,No internet service,No internet service,No internet service,No internet service,No internet service,Month-to-Month,Yes,Bank transfer (automatic),19.65,19.65,No
7128-GGCNO,Male,0,y,No,46.0,Yes,Yes,Fiber Optic,No,No,No,No,No,No,1 year,No,Bank transfer (automatic),,3249.4,No
0237-YFUTL,Male,0,NO,No,50.0,Yes,Yes,Dsl,Yes,Yes,No,Yes,Yes,Yes,1 Year,Yes,Bank transfer (automatic),,5405.8,No
7691-KGKGP,fe male,0,NO,Yes,53.0,Yes,No,fiber optic,No,Yes,No,Yes,Yes,No,2 year,No,Credit card (automatic),65.0,3363.8,No
6710-HSJRD,Female,0,NO,No,61.0,Yes,Yes,fiber,No,Yes,Yes,Yes,Yes,Yes,1 year,Yes,Electronic check,114.1,7132.15,No
3675-EQOZA,m,0,no,,5.0,Yes,No,dsl,No internet service,No internet service,No internet service,No internet service,No internet service,No internet service,Two Year,No,Bank transfer (automatic),20.65,93.55,No
0840-DCNZE,FEMALE,0,y,No,47.0,Yes,No,DSL,Yes,Yes,Yes,Yes,Yes,Yes,Month-to-Month,Yes,Bank transfer (automatic),86.95,4138.9,No
1732-FEKLD,f,0,y,No,54.0,Yes,Yes,Dsl,No,Yes,Yes,No,Yes,No,1 Year,,Bank transfer (automatic),94.75,5121.75,No
9862-KJTYK,Female,0,no,Yes,19.0,No,No phone service,fiber,No,No,No,No,No,No,2 Year,Yes,Credit card (automatic),25.35,,No
0479-HMSWA,FEMALE,0,No,Yes,26.0,Yes,No,fiber,No,Yes,Yes,Yes,Yes,Yes,2 Year,Yes,Electronic check,105.45,2715.3,No
5854-KSRBJ,Female,0,No,Yes,70.0,Yes,Yes,dsl,No internet service,No internet service,No internet service,No internet service,No internet service,No internet service,2 year,No,Mailed check,25.4,1782.05,No
0365-BZUWY,m,0,no,No,17.0,Yes,Yes,Fiberoptic,No,Yes,Yes,No,Yes,Yes,2 year,Yes,Electronic check,102.55,1742.5,No
4817-VYYWS,Male,0,Yes,No,30.0,Yes,Yes,Fiber Optic,No,Yes,No,No,Yes,Yes,Month-to-Month,Yes,Electronic check,100.2,2983.8,Yes
5701-SVCWR,FEMALE,0,YES,Yes,1.0,Yes,Yes,fiber optic,No internet service,No internet service,No internet service,No internet service,No internet service,No internet service,One Year,No,Mailed check,24.0,24,No
3129-AAQOU,Male,0,Yes,Yes,19.0,Yes,Yes,Fiberoptic,No internet service,No internet service,No internet service,No internet service,No internet service,No internet service,2 Year,,Mailed check,25.6,485.9,No
4922-CVPDX,m,0,NO,No,26.0,Yes,No,Dsl,No,Yes,Yes,No,Yes,Yes,Month-to-Month,Yes,Credit card (automatic),73.5,1905.7,No
1396-QWFBJ,Male,0,No,Yes,21.0,Yes,No,fiber optic,No,Yes,No,No,No,No,Month-to-Month,Yes,Bank transfer (automatic),74.05,1565.7,Yes
1357-BIJKI,Male,0,No,No,50.0,Yes,Yes,Fiberoptic,No,Yes,No,No,Yes,Yes,1 Year,Yes,Electronic check,98.25,,No
1099-BTKWT,Male,0,No,No,68.0,No,No phone service,fiber,Yes,No,Yes,No,Yes,Yes,Two Year,Yes,Electronic check,54.4,3723.65,No
5299-SJCZT,m,0,y,No,3.0,Yes,Yes,dsl,No,No,Yes,No,Yes,Yes,Month-to-Month,Yes,Bank transfer (automatic),101.55,298.35,Yes
2018-PZKMU,FEMALE,0,n,Yes,9.0,Yes,No,fiber,No,No,Yes,Yes,Yes,Yes,month to month,No,Electronic check,103.1,970.45,No
7340-KEFQE,fe male,0,no,Yes,51.0,No,No phone service,DSL,Yes,No,No,Yes,No,No,Two Year,No,Bank transfer (automatic),34.2,1782,No
4570-QHXHL,m,0,Yes,No,9.0,Yes,No,Fiberoptic,No,No,No,No,No,No,2 Year,Yes,Electronic check,43.75,405.7,No
2403-BCASL,Male,1,NO,Yes,41.0,Yes,Yes,Dsl,No,Yes,Yes,Yes,Yes,Yes,1 Year,Yes,Electronic check,111.95,,Yes
7392-YYPYJ,fe male,0,YES,,22.0,Yes,Yes,DSL,No,Yes,No,No,Yes,Yes,1 Year,Yes,Electronic check,100.65,2415.95,No
2898-LSJGD,m,0,n,Yes,21.0,No,No phone service,DSL,Yes,No,Yes,No,Yes,Yes,One Year,Yes,Electronic check,55.95,1157.05,Yes
2223-GDSHL,f,0,No,Yes,,Yes,Yes,DSL,Yes,Yes,Yes,Yes,Yes,Yes,1 year,Yes,Bank transfer (automatic),116.05,8297.5,No
7359-PTSXY,m,0,NO,No,1.0,Yes,No,Dsl,No,No,No,No,No,No,2 Year,No,Electronic check,45.75,45.75,Yes
9470-RTWDV,Female,0,No,Yes,26.0,Yes,Yes,Dsl,No,No,Yes,Yes,Yes,Yes,2 year,,Credit card (automatic),82.0,2083.1,No
2176-OSJUV,fe male,0,YES,No,71.0,Yes,Yes,Dsl,Yes,Yes,No,Yes,No,No,2 year,No,Bank transfer (automatic),65.15,4681.75,No
9348-YVOMK,fe male,0,No,No,4.0,Yes,No,Dsl,No,No,No,No,No,No,2 year,Yes,Credit card (automatic),44.8,176.2,No
8104-OSKWT,f,0,NO,No,12.0,Yes,Yes,fiber,Yes,No,No,No,No,No,2 year,Yes,Electronic check,79.8,1001.2,No
4521-YEEHE,f,0,Yes,No,18.0,Yes,Yes,Fiberoptic,No,No,No,Yes,Yes,No,One Year,Yes,Electronic check,88.85,1594.75,No
4090-KPJIP,m,0,YES,No,3.0,Yes,Yes,DSL,No,No,No,No,No,No,1 year,Yes,Electronic check,74.95,212.4,No
3786-WOVKF,FEMALE,1,No,No,72.0,Yes,Yes,dsl,Yes,Yes,No,No,Yes,Yes,Month-to-Month,Yes,Bank transfer (automatic),106.85,7677.4,No
4503-BDXBD,m,0,YES,No,11.0,Yes,No,Dsl,No,Yes,No,No,No,No,2 year,No,Electronic check,74.95,815.5,Yes
6086-ESGRL,Female,0,y,No,1.0,Yes,No,fiber,No,No,No,No,No,Yes,1 year,No,Credit card (automatic),80.15,80.15,Yes
2592-HODOV,FEMALE,0,no,No,13.0,Yes,No,fiber,No internet service,No internet service,No internet service,No internet service,No internet service,No internet service,Month-to-Month,No,Credit card (automatic),19.3,259.65,No
3886-CERTZ,fe male,0,Yes,No,72.0,Yes,Yes,dsl,No,Yes,Yes,Yes,Yes,Yes,One Year,Yes,Electronic check,109.25,8109.8,Yes
7995-ZHHNZ,Female,0,NO,No,42.0,Yes,Yes,Fiber Optic,Yes,No,No,No,No,No,One Year,No,Credit card (automatic),56.1,2386.85,No
3824-RHKVR,fe male,0,no,No,17.0,Yes,No,Dsl,No internet service,No internet service,No internet service,No internet service,No internet service,No internet service,One Year,No,Credit card (automatic),19.7,,No
5816-SCGFC,fe male,1,n,No,7.0,Yes,No,DSL,No,Yes,No,No,No,No,2 year,Yes,Mailed check,51.3,419.35,No
5989-AXPUC,fe male,0,y,,,Yes,Yes,Fiberoptic,Yes,Yes,Yes,Yes,Yes,Yes,Two Year,No,Mailed check,118.6,7990.05,No
4979-HPRFL,Male,0,No,Yes,56.0,Yes,Yes,fiber optic,No internet service,No internet service,No internet service,No internet service,No internet service,No internet service,Month-to-Month,No,Bank transfer (automatic),,1402.25,No
8590-OHDIW,fe male,0,No,Yes,38.0,Yes,No,DSL,No internet service,No internet service,No internet service,No internet service,No internet service,No internet service,Two Year,No,Mailed check,20.3,749.35,No
8015-IHCGW,Male,0,no,Yes,72.0,Yes,Yes,Dsl,Yes,Yes,Yes,Yes,Yes,Yes,Month-to-Month,Yes,Electronic check,115.5,8425.15,No
2332-TODQS,Male,0,Yes,No,48.0,Yes,Yes,fiber optic,No internet service,No internet service,No internet service,No internet service,No internet service,No internet service,2 year,No,Credit card (automatic),25.05,,No
9278-VZKCD,FEMALE,1,YES,No,,Yes,Yes,DSL,Yes,Yes,Yes,No,Yes,Yes,1 Year,Yes,Electronic check,109.1,5647.95,No
8008-OTEZX,Female,0,n,Yes,35.0,Yes,No,dsl,No internet service,No internet service,No internet service,No internet service,No internet service,No internet service,One Year,No,Mailed check,19.65,708.8,No
2773-OVBPK,m,0,Yes,No,67.0,Yes,Yes,Fiber Optic,No,Yes,Yes,Yes,Yes,Yes,Two Year,Yes,Bank transfer (automatic),111.3,7567.2,No
5999-LCXAO,Female,0,Yes,No,1.0,No,No phone service,fiber,Yes,No,No,No,No,No,2 Year,No,Mailed check,29.9,29.9,No
5206-XZZQI,fe male,0,YES,No,53.0,Yes,No,Dsl,No,Yes,No,Yes,No,No,2 Year,,Mailed check,80.6,4348.1,No
4803-LBYPN,m,0,n,Yes,34.0,Yes,No,Fiberoptic,No internet service,No internet service,No internet service,No internet service,No internet service,No internet service,month to month,No,Mailed check,20.8,635.9,No
5759-RCVCB,Female,0,YES,No,3.0,No,No phone service,Fiberoptic,No,No,No,No,Yes,No,2 Year,No,Credit card (automatic),,108.95,Yes
6372-RFVNS,m,0,y,No,1.0,Yes,No,Fiber Optic,No,No,No,No,Yes,No,month to month,No,Electronic check,78.8,78.8,Yes
2139-FQHLM,Female,0,Yes,No,19.0,Yes,No,DSL,No,No,Yes,Yes,Yes,No,Month-to-Month,No,Mailed check,89.95,1682.4,No
8261-GWDBQ,Female,1,y,No,60.0,Yes,Yes,dsl,Yes,Yes,Yes,Yes,Yes,Yes,2 Year,Yes,Bank transfer (automatic),116.05,6925.9,No
1093-YSWCA,Male,0,YES,No,11.0,Yes,No,DSL,No internet service,No internet service,No internet service,No internet service,No internet service,No internet service,Two Year,No,Credit card (automatic),19.55,223.15,No
8938-UMKPI,fe male,0,Yes,No,47.0,Yes,Yes,Fiberoptic,No,Yes,Yes,No,Yes,Yes,Month-to-Month,Yes,Electronic check,106.4,5127.95,Yes
0991-BRRFB,Male,0,YES,No,18.0,Yes,No,fiber,Yes,No,No,No,No,No,2 year,No,Electronic check,49.4,874.8,Yes
3882-IYOIJ,fe male,0,no,Yes,60.0,Yes,Yes,fiber optic,Yes,Yes,Yes,Yes,Yes,Yes,1 Year,No,Credit card (automatic),115.25,6758.45,No
8749-TZYEC,f,0,Yes,,72.0,Yes,Yes,fiber,No internet service,No internet service,No internet service,No internet service,No internet service,No internet service,Two Year,No,Credit card (automatic),24.8,1874.3,No
1755-FZQEC,FEMALE,0,NO,No,39.0,Yes,No,fiber,No internet service,No internet service,No internet service,No internet service,No internet service,No internet service,1 year,No,Mailed check,19.9,791.15,No
3115-JPJDD,f,0,y,No,59.0,Yes,No,Dsl,Yes,No,Yes,No,No,No,Month-to-Month,Yes,Credit card (automatic),81.25,4639.45,No
5600-KTXFM,m,0,y,Yes,2.0,Yes,No,fiber optic,No,No,No,No,No,No,Month-to-Month,No,Mailed check,69.95,143.9,No
3871-IKPYH,Female,1,NO,No,1.0,Yes,No,dsl,No,No,No,No,No,No,1 year,No,Electronic check,69.1,69.1,Yes
6319-IEJWJ,f,0,No,Yes,20.0,Yes,No,Dsl,No,No,No,No,Yes,Yes,1 Year,Yes,Electronic check,90.2,1776.55,Yes
9025-AOMKI,FEMALE,0,No,No,6.0,Yes,Yes,Dsl,No,No,No,No,Yes,Yes,1 year,Yes,Bank transfer (automatic),93.55,536.4,Yes
6339-TBELP,FEMALE,0,NO,No,71.0,Yes,Yes,Fiberoptic,No,No,Yes,Yes,No,No,1 year,Yes,Credit card (automatic),86.4,6172,No
7964-YESJC,fe male,0,n,No,24.0,Yes,Yes,fiber optic,Yes,Yes,Yes,No,No,No,1 Year,No,Mailed check,66.3,1559.45,No
6173-GOLSU,f,1,no,No,67.0,Yes,Yes,dsl,No,No,No,No,Yes,Yes,1 Year,Yes,Credit card (automatic),94.65,6079,No
5275-SQEIZ,f,0,Yes,,1.0,Yes,No,DSL,No,No,No,No,No,Yes,Month-to-Month,,Mailed check,80.85,80.85,Yes
7716-YTYHG,FEMALE,0,Yes,Yes,48.0,Yes,Yes,fiber,No,No,No,No,No,Yes,2 Year,Yes,Mailed check,82.05,4029.95,Yes
9938-ZREHM,m,0,YES,No,37.0,Yes,Yes,dsl,No,Yes,No,Yes,No,Yes,Two Year,,Mailed check,,2658.4,No
7950-XWOVN,Female,0,y,No,11.0,No,No phone service,Fiberoptic,No,Yes,Yes,No,No,No,1 Year,No,Mailed check,34.7,383.55,No
4390-KYULV,Male,0,NO,No,3.0,Yes,No,fiber optic,No internet service,No internet service,No internet service,No internet service,No internet service,No internet service,month to month,Yes,Credit card (automatic),20.55,51.15,Yes
4647-MUZON,Female,0,No,No,18.0,Yes,No,Dsl,No,No,Yes,No,Yes,Yes,month to month,Yes,Credit card (automatic),95.95,1745.5,No
9702-AIUJO,FEMALE,0,Yes,Yes,50.0,Yes,No,fiber optic,No,No,No,No,No,No,2 Year,,Bank transfer (automatic),44.8,2230.85,No
8849-PRIQJ,Male,0,NO,,67.0,Yes,Yes,DSL,Yes,No,Yes,Yes,Yes,Yes,2 Year,Yes,Electronic check,109.4,7281.6,No
8851-RAGOV,m,0,Yes,No,25.0,Yes,No,DSL,Yes,Yes,No,Yes,No,Yes,month to month,Yes,Mailed check,71.05,1837.7,No
1304-NECVQ,f,1,no,No,2.0,Yes,Yes,Dsl,No,No,Yes,No,No,No,2 year,Yes,Electronic check,78.55,149.55,Yes
5396-IZEPB,Female,0,NO,No,9.0,Yes,No,dsl,No internet service,No internet service,No internet service,No internet service,No internet service,No internet service,1 Year,No,Credit card (automatic),19.7,180.7,No
1729-VLAZJ,Male,0,n,Yes,10.0,No,No phone service,DSL,Yes,Yes,No,Yes,No,No,1 year,No,Mailed check,40.25,411.45,No
8285-ABVLB,Female,0,Yes,No,70.0,Yes,No,Dsl,No internet service,No internet service,No internet service,No internet service,No internet service,No internet service,Two Year,No,Credit card (automatic),19.85,1328.35,No
0701-TJSEF,f,0,no,No,9.0,Yes,No,fiber optic,Yes,No,Yes,Yes,No,Yes,1 Year,Yes,Bank transfer (automatic),68.25,576.95,No
5712-VBOXD,Female,0,y,No,4.0,Yes,No,DSL,No internet service,No internet service,No internet service,No internet service,No internet service,No internet service,One Year,Yes,Credit card (automatic),20.15,68.45,No
6629-LADHQ,Male,0,NO,No,2.0,Yes,No,dsl,Yes,No,No,No,No,No,One Year,No,Mailed check,50.95,,No
8945-GRKHX,fe male,0,NO,Yes,1.0,Yes,No,Fiberoptic,No,No,No,No,No,Yes,month to month,No,Electronic check,78.65,78.65,Yes
1559-DTODC,fe male,0,Yes,No,19.0,No,No phone service,Fiber Optic,No,No,No,No,No,No,One Year,Yes,Bank transfer (automatic),25.15,468.35,No
4797-MIWUM,Male,0,NO,,,Yes,No,Dsl,No internet service,No internet service,No internet service,No internet service,No internet service,No internet service,2 Year,Yes,Bank transfer (automatic),20.25,174.7,No
6959-UWKHF,m,0,No,No,1.0,Yes,No,dsl,No,No,No,No,No,No,month to month,Yes,Electronic check,42.9,42.9,Yes
8720-RQSBJ,FEMALE,1,y,No,1.0,Yes,No,DSL,No,No,No,No,No,No,One Year,No,Electronic check,44.0,44,No
4537-CIBHB,fe male,0,Yes,Yes,9.0,Yes,No,dsl,No internet service,No internet service,No internet service,No internet service,No internet service,No internet service,2 Year,No,Mailed check,20.25,172.35,No
3815-SLMEF,Female,0,Yes,No,3.0,No,No phone service,DSL,Yes,No,No,Yes,No,No,1 year,No,Mailed check,34.25,139.35,Yes
5154-VEKBL,m,0,No,No,9.0,No,No phone service,Dsl,Yes,No,Yes,Yes,Yes,Yes,One Year,No,Mailed check,58.5,539.85,Yes
4324-AHJKS,Male,0,no,No,5.0,Yes,No,Fiberoptic,Yes,No,Yes,No,No,No,Month-to-Month,No,Credit card (automatic),55.8,300.4,No
4355-CVPVS,m,0,NO,Yes,56.0,Yes,No,DSL,No,No,No,No,Yes,Yes,2 Year,No,Bank transfer (automatic),88.9,4968,No
4495-LHSSK,f,0,No,Yes,18.0,Yes,Yes,fiber optic,Yes,No,No,No,No,No,One Year,No,Mailed check,57.65,992.7,No
5655-JSMZM,m,1,n,No,49.0,Yes,Yes,DSL,No,No,No,No,Yes,Yes,One Year,Yes,Electronic check,96.2,4718.25,Yes
5915-ANOEI,Female,0,n,No,70.0,Yes,Yes,DSL,Yes,Yes,Yes,Yes,Yes,No,Month-to-Month,No,Mailed check,79.15,5536.5,No
9861-PDSZP,FEMALE,0,NO,No,72.0,Yes,Yes,Dsl,No,Yes,Yes,Yes,Yes,Yes,month to month,Yes,Credit card (automatic),108.05,7806.6,No
4505-EXZHB,f,1,No,No,6.0,Yes,No,Dsl,No,No,Yes,No,No,No,Month-to-Month,No,Electronic check,74.4,434.1,Yes
7225-CBZPL,FEMALE,1,Yes,No,17.0,Yes,Yes,Fiber Optic,No,No,No,No,Yes,Yes,2 Year,Yes,Electronic check,94.8,1563.9,No
6704-UTUKK,fe male,0,no,No,29.0,No,No phone service,Fiber Optic,No,No,No,No,Yes,Yes,1 Year,Yes,Electronic check,45.9,1332.4,No
4587-VVTOX,Male,0,No,No,6.0,Yes,Yes,DSL,No,Yes,Yes,No,Yes,Yes,month to month,Yes,Electronic check,105.3,545.2,Yes
2019-HDCZY,FEMALE,0,NO,No,63.0,Yes,Yes,Fiberoptic,No,No,Yes,No,Yes,Yes,One Year,No,Electronic check,102.6,6296.75,No
4652-NNHNY,Male,0,n,No,16.0,Yes,Yes,fiber,No,No,No,No,No,No,1 year,,Bank transfer (automatic),73.85,1284.2,Yes
8788-DOXSU,Male,0,No,,59.0,Yes,No,Dsl,No,No,Yes,No,No,Yes,Month-to-Month,,Bank transfer (automatic),61.35,3645.5,No
7404-JLKQG,FEMALE,0,Yes,No,3.0,Yes,No,DSL,No,No,Yes,No,Yes,No,One Year,No,Electronic check,57.55,161.45,No
7421-ZLUPA,Male,0,no,No,8.0,No,No phone service,Fiberoptic,No,Yes,No,No,No,No,Two Year,,Mailed check,29.25,226.95,No
8972-HJWNV,f,1,no,No,7.0,Yes,Yes,fiber,No,No,No,No,No,Yes,2 Year,Yes,Electronic check,84.55,646.85,Yes
3274-NSDWE,fe male,0,No,No,68.0,Yes,No,Fiberoptic,No internet service,No internet service,No internet service,No internet service,No internet service,No internet service,1 year,No,Credit card (automatic),19.6,1441.65,No
2632-IVXVF,m,0,n,Yes,68.0,Yes,Yes,fiber optic,Yes,No,Yes,Yes,Yes,Yes,1 year,No,Credit card (automatic),111.75,,No
3692-JHONH,Female,1,no,No,52.0,Yes,Yes,Fiberoptic,No,Yes,Yes,No,Yes,Yes,1 Year,Yes,Electronic check,106.5,5621.85,No
8915-NNTRC,m,0,n,Yes,72.0,Yes,Yes,fiber,Yes,Yes,No,Yes,Yes,Yes,Two Year,Yes,Credit card (automatic),107.7,7919.8,No
5914-GXMDA,Male,0,No,No,32.0,Yes,No,Fiberoptic,No internet service,No internet service,No internet service,No internet service,No internet service,No internet service,2 Year,No,Mailed check,19.3,593.2,No
7463-IFMQU,FEMALE,0,n,No,72.0,Yes,No,fiber,No internet service,No internet service,No internet service,No internet service,No internet service,No internet service,2 year,No,Bank transfer (automatic),20.05,,No
2920-RNCEZ,fe male,0,YES,,1.0,Yes,No,Dsl,No,No,No,No,No,No,1 year,Yes,Credit card (automatic),69.95,69.95,No
2541-YGPKE,f,0,YES,Yes,42.0,Yes,No,Dsl,Yes,No,No,Yes,No,Yes,Month-to-Month,No,Credit card (automatic),63.7,2763.35,No
8515-OCTJS,m,0,n,No,25.0,Yes,Yes,Fiberoptic,No internet service,No internet service,No internet service,No internet service,No internet service,No internet service,One Year,,Credit card (automatic),24.75,692.1,Yes
5382-TEMLV,Male,0,NO,No,45.0,Yes,No,fiber optic,Yes,No,No,No,No,No,Month-to-Month,Yes,Bank transfer (automatic),50.9,2298.55,No
3441-CGZJH,fe male,0,no,Yes,43.0,No,No phone service,fiber optic,Yes,No,Yes,Yes,Yes,Yes,2 year,Yes,Credit card (automatic),60.4,2640.55,No
9592-ERDKV,fe male,0,Yes,No,37.0,Yes,Yes,Fiberoptic,Yes,No,Yes,No,Yes,Yes,month to month,No,Mailed check,79.25,2911.8,No
2860-RANUS,Male,1,YES,No,20.0,Yes,Yes,Fiber Optic,No,No,No,No,No,Yes,2 year,Yes,Credit card (automatic),85.8,1727.5,Yes
5261-QSHQM,FEMALE,0,Yes,No,4.0,No,No phone service,Fiber Optic,No,No,No,No,No,No,Month-to-Month,Yes,Electronic check,24.45,,Yes
4778-IZARL,Female,0,Yes,No,63.0,Yes,No,fiber,Yes,Yes,Yes,Yes,Yes,Yes,1 Year,Yes,Credit card (automatic),110.1,6705.7,No
0432-CAJZV,Female,0,n,No,3.0,Yes,No,Fiberoptic,No,No,No,No,Yes,Yes,2 Year,No,Mailed check,90.7,,No
7008-LZVOZ,f,0,Yes,Yes,66.0,Yes,Yes,Fiber Optic,No internet service,No internet service,No internet service,No internet service,No internet service,No internet service,month to month,Yes,Credit card (automatic),25.3,1672.35,No
8868-WOZGU,Female,0,NO,No,28.0,Yes,Yes,Dsl,No,Yes,Yes,No,Yes,Yes,One Year,Yes,Electronic check,105.7,2979.5,Yes
1200-TUZHR,Male,1,YES,No,8.0,Yes,Yes,Fiber Optic,No,No,No,No,No,Yes,One Year,No,Electronic check,85.2,695.75,No
9365-CSLBQ,Female,0,YES,Yes,71.0,Yes,Yes,Fiber Optic,No internet service,No internet service,No internet service,No internet service,No internet service,No internet service,2 year,No,Mailed check,24.35,1654.6,No
1334-FJSVR,fe male,0,n,No,1.0,No,No phone service,dsl,No,No,No,No,No,No,1 year,Yes,Electronic check,24.25,24.25,Yes
5884-FBCTL,Male,0,Yes,Yes,,Yes,Yes,Dsl,No internet service,No internet service,No internet service,No internet service,No internet service,No internet service,1 Year,,Bank transfer (automatic),25.1,1857.85,No
7130-CTCUS,Male,1,n,No,16.0,Yes,No,fiber,Yes,Yes,No,No,No,No,Two Year,,Bank transfer (automatic),54.55,825.1,No
6242-FEGFD,Male,0,No,No,66.0,Yes,Yes,Fiberoptic,Yes,Yes,Yes,Yes,No,No,Two Year,No,Mailed check,96.6,6424.25,No
7625-XCQRH,Male,0,y,No,11.0,Yes,Yes,fiber optic,No,No,No,No,No,No,1 year,Yes,Electronic check,76.5,837.95,Yes
6194-HBGQN,Female,0,Yes,No,51.0,Yes,Yes,Fiber Optic,Yes,Yes,Yes,Yes,Yes,No,Month-to-Month,Yes,Credit card (automatic),81.15,4126.2,No
7634-WSWDB,f,0,no,Yes,8.0,No,No phone service,Dsl,Yes,No,No,No,No,Yes,month to month,Yes,Electronic check,38.5,330.8,No
6986-IXNDM,FEMALE,0,YES,No,14.0,Yes,No,Fiberoptic,No,No,No,No,Yes,Yes,Two Year,Yes,Electronic check,92.9,1337.45,No
1731-TVIUK,FEMALE,0,No,No,4.0,Yes,Yes,Fiberoptic,No,Yes,No,Yes,No,Yes,Two Year,Yes,Electronic check,93.5,362.2,Yes
2987-BJXIK,fe male,0,y,No,70.0,Yes,Yes,dsl,Yes,Yes,Yes,No,Yes,Yes,1 year,No,Mailed check,84.7,5991.05,No
9769-TSBZE,Female,0,YES,,70.0,Yes,Yes,fiber optic,Yes,Yes,No,Yes,No,No,Month-to-Month,No,Electronic check,66.0,4891.5,No
0406-BPDVR,f,1,Yes,No,54.0,Yes,Yes,Fiberoptic,No,Yes,No,No,Yes,Yes,One Year,Yes,Credit card (automatic),101.5,5373.1,Yes
0618-XWMSS,m,0,YES,Yes,28.0,Yes,No,fiber,Yes,No,No,No,No,No,1 year,Yes,Bank transfer (automatic),74.9,2068.55,Yes
1395-WSWXR,FEMALE,0,Yes,No,24.0,Yes,No,Fiberoptic,No internet service,No internet service,No internet service,No internet service,No internet service,No internet service,2 year,No,Mailed check,20.75,487.05,No
6023-GSSXW,f,0,Yes,No,69.0,Yes,No,Dsl,No,Yes,No,No,No,Yes,2 Year,Yes,Credit card (automatic),61.45,4131.2,No
6752-APNJL,m,0,YES,Yes,42.0,Yes,No,fiber,Yes,Yes,No,No,No,No,Month-to-Month,No,Mailed check,54.5,,No
5276-KQWHG,Female,1,Yes,No,2.0,Yes,No,Fiber Optic,No,No,No,No,No,No,2 year,Yes,Electronic check,69.6,131.65,Yes
0420-HLGXF,m,1,n,No,39.0,Yes,Yes,DSL,No,No,Yes,No,Yes,Yes,1 Year,Yes,Electronic check,99.75,4036,No
7446-KQISO,Male,0,Yes,Yes,45.0,Yes,Yes,Fiberoptic,No,Yes,Yes,Yes,Yes,Yes,Month-to-Month,Yes,Bank transfer (automatic),,4900.65,No
9823-EALYC,fe male,0,y,Yes,72.0,Yes,Yes,fiber,Yes,Yes,Yes,Yes,Yes,No,2 Year,Yes,Bank transfer (automatic),80.85,5727.45,No
0582-AVCLN,m,0,NO,No,38.0,Yes,No,Dsl,No internet service,No internet service,No internet service,No internet service,No internet service,No internet service,1 Year,No,Mailed check,20.3,743.05,No
5803-NQJZO,Male,0,Yes,No,72.0,Yes,Yes,Fiberoptic,Yes,Yes,Yes,Yes,No,No,month to month,,Bank transfer (automatic),67.8,4804.65,No
2565-JSLRY,Male,0,No,No,1.0,Yes,Yes,Dsl,No internet service,No internet service,No internet service,No internet service,No internet service,No internet service,One Year,Yes,Mailed check,24.05,24.05,Yes
2607-DHDAK,Female,0,Yes,Yes,72.0,Yes,No,Fiber Optic,No internet service,No internet service,No internet service,No internet service,No internet service,No internet service,1 year,Yes,Credit card (automatic),19.8,1414.65,No
1073-XXCZD,m,0,y,No,55.0,Yes,Yes,Dsl,No internet service,No internet service,No internet service,No internet service,No internet service,No internet service,One Year,No,Bank transfer (automatic),25.7,1443.65,No
0743-HRVFF,m,0,Yes,Yes,51.0,No,No phone service,fiber,No,No,Yes,Yes,Yes,Yes,2 year,Yes,Electronic check,56.15,2898.95,No
4006-HKYHO,fe male,0,YES,No,63.0,Yes,No,fiber,Yes,Yes,Yes,Yes,Yes,Yes,One Year,Yes,Bank transfer (automatic),86.7,5309.5,No
3727-JEZTU,Male,0,YES,,1.0,Yes,No,DSL,No internet service,No internet service,No internet service,No internet service,No internet service,No internet service,Month-to-Month,No,Mailed check,20.4,,No
8143-ETQTI,m,0,y,Yes,23.0,Yes,No,Dsl,No internet service,No internet service,No internet service,No internet service,No internet service,No internet service,One Year,Yes,Mailed check,,451.55,No
6689-KXGBO,FEMALE,0,no,No,1.0,Yes,No,Dsl,No,Yes,No,No,No,No,1 year,No,Electronic check,50.55,50.55,Yes
9667-TKTVZ,Male,0,YES,No,2.0,Yes,Yes,DSL,No,No,No,Yes,No,No,month to month,Yes,Mailed check,54.35,117.05,No
3657-COGMW,fe male,1,y,No,52.0,Yes,Yes,fiber,Yes,Yes,Yes,No,Yes,Yes,Month-to-Month,No,Credit card (automatic),108.1,5839.3,No
8570-KLJYJ,fe male,0,Yes,No,36.0,Yes,Yes,Fiber Optic,Yes,No,No,No,No,No,1 year,No,Mailed check,,1893.5,No
7754-IXRMC,fe male,0,No,,1.0,Yes,No,fiber optic,No,No,No,No,No,No,One Year,No,Mailed check,45.35,45.35,No
9473-CBZOP,Female,0,n,No,28.0,Yes,Yes,fiber optic,Yes,No,Yes,No,No,No,2 Year,No,Mailed check,59.0,1654.45,No
2969-WGHQO,Male,0,NO,Yes,7.0,Yes,No,DSL,Yes,Yes,Yes,No,Yes,No,2 year,No,Electronic check,69.45,477.05,No
6615-NGGZJ,FEMALE,0,No,No,14.0,Yes,Yes,Fiber Optic,No,Yes,No,No,Yes,Yes,Month-to-Month,Yes,Electronic check,,1415.55,Yes
4334-HOWRP,Male,1,y,No,72.0,No,No phone service,Fiberoptic,Yes,Yes,Yes,Yes,Yes,Yes,1 Year,Yes,Credit card (automatic),64.95,4546,No
4255-DDUOU,fe male,0,No,Yes,1.0,Yes,No,dsl,No internet service,No internet service,No internet service,No internet service,No internet service,No internet service,One Year,Yes,Mailed check,20.5,20.5,Yes
5863-OOKCL,m,0,NO,No,10.0,Yes,No,Fiber Optic,No internet service,No internet service,No internet service,No internet service,No internet service,No internet service,1 Year,No,Mailed check,18.85,163.2,No
1686-STUHN,FEMALE,0,YES,No,42.0,Yes,No,Fiberoptic,No internet service,No internet service,No internet service,No internet service,No internet service,No internet service,1 year,No,Bank transfer (automatic),19.8,849.9,No
1329-VHWNP,m,0,no,No,7.0,No,No phone service,fiber,No,No,No,No,No,No,Two Year,No,Bank transfer (automatic),25.05,189.95,No
2984-MIIZL,Male,0,Yes,No,4.0,Yes,No,Fiberoptic,No,No,Yes,No,No,No,Month-to-Month,Yes,Bank transfer (automatic),74.8,321.9,Yes
0266-GMEAO,f,0,no,Yes,72.0,Yes,Yes,fiber,Yes,Yes,Yes,Yes,Yes,Yes,2 Year,Yes,Credit card (automatic),114.3,8058.55,No
5590-YRFJT,Male,0,Yes,No,20.0,No,No phone service,Fiberoptic,No,No,No,No,No,No,One Year,,Electronic check,24.45,482.8,Yes
5574-NXZIU,fe male,0,No,No,63.0,Yes,No,Fiber Optic,Yes,Yes,Yes,Yes,Yes,Yes,One Year,No,Credit card (automatic),109.2,7049.75,No
0019-GFNTW,f,0,n,No,56.0,No,No phone service,Fiberoptic,Yes,Yes,Yes,Yes,No,No,One Year,No,Bank transfer (automatic),45.05,2560.1,No
4256-ZWTZI,Male,0,NO,Yes,5.0,Yes,No,Dsl,No,No,No,Yes,No,No,1 Year,Yes,Mailed check,51.0,286.8,No
8309-PPCED,m,0,No,No,72.0,Yes,Yes,fiber optic,No,Yes,Yes,Yes,Yes,Yes,1 Year,Yes,Bank transfer (automatic),110.45,7982.5,No
4098-NAUKP,Male,1,n,,68.0,Yes,Yes,Dsl,No,Yes,Yes,No,No,No,Two Year,,Electronic check,84.65,,No
5196-WPYOW,Male,0,n,Yes,67.0,Yes,No,Dsl,Yes,Yes,No,Yes,No,No,2 year,No,Mailed check,60.05,3994.05,No
4608-LCIMN,m,0,y,Yes,,Yes,No,fiber,No,No,No,No,No,No,One Year,No,Bank transfer (automatic),44.65,369.15,No
1485-YDHMM,f,0,No,,52.0,Yes,Yes,Fiberoptic,No,Yes,No,Yes,No,Yes,month to month,Yes,Bank transfer (automatic),93.25,4631.7,No
4054-CUMIA,m,0,n,,18.0,Yes,No,DSL,No internet service,No internet service,No internet service,No internet service,No internet service,No internet service,1 year,Yes,Mailed check,20.25,401.95,No
0603-TPMIB,Female,0,y,Yes,59.0,Yes,Yes,Fiber Optic,No internet service,No internet service,No internet service,No internet service,No internet service,No internet service,Two Year,No,Mailed check,25.45,1534.05,No
2525-GVKQU,FEMALE,0,YES,No,60.0,Yes,No,Fiberoptic,No internet service,No internet service,No internet service,No internet service,No internet service,No internet service,2 year,No,Mailed check,20.6,1093,No
8161-QYMTT,fe male,0,Yes,No,,Yes,Yes,Fiberoptic,No,No,No,No,Yes,Yes,2 year,Yes,Electronic check,94.1,701.3,No
9581-GVBXT,Male,0,NO,Yes,59.0,No,No phone service,Fiber Optic,Yes,No,Yes,No,No,No,1 Year,No,Mailed check,34.8,1980.3,No
5862-BRIXZ,Male,0,NO,No,46.0,No,No phone service,DSL,Yes,No,Yes,Yes,Yes,Yes,Two Year,Yes,Bank transfer (automatic),60.75,2893.4,No
5404-GGUKR,f,0,Yes,No,5.0,Yes,No,fiber,No,Yes,No,No,No,No,One Year,Yes,Electronic check,51.35,262.3,No
3308-JSGML,fe male,1,n,No,59.0,No,No phone service,DSL,Yes,No,Yes,Yes,Yes,Yes,1 year,Yes,Credit card (automatic),64.05,3886.85,No
2126-GSEGL,Female,0,Yes,No,70.0,Yes,Yes,Dsl,No,Yes,Yes,Yes,Yes,Yes,month to month,Yes,Bank transfer (automatic),84.8,5917.55,No
3677-TNKIO,m,0,Yes,No,14.0,Yes,No,fiber,No,No,No,No,No,No,Two Year,Yes,Credit card (automatic),71.0,914,Yes
0440-QEXBZ,Female,0,Yes,No,44.0,Yes,Yes,DSL,No,No,No,No,No,No,Two Year,,Mailed check,50.15,2139.1,No
2434-EEVDB,FEMALE,0,YES,No,64.0,Yes,Yes,fiber optic,Yes,No,Yes,No,Yes,No,month to month,Yes,Credit card (automatic),94.6,,No
6762-QVYJO,f,0,n,,58.0,No,No phone service,fiber optic,Yes,No,Yes,Yes,Yes,Yes,1 year,No,Mailed check,59.75,3624.35,No
6199-IWKGC,m,1,Yes,,46.0,Yes,Yes,dsl,No,No,No,Yes,Yes,Yes,2 year,No,Electronic check,100.25,4753.85,No
2675-DHUTR,Male,1,NO,No,58.0,Yes,Yes,fiber optic,No,Yes,No,No,Yes,Yes,1 Year,Yes,Electronic check,98.9,5780.7,No
8152-VETUR,Female,0,YES,No,72.0,Yes,Yes,fiber,No,Yes,No,No,Yes,Yes,month to month,Yes,Credit card (automatic),97.7,,No
9667-EQRXU,Male,1,n,No,,No,No phone service,Fiberoptic,No,No,Yes,No,Yes,No,month to month,Yes,Electronic check,40.3,1172.95,Yes
7446-YPODE,Male,1,YES,No,11.0,Yes,Yes,DSL,Yes,Yes,No,No,No,No,1 year,No,Bank transfer (automatic),,662.95,No
9522-BNTHX,FEMALE,1,No,No,34.0,No,No phone service,fiber optic,No,Yes,Yes,No,Yes,Yes,month to month,Yes,Electronic check,56.25,1765.95,No
4676-WLUHT,Male,0,no,No,54.0,No,No phone service,fiber,Yes,Yes,No,No,No,Yes,1 year,No,Bank transfer (automatic),46.2,2431.95,No
3329-WDIOK,Female,0,No,No,3.0,No,No phone service,Fiberoptic,No,Yes,No,No,Yes,Yes,1 year,Yes,Electronic check,50.6,155.35,Yes
7980-MHFLQ,Male,0,no,Yes,72.0,Yes,Yes,Fiberoptic,No internet service,No internet service,No internet service,No internet service,No internet service,No internet service,Two Year,No,Mailed check,24.9,1859.2,No
2873-ZLIWT,Female,0,YES,Yes,40.0,Yes,Yes,Fiberoptic,No,No,Yes,Yes,No,No,One Year,,Electronic check,84.85,3303.05,Yes
3415-TAILE,FEMALE,0,Yes,Yes,2.0,Yes,No,fiber optic,No,No,No,No,Yes,Yes,2 Year,No,Mailed check,65.7,134.35,Yes
0757-WCUUZ,f,0,n,Yes,54.0,Yes,Yes,Fiberoptic,No,No,Yes,No,No,Yes,1 year,No,Credit card (automatic),63.35,3409.1,No
1629-DQQVB,m,0,YES,No,14.0,Yes,No,Fiber Optic,Yes,No,No,No,No,No,1 Year,No,Bank transfer (automatic),50.1,709.5,No
1915-IOFGU,m,0,y,No,1.0,Yes,No,Fiber Optic,No,No,No,No,No,No,month to month,No,Electronic check,70.5,70.5,Yes
3045-XETSH,fe male,0,YES,No,10.0,Yes,Yes,Fiberoptic,No,Yes,Yes,No,No,Yes,One Year,Yes,Electronic check,94.85,953.45,Yes
0374-AACSZ,Male,0,YES,No,1.0,Yes,No,fiber optic,Yes,No,No,No,No,No,Month-to-Month,No,Electronic check,50.15,50.15,No
7239-HZZCX,Male,0,Yes,No,1.0,Yes,No,DSL,No internet service,No internet service,No internet service,No internet service,No internet service,No internet service,2 Year,No,Mailed check,19.75,19.75,Yes
4872-VXRIL,f,0,no,No,,Yes,Yes,dsl,Yes,Yes,No,Yes,No,No,Two Year,Yes,Bank transfer (automatic),64.65,3665.55,No
9140-CZQZZ,Male,0,y,No,68.0,Yes,No,dsl,Yes,Yes,No,Yes,Yes,Yes,Two Year,Yes,Bank transfer (automatic),79.6,5515.8,No
3423-HHXAO,Male,0,Yes,Yes,14.0,Yes,No,Fiber Optic,No internet service,No internet service,No internet service,No internet service,No internet service,No internet service,1 Year,Yes,Mailed check,19.5,272,No
9938-TKDGL,m,0,Yes,Yes,68.0,Yes,No,Fiberoptic,Yes,No,No,Yes,Yes,Yes,Month-to-Month,Yes,Electronic check,99.55,6668,No
0531-ZZJWQ,f,1,Yes,No,55.0,Yes,Yes,Fiberoptic,No,No,No,No,No,No,Two Year,Yes,Electronic check,74.0,4052.4,No
6537-QLGEX,FEMALE,0,no,No,16.0,No,No phone service,fiber optic,Yes,No,No,No,Yes,No,month to month,Yes,Electronic check,38.9,664.4,No
2688-BHGOG,Male,1,y,No,9.0,Yes,No,Fiber Optic,No,No,No,No,No,Yes,month to month,Yes,Electronic check,,718.55,No
7683-CBDKJ,FEMALE,0,Yes,Yes,14.0,Yes,No,Fiber Optic,Yes,Yes,No,No,Yes,No,Month-to-Month,Yes,Electronic check,,937.6,Yes
0946-CLJTI,Male,1,Yes,No,58.0,Yes,Yes,Fiber Optic,No,No,Yes,No,Yes,Yes,1 Year,Yes,Electronic check,,5812.6,Yes
3160-TYXLT,f,0,Yes,No,53.0,No,No phone service,DSL,Yes,Yes,No,No,No,Yes,2 year,Yes,Bank transfer (automatic),46.3,2546.85,No
1325-USMEC,FEMALE,0,y,No,70.0,Yes,Yes,Fiberoptic,Yes,Yes,Yes,No,Yes,No,2 Year,Yes,Credit card (automatic),99.35,6944.5,No
0916-QOFDP,FEMALE,1,Yes,,14.0,Yes,Yes,Fiber Optic,No,No,No,No,Yes,Yes,month to month,Yes,Electronic check,95.8,1346.3,No
0628-CNQRM,m,0,YES,Yes,22.0,Yes,No,dsl,Yes,No,Yes,Yes,Yes,No,2 year,Yes,Bank transfer (automatic),67.5,1544.05,Yes
5606-AMZBO,f,0,n,No,10.0,Yes,Yes,dsl,Yes,No,No,No,No,No,2 Year,Yes,Credit card (automatic),78.15,765.15,No
6199-IPCAO,Female,0,n,Yes,29.0,Yes,Yes,Fiber Optic,No internet service,No internet service,No internet service,No internet service,No internet service,No internet service,2 year,No,Mailed check,26.1,692.55,No
7665-TOALD,fe male,0,y,No,1.0,Yes,No,fiber optic,No,No,No,No,No,No,2 Year,Yes,Electronic check,69.6,69.6,Yes
0112-QWPNC,m,0,no,No,49.0,Yes,Yes,dsl,Yes,No,Yes,Yes,Yes,Yes,Two Year,No,Electronic check,84.35,4059.35,Yes
0324-BRPCJ,f,1,YES,No,68.0,Yes,Yes,dsl,No,Yes,No,No,Yes,Yes,Month-to-Month,Yes,Electronic check,100.2,6851.65,Yes
2777-PHDEI,m,0,Yes,No,1.0,Yes,No,DSL,No,No,No,No,Yes,No,Month-to-Month,No,Electronic check,78.05,78.05,Yes
5640-CAXOA,Male,0,y,,,No,No phone service,Fiberoptic,No,No,No,Yes,No,Yes,Month-to-Month,Yes,Credit card (automatic),40.35,1187.05,No
2235-EZAIK,Female,0,y,No,72.0,Yes,Yes,Fiberoptic,Yes,Yes,Yes,Yes,Yes,No,2 year,No,Credit card (automatic),79.2,5401.9,No
3847-BAERP,FEMALE,0,YES,No,10.0,Yes,No,fiber,No internet service,No internet service,No internet service,No internet service,No internet service,No internet service,month to month,Yes,Mailed check,20.9,247,No
1196-AMORA,fe male,0,Yes,No,7.0,Yes,Yes,dsl,No,No,No,No,No,No,2 year,No,Electronic check,73.6,520,Yes
4282-YMKNA,fe male,0,y,No,9.0,Yes,Yes,fiber,No,No,No,No,No,No,2 year,Yes,Electronic check,74.75,706.6,Yes
1453-RZFON,FEMALE,0,y,Yes,1.0,Yes,No,fiber optic,Yes,No,No,No,No,No,month to month,No,Mailed check,49.9,49.9,No
8263-OKETD,m,0,YES,No,20.0,Yes,Yes,fiber optic,No,Yes,No,Yes,No,Yes,1 year,Yes,Credit card (automatic),,1370.35,No
0670-KDOMA,Male,0,No,No,1.0,Yes,No,Fiber Optic,No internet service,No internet service,No internet service,No internet service,No internet service,No internet service,month to month,,Mailed check,20.25,20.25,No
2476-YGEFM,Female,0,NO,No,29.0,Yes,Yes,Fiber Optic,No,No,No,No,No,No,Month-to-Month,,Credit card (automatic),76.0,2215.25,No
8687-BAFGU,Male,0,y,No,1.0,Yes,No,fiber optic,No,No,No,Yes,No,No,Two Year,No,Electronic check,74.0,74,No
0641-EVBOJ,Female,0,Yes,No,3.0,Yes,No,Fiber Optic,Yes,No,No,Yes,No,No,2 Year,Yes,Mailed check,82.3,214.4,No
0829-XXPLX,m,0,No,No,,Yes,No,Dsl,Yes,No,Yes,No,Yes,No,One Year,Yes,Bank transfer (automatic),89.4,1871.15,No
9974-JFBHQ,Female,0,y,Yes,64.0,Yes,No,fiber,No,Yes,No,Yes,Yes,Yes,month to month,Yes,Credit card (automatic),99.15,6171.2,No
5356-RHIPP,fe male,0,n,No,1.0,Yes,No,fiber,No internet service,No internet service,No internet service,No internet service,No internet service,No internet service,month to month,Yes,Mailed check,20.2,20.2,Yes
6624-JDRDS,f,0,y,No,6.0,No,No phone service,Fiberoptic,Yes,No,No,No,No,No,Two Year,No,Bank transfer (automatic),29.45,161.45,No
0608-JDVEC,fe male,0,NO,No,50.0,Yes,No,Fiberoptic,No internet service,No internet service,No internet service,No internet service,No internet service,No internet service,month to month,No,Electronic check,19.8,1013.2,No
9780-FKVVF,Male,0,YES,No,6.0,Yes,No,DSL,Yes,No,No,No,No,Yes,1 Year,Yes,Bank transfer (automatic),59.15,336.7,No
1919-RTPQD,Male,0,no,Yes,7.0,Yes,No,fiber,No,No,No,No,No,No,1 Year,No,Electronic check,44.75,333.65,No
5214-NLTIT,fe male,0,NO,Yes,72.0,Yes,Yes,fiber,No,No,Yes,No,No,Yes,1 year,Yes,Credit card (automatic),90.8,6511.8,No
3345-PBBFH,f,0,n,No,8.0,Yes,No,DSL,No,Yes,No,No,No,No,1 Year,Yes,Bank transfer (automatic),49.55,393.45,No
5055-BRMNE,m,0,NO,Yes,67.0,Yes,Yes,fiber optic,Yes,No,No,Yes,Yes,Yes,Two Year,No,Credit card (automatic),,7009.5,No
9189-JWSHV,FEMALE,1,NO,No,24.0,Yes,Yes,dsl,No,No,No,No,Yes,Yes,1 year,Yes,Electronic check,,2264.05,Yes
2190-PHBHR,Male,0,Yes,No,72.0,Yes,Yes,Dsl,Yes,Yes,No,No,No,Yes,1 Year,Yes,Credit card (automatic),94.45,6921.7,No
2650-GYRYL,Female,0,No,Yes,,Yes,No,fiber,No internet service,No internet service,No internet service,No internet service,No internet service,No internet service,One Year,Yes,Bank transfer (automatic),19.45,600.25,No
0746-JTRFU,fe male,0,Yes,No,2.0,No,No phone service,DSL,No,No,No,No,No,No,1 Year,,Electronic check,25.05,56.35,Yes
5208-FVQKB,f,0,no,No,,Yes,No,Dsl,Yes,Yes,No,Yes,No,Yes,2 Year,No,Mailed check,67.95,4664.15,No
7184-LRUUR,fe male,0,Yes,No,22.0,Yes,No,Fiber Optic,No,Yes,Yes,No,Yes,No,month to month,No,Bank transfer (automatic),65.25,1441.8,No
6627-CFOSN,f,0,y,No,59.0,Yes,Yes,Fiber Optic,Yes,Yes,Yes,No,No,Yes,One Year,Yes,Bank transfer (automatic),99.45,5623.7,No
3982-JGSFD,Male,0,y,No,36.0,Yes,No,Dsl,No internet service,No internet service,No internet service,No internet service,No internet service,No internet service,month to month,,Credit card (automatic),20.35,,No
1574-DYCWE,fe male,0,No,Yes,51.0,Yes,No,Fiber Optic,No internet service,No internet service,No internet service,No internet service,No internet service,No internet service,Month-to-Month,No,Mailed check,19.95,1028.75,No
7247-XOZPB,m,0,NO,,53.0,Yes,Yes,Dsl,Yes,No,Yes,Yes,Yes,No,month to month,No,Bank transfer (automatic),77.4,4155.95,No
2466-FCCPT,f,0,Yes,Yes,20.0,Yes,No,dsl,No internet service,No internet service,No internet service,No internet service,No internet service,No internet service,2 Year,No,Bank transfer (automatic),19.7,395.6,No
6211-WWLTF,Male,0,n,No,63.0,Yes,No,Dsl,Yes,No,Yes,No,Yes,Yes,Two Year,No,Credit card (automatic),99.7,6330.4,No
4826-TZEVA,FEMALE,0,Yes,No,40.0,Yes,No,fiber,No,Yes,No,No,No,No,One Year,No,Credit card (automatic),74.8,2971.7,No
6016-NXBNJ,Female,0,Yes,No,35.0,Yes,No,dsl,No internet service,No internet service,No internet service,No internet service,No internet service,No internet service,2 Year,Yes,Mailed check,19.15,638,No
9138-EFSMO,m,0,No,Yes,26.0,Yes,No,dsl,No,No,No,No,No,Yes,Month-to-Month,No,Bank transfer (automatic),78.95,2034.25,No
0576-WNXXC,fe male,1,y,No,27.0,Yes,Yes,Fiberoptic,No,Yes,Yes,No,No,Yes,1 Year,Yes,Electronic check,95.55,2510.2,Yes
4632-XJMEX,Male,0,Yes,Yes,53.0,Yes,No,fiber optic,Yes,Yes,No,Yes,No,No,month to month,No,Credit card (automatic),62.85,3419.5,No
8910-LEDAG,Male,1,y,,34.0,Yes,No,Fiber Optic,No,No,No,No,No,No,Two Year,No,Credit card (automatic),71.55,2427.35,No
3452-GWUIN,Male,1,Yes,No,19.0,Yes,Yes,Fiber Optic,No,No,No,No,Yes,Yes,1 Year,Yes,Electronic check,94.95,,No
2716-GFZOR,f,0,No,No,43.0,Yes,No,DSL,Yes,Yes,Yes,No,No,No,month to month,Yes,Credit card (automatic),86.1,3551.65,No
3724-UCSHY,fe male,0,n,Yes,6.0,Yes,No,dsl,No internet service,No internet service,No internet service,No internet service,No internet service,No internet service,1 year,No,Mailed check,19.55,122.9,No
8626-XHBIE,Male,0,n,Yes,56.0,Yes,Yes,Fiber Optic,No internet service,No internet service,No internet service,No internet service,No internet service,No internet service,2 year,Yes,Mailed check,24.8,1424.2,No
4628-CTTLA,FEMALE,0,Yes,No,57.0,No,No phone service,dsl,No,Yes,No,No,Yes,No,2 Year,Yes,Electronic check,,2111.45,Yes
3192-LNKRK,Male,0,n,Yes,34.0,Yes,No,fiber optic,No,No,Yes,No,Yes,No,1 year,Yes,Mailed check,,2909.95,No
4439-YRNVD,FEMALE,0,YES,No,10.0,No,No phone service,Fiberoptic,No,Yes,No,Yes,No,No,1 Year,No,Electronic check,36.25,374,No
2876-VBBBL,f,0,NO,No,1.0,Yes,No,fiber,No internet service,No internet service,No internet service,No internet service,No internet service,No internet service,month to month,Yes,Mailed check,20.25,20.25,Yes
6834-NXDCA,Female,0,n,No,13.0,No,No phone service,Fiber Optic,No,No,No,No,No,No,Month-to-Month,Yes,Electronic check,23.9,300.8,Yes
2208-UGTGR,f,0,no,No,56.0,Yes,Yes,DSL,No,Yes,No,No,Yes,Yes,Month-to-Month,No,Electronic check,98.6,5581.05,No
3005-TYFRD,Male,0,Yes,No,55.0,Yes,Yes,fiber optic,No,Yes,Yes,No,Yes,Yes,2 Year,Yes,Credit card (automatic),103.65,5676.65,No
8670-MEFCP,f,0,Yes,Yes,36.0,Yes,Yes,fiber,Yes,Yes,Yes,Yes,Yes,Yes,2 Year,Yes,Credit card (automatic),92.9,,No
3079-BCHLN,Male,0,No,No,47.0,Yes,No,dsl,No internet service,No internet service,No internet service,No internet service,No internet service,No internet service,2 year,No,Bank transfer (automatic),19.9,,No
7777-UNYHB,Male,0,YES,Yes,12.0,Yes,No,dsl,No internet service,No internet service,No internet service,No internet service,No internet service,No internet service,2 Year,Yes,Credit card (automatic),20.1,232.4,No
5597-GLBUC,f,0,No,No,1.0,Yes,No,Dsl,No,No,Yes,No,Yes,No,2 Year,Yes,Electronic check,85.45,85.45,Yes
7278-CKDNC,fe male,1,y,No,24.0,Yes,Yes,dsl,No,Yes,No,No,No,No,Two Year,Yes,Electronic check,80.5,2088.45,No
2748-MYRVK,Male,0,No,No,63.0,Yes,Yes,fiber optic,No,Yes,No,No,Yes,Yes,month to month,No,Bank transfer (automatic),99.9,6137,Yes
8450-UYIBU,Female,1,No,No,35.0,No,No phone service,dsl,No,No,Yes,No,Yes,No,Month-to-Month,Yes,Electronic check,,1434.6,No
2969-VAPYH,fe male,0,Yes,No,67.0,Yes,No,dsl,Yes,Yes,No,Yes,No,No,2 Year,No,Credit card (automatic),60.5,3870,No
4822-YCXMX,Male,0,NO,No,25.0,Yes,Yes,Fiber Optic,No,No,No,No,No,Yes,month to month,Yes,Electronic check,84.8,2043.45,Yes
7181-OQCUT,f,0,n,No,21.0,Yes,Yes,fiber optic,Yes,No,Yes,No,Yes,Yes,One Year,No,Mailed check,103.85,2215,No
8474-UMLNT,m,0,No,No,13.0,Yes,No,dsl,Yes,Yes,No,Yes,No,Yes,1 year,No,Bank transfer (automatic),67.8,842.25,No
9821-POOTN,Male,0,YES,No,35.0,Yes,Yes,dsl,No,No,No,No,No,No,Month-to-Month,Yes,Electronic check,75.2,2576.2,Yes
3836-FZSDJ,fe male,1,Yes,No,71.0,Yes,Yes,dsl,No internet service,No internet service,No internet service,No internet service,No internet service,No internet service,One Year,No,Bank transfer (automatic),24.85,1901,No
9142-XMYJH,Female,0,YES,No,29.0,Yes,No,fiber optic,No internet service,No internet service,No internet service,No internet service,No internet service,No internet service,2 Year,No,Credit card (automatic),19.35,601.6,No
6559-ILWKJ,Male,0,Yes,No,71.0,No,No phone service,fiber optic,No,Yes,No,No,Yes,Yes,month to month,,Electronic check,49.35,3515.25,Yes
0187-QSXOE,FEMALE,1,no,No,7.0,Yes,No,Dsl,No,No,No,No,Yes,Yes,2 year,Yes,Electronic check,89.0,605.45,No
7733-UDMTP,m,1,y,No,57.0,No,No phone service,fiber optic,No,Yes,Yes,No,Yes,Yes,1 year,Yes,Electronic check,55.0,3094.05,No
2649-HWLYB,Female,0,n,No,65.0,Yes,Yes,Dsl,Yes,No,Yes,Yes,No,Yes,2 year,No,Bank transfer (automatic),76.15,4929.55,No
5214-CHIWJ,Male,0,n,No,27.0,Yes,No,Fiber Optic,No internet service,No internet service,No internet service,No internet service,No internet service,No internet service,Two Year,No,Mailed check,20.3,595.05,No
4229-CZMLL,m,0,y,No,6.0,Yes,Yes,dsl,No,No,No,No,No,No,2 year,Yes,Electronic check,74.9,469.8,Yes
6904-JLBGY,m,1,no,,72.0,Yes,Yes,fiber optic,Yes,Yes,Yes,Yes,Yes,Yes,1 Year,,Credit card (automatic),117.35,8436.25,No
2465-BLLEU,fe male,0,No,No,1.0,Yes,No,Fiberoptic,No internet service,No internet service,No internet service,No internet service,No internet service,No internet service,Month-to-Month,Yes,Mailed check,19.75,19.75,No
1685-VAYJF,fe male,0,NO,No,11.0,Yes,No,fiber,No,No,No,No,No,No,Month-to-Month,No,Credit card (automatic),45.2,492,No
8874-EJNSR,Female,0,YES,Yes,39.0,Yes,Yes,Dsl,No internet service,No internet service,No internet service,No internet service,No internet service,No internet service,2 year,No,Mailed check,25.2,987.95,No
6917-YACBP,Female,1,n,No,59.0,Yes,Yes,dsl,Yes,Yes,Yes,No,No,No,Two Year,Yes,Electronic check,89.75,5496.9,No
5049-MUBWG,FEMALE,0,y,No,26.0,Yes,No,fiber,Yes,No,No,Yes,Yes,Yes,month to month,No,Bank transfer (automatic),75.0,1908.35,No
4223-WOZCM,Female,1,y,No,2.0,Yes,No,Dsl,No,No,Yes,No,No,No,1 year,No,Mailed check,,107.1,No
0769-MURVM,Male,0,YES,Yes,72.0,No,No phone service,Fiberoptic,Yes,Yes,Yes,Yes,Yes,Yes,2 Year,No,Bank transfer (automatic),65.7,4575.35,No
9253-VIFJQ,Male,0,Yes,No,65.0,Yes,Yes,Fiberoptic,Yes,Yes,Yes,No,No,No,Month-to-Month,No,Credit card (automatic),67.05,4309.55,No
7030-FZTFM,FEMALE,0,no,Yes,72.0,Yes,Yes,dsl,No,Yes,Yes,Yes,Yes,Yes,Month-to-Month,No,Credit card (automatic),110.9,7922.75,No
9741-YLNTD,f,0,NO,No,6.0,Yes,Yes,fiber optic,No,No,No,Yes,No,Yes,One Year,Yes,Bank transfer (automatic),87.95,522.35,No
5917-RYRMG,m,1,Yes,No,32.0,Yes,No,DSL,No internet service,No internet service,No internet service,No internet service,No internet service,No internet service,1 year,No,Credit card (automatic),19.8,587.7,No
5120-ZBLAI,FEMALE,0,Yes,No,50.0,Yes,Yes,fiber,No,No,Yes,No,Yes,Yes,2 Year,No,Bank transfer (automatic),75.7,3876.2,No
1194-BHJYC,Female,0,YES,No,61.0,No,No phone service,DSL,Yes,No,Yes,Yes,Yes,Yes,1 Year,Yes,Mailed check,62.15,3778.85,No
3663-MITLP,Female,0,Yes,No,15.0,Yes,No,fiber,No,Yes,Yes,No,Yes,Yes,month to month,Yes,Electronic check,101.25,1457.25,Yes
0906-QVPMS,Female,0,No,No,72.0,Yes,Yes,Fiber Optic,Yes,Yes,Yes,Yes,Yes,Yes,One Year,No,Bank transfer (automatic),115.15,8349.45,No
9025-ZRPVR,fe male,0,YES,No,9.0,Yes,No,Fiberoptic,No internet service,No internet service,No internet service,No internet service,No internet service,No internet service,1 year,Yes,Mailed check,18.95,,Yes
1905-OEILC,fe male,0,y,No,,Yes,No,fiber,No internet service,No internet service,No internet service,No internet service,No internet service,No internet service,1 year,,Mailed check,19.5,19.5,No
7858-GTZSP,FEMALE,0,No,No,12.0,Yes,Yes,fiber,No,No,No,No,No,Yes,2 year,Yes,Electronic check,86.55,1066.9,No
3285-UCQVC,fe male,0,Yes,No,37.0,No,No phone service,dsl,No,No,No,Yes,No,No,1 year,No,Credit card (automatic),28.6,,Yes
6248-BSHKG,m,0,No,Yes,61.0,Yes,No,fiber,No internet service,No internet service,No internet service,No internet service,No internet service,No internet service,1 Year,No,Mailed check,20.4,1226.45,No
4685-TFLLS,fe male,0,y,Yes,18.0,Yes,No,Fiberoptic,No internet service,No internet service,No internet service,No internet service,No internet service,No internet service,month to month,No,Bank transfer (automatic),19.8,342.3,No
3470-BTGQO,FEMALE,0,no,Yes,,Yes,No,Fiber Optic,No,No,No,No,No,No,2 year,No,Mailed check,45.65,985.05,No
1209-VFFOC,Male,0,No,Yes,68.0,No,No phone service,fiber,Yes,Yes,Yes,Yes,No,Yes,Two Year,Yes,Mailed check,56.4,3948.45,No
8224-DWCKX,Female,1,Yes,No,12.0,Yes,Yes,Fiberoptic,No,No,No,No,No,No,Month-to-Month,Yes,Credit card (automatic),73.3,828.05,No
5482-PLVPE,m,1,no,No,2.0,No,No phone service,Dsl,No,No,No,No,No,No,Month-to-Month,No,Electronic check,24.35,41.85,Yes
4553-DVPZG,Female,0,YES,No,62.0,Yes,Yes,Fiber Optic,No,No,Yes,No,Yes,Yes,One Year,,Electronic check,101.35,6164.7,No
4902-OHLSK,fe male,1,Yes,No,29.0,Yes,Yes,Fiberoptic,No,No,No,Yes,Yes,Yes,Month-to-Month,No,Electronic check,98.65,2862.75,Yes
6917-IAYHD,FEMALE,0,Yes,Yes,1.0,No,No phone service,fiber,No,Yes,No,Yes,No,No,1 year,No,Mailed check,33.6,,No
0495-ZBNGW,Female,1,Yes,No,5.0,Yes,Yes,dsl,No,No,Yes,No,No,No,1 Year,Yes,Bank transfer (automatic),79.9,343.95,Yes
8620-RJPZN,FEMALE,0,n,No,1.0,Yes,No,Fiber Optic,No internet service,No internet service,No internet service,No internet service,No internet service,No internet service,2 year,No,Electronic check,20.7,20.7,No
7572-KPVKK,FEMALE,0,y,Yes,62.0,Yes,Yes,Fiber Optic,No,No,Yes,Yes,Yes,Yes,One Year,Yes,Electronic check,104.05,6590.5,No
2642-MAWLJ,Male,0,y,Yes,36.0,Yes,No,Fiberoptic,No internet service,No internet service,No internet service,No internet service,No internet service,No internet service,2 Year,No,Bank transfer (automatic),20.25,717.95,No
2357-COQEK,Female,1,YES,No,28.0,Yes,Yes,Fiber Optic,No,No,Yes,Yes,Yes,Yes,1 year,Yes,Electronic check,103.3,2890.65,Yes
7103-ZGVNT,f,0,no,Yes,,Yes,Yes,DSL,Yes,Yes,No,Yes,Yes,No,Two Year,No,Credit card (automatic),73.7,4885.85,No
3737-GCSPV,Female,0,n,No,11.0,Yes,Yes,fiber,Yes,No,No,Yes,Yes,No,month to month,Yes,Credit card (automatic),,1222.05,Yes
2027-WKXMW,f,0,y,No,,Yes,Yes,Dsl,No,Yes,Yes,Yes,Yes,Yes,Two Year,Yes,Electronic check,108.75,6871.7,No
7137-NAXML,Male,0,y,No,23.0,Yes,No,Dsl,No internet service,No internet service,No internet service,No internet service,No internet service,No internet service,Month-to-Month,No,Bank transfer (automatic),20.15,405.6,No
2428-ZMCTB,fe male,0,YES,No,10.0,Yes,No,Fiber Optic,No internet service,No internet service,No internet service,No internet service,No internet service,No internet service,2 Year,No,Credit card (automatic),19.75,208.25,No
2961-VNFKL,m,0,n,No,71.0,Yes,Yes,DSL,No internet service,No internet service,No internet service,No internet service,No internet service,No internet service,month to month,Yes,Credit card (automatic),25.95,1801.9,No
1768-HNVGJ,FEMALE,1,Yes,No,45.0,Yes,Yes,fiber,Yes,No,No,Yes,No,Yes,One Year,Yes,Electronic check,70.05,,No
6963-KQYQB,f,0,YES,Yes,70.0,Yes,Yes,Fiber Optic,No internet service,No internet service,No internet service,No internet service,No internet service,No internet service,month to month,No,Mailed check,24.05,1764.75,No
5934-RMPOV,FEMALE,0,Yes,Yes,22.0,Yes,Yes,Dsl,No,No,No,No,No,Yes,2 year,Yes,Electronic check,,1816.75,No
1207-BLKSA,fe male,0,NO,,52.0,Yes,Yes,DSL,No internet service,No internet service,No internet service,No internet service,No internet service,No internet service,1 Year,No,Mailed check,23.05,1255.1,No
4088-YLDSU,Female,0,n,,55.0,Yes,Yes,Dsl,No,No,Yes,Yes,Yes,Yes,1 Year,Yes,Electronic check,104.15,5743.05,Yes
8316-BBQAY,Female,0,n,No,65.0,No,No phone service,DSL,Yes,No,Yes,Yes,Yes,Yes,1 year,No,Credit card (automatic),59.95,3921.1,No
1166-PQLGG,f,0,Yes,Yes,72.0,Yes,No,Fiber Optic,No internet service,No internet service,No internet service,No internet service,No internet service,No internet service,1 year,No,Bank transfer (automatic),19.55,1463.45,No
3146-JTQHR,Male,0,n,No,10.0,Yes,No,Dsl,No internet service,No internet service,No internet service,No internet service,No internet service,No internet service,month to month,No,Bank transfer (automatic),19.6,,No
4291-YZODP,Female,0,n,Yes,7.0,Yes,No,Dsl,No internet service,No internet service,No internet service,No internet service,No internet service,No internet service,Two Year,No,Mailed check,,96.8,No
4395-PZMSN,FEMALE,1,NO,No,5.0,Yes,No,Fiber Optic,No,Yes,No,No,No,Yes,month to month,Yes,Electronic check,85.55,408.5,No
6427-FEFIG,Female,0,No,Yes,24.0,Yes,Yes,fiber,Yes,No,Yes,No,Yes,Yes,Month-to-Month,No,Credit card (automatic),78.6,1846.65,No
0017-IUDMW,fe male,0,No,Yes,,Yes,Yes,Dsl,Yes,Yes,Yes,Yes,Yes,Yes,2 year,Yes,Credit card (automatic),116.8,8456.75,No
8706-HRADD,m,0,n,No,21.0,No,No phone service,DSL,Yes,No,No,Yes,Yes,No,One Year,Yes,Mailed check,43.55,1011.5,No
9955-QOPOY,Male,0,no,,69.0,No,No phone service,fiber,No,Yes,Yes,Yes,Yes,Yes,1 year,Yes,Credit card (automatic),60.8,4263.4,No
4385-ZKVNW,Male,0,y,Yes,44.0,Yes,No,fiber optic,No,Yes,No,Yes,No,No,Two Year,Yes,Bank transfer (automatic),54.9,2549.1,No
5446-DKWYW,fe male,1,Yes,Yes,61.0,Yes,Yes,Dsl,No,No,Yes,No,Yes,No,2 year,Yes,Electronic check,65.2,3965.05,No
2034-CGRHZ,f,1,No,No,24.0,Yes,Yes,Fiberoptic,No,Yes,Yes,No,Yes,Yes,Two Year,Yes,Credit card (automatic),102.95,2496.7,Yes
5797-APWZC,Male,0,n,No,1.0,Yes,No,fiber,No,No,No,No,Yes,Yes,1 Year,No,Electronic check,90.6,90.6,Yes
3683-QKIUE,Female,0,Yes,,6.0,Yes,No,Fiberoptic,No,No,No,Yes,No,No,2 year,Yes,Bank transfer (automatic),50.8,288.05,Yes
4228-ZGYUW,Female,0,no,No,4.0,Yes,Yes,fiber,No,Yes,No,No,No,Yes,Two Year,Yes,Electronic check,90.05,368.1,Yes
9031-ZVQPT,Male,0,n,No,72.0,Yes,Yes,fiber optic,No,Yes,Yes,Yes,Yes,Yes,Month-to-Month,Yes,Electronic check,108.2,7840.6,No
2990-IAJSV,f,0,NO,No,72.0,Yes,Yes,dsl,Yes,Yes,Yes,Yes,Yes,Yes,Month-to-Month,No,Bank transfer (automatic),92.0,6632.75,No
8107-KNCIM,fe male,1,no,No,14.0,Yes,Yes,Fiberoptic,No,No,No,No,No,No,Two Year,Yes,Electronic check,75.1,1013.35,No
9027-YFHQJ,Male,0,YES,No,7.0,Yes,Yes,Fiber Optic,No internet service,No internet service,No internet service,No internet service,No internet service,No internet service,Two Year,Yes,Bank transfer (automatic),25.05,152.95,No
5176-LDKUH,m,0,NO,No,48.0,Yes,No,Fiber Optic,No,Yes,No,No,No,No,Month-to-Month,No,Electronic check,75.15,3772.65,No
4644-OBGFZ,m,0,NO,,55.0,Yes,No,fiber optic,No internet service,No internet service,No internet service,No internet service,No internet service,No internet service,Month-to-Month,No,Mailed check,19.5,1026.35,No
7926-IJOOU,f,0,NO,No,1.0,Yes,No,fiber optic,No internet service,No internet service,No internet service,No internet service,No internet service,No internet service,2 Year,No,Credit card (automatic),19.3,19.3,No
6480-YAGIY,Male,0,n,No,45.0,Yes,No,fiber optic,Yes,Yes,Yes,Yes,Yes,Yes,Two Year,No,Credit card (automatic),112.2,5031.85,No
4029-HPFVY,f,0,No,No,3.0,Yes,No,Fiberoptic,No,No,No,No,No,No,One Year,Yes,Mailed check,70.3,220.4,No
7602-DBTOU,m,0,y,No,71.0,Yes,No,Fiberoptic,No internet service,No internet service,No internet service,No internet service,No internet service,No internet service,1 Year,No,Mailed check,19.6,1416.5,No
5345-BMKWB,f,0,no,No,8.0,Yes,No,DSL,No internet service,No internet service,No internet service,No internet service,No internet service,No internet service,1 Year,No,Mailed check,20.25,158.35,No
3519-ZKXGG,fe male,0,n,No,3.0,Yes,Yes,Fiber Optic,No,No,No,No,No,No,Two Year,Yes,Electronic check,75.85,256.6,Yes
5457-COLHT,f,0,no,Yes,69.0,Yes,No,Fiberoptic,Yes,Yes,No,Yes,Yes,Yes,2 year,No,Bank transfer (automatic),80.65,5542.55,No
6416-TVAIH,m,0,Yes,Yes,1.0,Yes,No,Dsl,No,No,No,No,No,No,2 Year,Yes,Electronic check,68.5,68.5,Yes
5451-YHYPW,fe male,1,No,No,72.0,Yes,Yes,fiber optic,Yes,Yes,Yes,Yes,Yes,Yes,month to month,Yes,Credit card (automatic),115.75,8443.7,No
5108-ADXWO,Female,0,YES,No,11.0,Yes,No,fiber optic,Yes,No,No,No,No,No,Two Year,Yes,Electronic check,73.5,791.75,Yes
7998-WNZEM,Female,0,YES,No,71.0,Yes,Yes,fiber optic,Yes,Yes,Yes,Yes,No,Yes,2 year,No,Bank transfer (automatic),80.6,5708.2,No
3066-RRJIO,Female,0,n,No,1.0,Yes,No,fiber optic,No,No,No,No,No,No,Two Year,Yes,Mailed check,69.95,69.95,Yes
4664-NJCMS,FEMALE,0,y,,33.0,No,No phone service,Dsl,Yes,No,Yes,Yes,Yes,Yes,2 year,No,Bank transfer (automatic),59.55,2016.3,No
0307-BCOPK,fe male,0,y,No,16.0,Yes,No,Fiber Optic,No internet service,No internet service,No internet service,No internet service,No internet service,No internet service,One Year,No,Mailed check,19.05,326.65,No
7629-WFGLW,m,1,Yes,No,56.0,Yes,Yes,dsl,Yes,Yes,Yes,Yes,No,No,month to month,No,Electronic check,95.65,5471.75,No
2542-HYGIQ,m,0,no,No,,Yes,No,Fiber Optic,No internet service,No internet service,No internet service,No internet service,No internet service,No internet service,2 year,No,Credit card (automatic),19.95,19.95,No
6715-OFDBP,f,0,Yes,No,5.0,Yes,No,fiber optic,No,No,Yes,No,Yes,Yes,month to month,,Electronic check,70.05,346.4,Yes
5016-LIPDW,FEMALE,0,No,Yes,57.0,Yes,No,Fiber Optic,No internet service,No internet service,No internet service,No internet service,No internet service,No internet service,One Year,No,Mailed check,19.4,1061.6,No
6481-LXPWL,Male,0,Yes,,56.0,No,No phone service,Fiberoptic,No,Yes,Yes,No,No,No,2 year,Yes,Credit card (automatic),36.1,1971.5,No
1567-DSCIC,FEMALE,0,n,No,8.0,Yes,Yes,fiber optic,No,Yes,Yes,No,Yes,No,Two Year,Yes,Electronic check,94.0,773.65,Yes
2150-UWTFY,f,0,YES,Yes,22.0,Yes,No,fiber,Yes,Yes,Yes,No,No,No,2 Year,No,Mailed check,61.15,1422.05,Yes
6124-ACRHJ,Male,0,YES,No,1.0,Yes,No,Dsl,No internet service,No internet service,No internet service,No internet service,No internet service,No internet service,2 year,,Mailed check,19.75,19.75,No
9362-MWODR,f,0,YES,Yes,40.0,Yes,No,fiber,Yes,No,No,Yes,Yes,No,2 year,Yes,Credit card (automatic),64.1,,No
9975-GPKZU,Male,0,No,Yes,46.0,Yes,No,dsl,No internet service,No internet service,No internet service,No internet service,No internet service,No internet service,2 year,No,Credit card (automatic),19.75,856.5,No
9625-RZFUK,Male,0,n,Yes,63.0,Yes,No,fiber optic,No internet service,No internet service,No internet service,No internet service,No internet service,No internet service,One Year,No,Mailed check,19.7,1275.85,No
5153-LXKDT,f,0,no,Yes,68.0,Yes,Yes,dsl,Yes,Yes,Yes,No,Yes,Yes,1 year,Yes,Electronic check,110.2,7467.5,No
5161-UBZXI,Male,0,YES,Yes,69.0,Yes,No,DSL,Yes,Yes,No,Yes,Yes,Yes,2 Year,Yes,Credit card (automatic),106.35,,No
1020-JPQOW,Male,0,y,No,,Yes,Yes,fiber optic,No,Yes,Yes,Yes,No,No,One Year,No,Electronic check,90.55,5116.6,No
7919-ZODZZ,FEMALE,0,YES,Yes,10.0,Yes,No,DSL,No,Yes,Yes,No,No,Yes,1 Year,Yes,Mailed check,65.9,660.05,No
0565-JUPYD,fe male,0,no,No,,Yes,Yes,DSL,Yes,Yes,Yes,Yes,Yes,No,1 year,No,Credit card (automatic),104.5,6590.8,No
6867-ACCZI,Male,0,NO,Yes,24.0,No,No phone service,dsl,Yes,Yes,Yes,Yes,No,Yes,1 year,,Mailed check,,1208.15,No
5939-XAIXZ,fe male,0,Yes,No,19.0,Yes,Yes,DSL,No,No,Yes,No,No,No,1 year,Yes,Mailed check,56.1,1033.9,No
9054-FOWNV,Male,0,No,Yes,22.0,Yes,Yes,Fiber Optic,No,No,Yes,No,Yes,No,1 year,Yes,Electronic check,88.75,1885.15,No
2683-BPJSO,Male,0,y,No,29.0,Yes,Yes,Fiber Optic,Yes,Yes,No,No,No,No,2 Year,Yes,Electronic check,84.45,,Yes
2157-MXBJS,fe male,0,NO,No,13.0,Yes,Yes,dsl,No,No,Yes,No,Yes,Yes,1 year,Yes,Mailed check,75.3,989.45,Yes
8207-VVMYB,Male,0,n,No,70.0,Yes,Yes,dsl,No internet service,No internet service,No internet service,No internet service,No internet service,No internet service,1 year,Yes,Bank transfer (automatic),26.0,2006.95,No
9732-EQMWY,Male,0,y,No,49.0,Yes,No,Dsl,No,Yes,Yes,No,Yes,Yes,2 Year,No,Electronic check,99.4,5025,No
9360-AHGNL,f,1,y,No,43.0,Yes,Yes,fiber optic,Yes,No,Yes,Yes,Yes,Yes,2 year,Yes,Mailed check,,4830.25,Yes
1087-UDSIH,Female,0,n,No,3.0,Yes,No,DSL,No internet service,No internet service,No internet service,No internet service,No internet service,No internet service,Month-to-Month,Yes,Mailed check,19.6,,Yes
5269-NRGDP,m,0,YES,Yes,42.0,Yes,No,fiber optic,No,No,Yes,Yes,Yes,Yes,Month-to-Month,No,Electronic check,73.15,3088.25,No
6195-MELTI,fe male,0,no,No,57.0,Yes,No,Fiber Optic,No,Yes,No,Yes,No,No,Month-to-Month,Yes,Mailed check,54.65,3134.7,No
5485-WUYWF,fe male,1,y,No,2.0,Yes,No,Fiberoptic,Yes,No,Yes,No,Yes,No,1 Year,No,Bank transfer (automatic),66.4,94.55,Yes
2121-JAFOM,m,0,NO,No,72.0,Yes,Yes,fiber optic,Yes,Yes,Yes,Yes,Yes,Yes,Month-to-Month,Yes,Credit card (automatic),115.55,8312.4,No
8818-DOPVL,FEMALE,1,y,No,46.0,Yes,Yes,fiber,No,Yes,Yes,No,Yes,Yes,Month-to-Month,Yes,Electronic check,,4863.85,No
2632-UCGVD,FEMALE,1,n,No,66.0,Yes,Yes,Dsl,No,No,No,Yes,Yes,Yes,month to month,Yes,Credit card (automatic),100.05,6871.9,Yes
5445-PZWGX,FEMALE,0,YES,,62.0,Yes,Yes,dsl,Yes,Yes,No,Yes,No,Yes,Two Year,No,Electronic check,,6529.25,Yes
1227-UDMZR,fe male,0,Yes,No,72.0,Yes,Yes,dsl,Yes,Yes,Yes,Yes,Yes,Yes,Two Year,Yes,Bank transfer (automatic),91.15,6637.9,No
5198-HQAEN,FEMALE,0,YES,,35.0,Yes,No,DSL,No,Yes,No,Yes,Yes,No,One Year,Yes,Electronic check,89.7,3165.6,No
9170-CCKOU,Male,0,YES,No,17.0,Yes,Yes,Fiberoptic,Yes,Yes,Yes,No,No,No,2 year,No,Credit card (automatic),90.2,1454.15,Yes
2167-FQSTQ,m,0,NO,No,72.0,Yes,Yes,fiber,Yes,Yes,Yes,Yes,Yes,Yes,2 Year,Yes,Electronic check,92.4,6786.1,No
2819-GWENI,FEMALE,0,NO,Yes,28.0,Yes,No,fiber optic,No internet service,No internet service,No internet service,No internet service,No internet service,No internet service,One Year,No,Mailed check,19.9,,No
1043-YCUTE,Male,0,Yes,No,56.0,Yes,Yes,fiber optic,No internet service,No internet service,No internet service,No internet service,No internet service,No internet service,1 Year,Yes,Credit card (automatic),25.15,1327.15,Yes
3814-MLAXC,FEMALE,0,n,No,31.0,Yes,Yes,Dsl,No,No,No,Yes,No,No,month to month,Yes,Credit card (automatic),79.85,2404.15,Yes
3572-UUHRS,fe male,0,No,No,45.0,Yes,No,Fiberoptic,No internet service,No internet service,No internet service,No internet service,No internet service,No internet service,Month-to-Month,No,Bank transfer (automatic),18.85,867.3,No
2692-PFYTJ,Male,0,NO,No,1.0,Yes,Yes,Dsl,No internet service,No internet service,No internet service,No internet service,No internet service,No internet service,1 year,,Mailed check,25.75,25.75,No
1226-UDFZR,FEMALE,0,NO,No,2.0,Yes,No,dsl,No,Yes,No,No,No,No,1 year,Yes,Mailed check,49.6,114.7,Yes
5955-EPOAZ,Male,0,No,No,,Yes,No,dsl,No internet service,No internet service,No internet service,No internet service,No internet service,No internet service,1 year,Yes,Mailed check,20.95,109.5,No
6821-JPCDC,FEMALE,0,Yes,No,48.0,Yes,No,Dsl,No,Yes,Yes,No,Yes,Yes,One Year,Yes,Electronic check,97.05,4692.95,No
8815-LMFLX,FEMALE,0,y,Yes,25.0,Yes,Yes,Dsl,No internet service,No internet service,No internet service,No internet service,No internet service,No internet service,2 Year,Yes,Bank transfer (automatic),25.4,546.85,No
9135-HSWOC,Male,0,NO,Yes,,Yes,No,DSL,No internet service,No internet service,No internet service,No internet service,No internet service,No internet service,Two Year,Yes,Bank transfer (automatic),19.7,1274.05,No
8582-KRHPJ,Female,0,Yes,No,50.0,No,No phone service,dsl,Yes,Yes,No,No,No,No,2 year,Yes,Mailed check,35.0,1782.4,No
5811-IWXYM,m,0,no,,52.0,Yes,Yes,DSL,No,No,Yes,No,Yes,Yes,2 year,No,Bank transfer (automatic),101.25,5301.1,No
7044-YAACC,Male,1,Yes,No,4.0,Yes,No,dsl,No,No,No,No,No,No,1 year,Yes,Electronic check,70.2,280.35,No
8189-XRIKE,Male,1,Yes,No,32.0,Yes,No,fiber optic,No,No,No,No,Yes,Yes,One Year,No,Electronic check,90.95,2897.95,No
1506-YJTYT,fe male,0,No,Yes,45.0,Yes,Yes,Fiber Optic,Yes,Yes,No,Yes,Yes,No,1 Year,No,Credit card (automatic),,3371,No
4123-DVHPH,Male,0,Yes,,9.0,Yes,Yes,fiber,Yes,No,No,No,No,Yes,month to month,Yes,Electronic check,88.05,801.3,No
6425-YQLLO,Female,1,no,No,66.0,Yes,Yes,Fiberoptic,No,No,Yes,Yes,Yes,Yes,1 Year,Yes,Credit card (automatic),,6975.25,Yes
5442-UTCVD,Male,0,y,Yes,3.0,Yes,Yes,Fiberoptic,No,No,Yes,No,No,Yes,Month-to-Month,No,Electronic check,,257.05,Yes
2228-BZDEE,Male,0,no,No,,Yes,No,Fiberoptic,No internet service,No internet service,No internet service,No internet service,No internet service,No internet service,2 year,No,Mailed check,20.1,1079.45,No
7734-DBOAI,Male,0,Yes,Yes,1.0,No,No phone service,Fiberoptic,No,No,No,Yes,Yes,No,One Year,No,Electronic check,40.1,40.1,Yes
2789-CZANW,fe male,0,no,Yes,64.0,Yes,Yes,Fiber Optic,Yes,Yes,No,Yes,Yes,Yes,2 year,No,Bank transfer (automatic),110.3,6997.3,No
2091-RFFBA,fe male,1,No,No,31.0,Yes,Yes,Fiber Optic,No,No,No,No,No,No,Month-to-Month,Yes,Electronic check,73.9,2217.15,Yes
2114-MGINA,FEMALE,0,Yes,No,14.0,Yes,No,DSL,No,No,No,No,Yes,Yes,Month-to-Month,Yes,Mailed check,89.8,1129.1,Yes
7596-LDUXP,Male,0,YES,No,12.0,Yes,No,Dsl,Yes,No,No,No,Yes,No,1 year,Yes,Credit card (automatic),85.15,979.05,No
3740-RLMVT,fe male,1,No,No,67.0,Yes,No,Fiberoptic,Yes,Yes,No,Yes,No,No,Two Year,Yes,Bank transfer (automatic),60.95,4119.4,No
4489-SNOJF,m,0,y,Yes,35.0,Yes,Yes,Dsl,Yes,No,Yes,Yes,Yes,No,Month-to-Month,No,Electronic check,72.25,2568.55,Yes
2192-OZITF,m,0,NO,No,45.0,Yes,Yes,DSL,Yes,No,No,Yes,No,Yes,One Year,No,Mailed check,73.55,3349.1,No
5651-CPDND,Male,0,n,No,10.0,Yes,No,Fiber Optic,No,No,No,No,No,No,2 Year,No,Mailed check,46.0,492.1,No
2186-QZEYA,FEMALE,1,YES,,29.0,Yes,Yes,DSL,Yes,Yes,No,No,No,No,One Year,Yes,Bank transfer (automatic),58.55,,No
1131-ALZWV,FEMALE,0,y,No,24.0,Yes,Yes,Fiber Optic,No internet service,No internet service,No internet service,No internet service,No internet service,No internet service,month to month,No,Bank transfer (automatic),,605.25,No
7729-XBTWX,f,0,YES,Yes,66.0,Yes,No,dsl,No internet service,No internet service,No internet service,No internet service,No internet service,No internet service,One Year,Yes,Mailed check,19.75,1344.5,No
9134-WYRVP,fe male,0,n,No,51.0,Yes,No,Fiberoptic,Yes,No,No,No,Yes,No,1 year,No,Mailed check,86.35,4267.15,No
3284-SVCRO,Female,0,no,No,45.0,Yes,Yes,fiber optic,No internet service,No internet service,No internet service,No internet service,No internet service,No internet service,Two Year,No,Mailed check,25.5,1121.05,No
9732-OUYRN,f,0,YES,No,49.0,Yes,No,Fiberoptic,No internet service,No internet service,No internet service,No internet service,No internet service,No internet service,1 year,No,Credit card (automatic),19.0,918.7,No
0559-CKHUS,f,0,NO,No,29.0,Yes,No,Fiberoptic,No internet service,No internet service,No internet service,No internet service,No internet service,No internet service,month to month,Yes,Mailed check,19.55,521.8,No
2931-SVLTV,m,0,Yes,Yes,40.0,Yes,Yes,Fiberoptic,Yes,Yes,No,Yes,Yes,Yes,Month-to-Month,Yes,Credit card (automatic),110.1,4469.1,No
6899-PPEEA,f,1,Yes,No,37.0,Yes,Yes,dsl,No,No,No,No,Yes,Yes,month to month,Yes,Electronic check,96.55,3580.3,Yes
7504-UWHNB,Male,0,no,No,25.0,Yes,No,DSL,No,No,No,No,No,No,Month-to-Month,No,Electronic check,69.75,1729.35,No
2582-FFFZR,Male,0,No,No,22.0,No,No phone service,DSL,No,No,Yes,No,Yes,Yes,2 year,Yes,Electronic check,50.6,1073.3,No
8908-NMQTX,Male,0,n,,72.0,No,No phone service,Dsl,Yes,Yes,Yes,Yes,Yes,Yes,1 year,Yes,Bank transfer (automatic),65.6,4566.5,No
2187-LZGPL,FEMALE,0,No,No,7.0,No,No phone service,Dsl,No,Yes,No,No,No,Yes,month to month,Yes,Credit card (automatic),40.1,293.3,Yes
1431-AIDJQ,Female,0,YES,Yes,33.0,Yes,No,fiber,No,Yes,Yes,Yes,Yes,Yes,month to month,No,Credit card (automatic),82.1,2603.1,No
6288-LBEAR,f,0,YES,No,23.0,Yes,No,Fiberoptic,No,Yes,No,Yes,No,No,2 year,Yes,Mailed check,79.1,1783.75,No
4597-NUCQV,Female,1,Yes,No,24.0,Yes,Yes,DSL,No,Yes,No,No,Yes,Yes,2 Year,Yes,Electronic check,101.25,2440.15,Yes
9019-QVLZD,Male,0,YES,No,1.0,Yes,No,fiber,No,No,No,No,Yes,No,month to month,No,Electronic check,79.55,79.55,Yes
8413-YNHNV,Male,0,y,No,69.0,Yes,Yes,fiber,Yes,Yes,Yes,Yes,Yes,Yes,Two Year,No,Mailed check,90.65,6322.1,No
5808-TOTXO,m,0,no,Yes,,Yes,No,Fiber Optic,No internet service,No internet service,No internet service,No internet service,No internet service,No internet service,Month-to-Month,Yes,Credit card (automatic),20.55,57.4,No
4369-NYSCF,Female,0,YES,No,56.0,Yes,No,Fiber Optic,No,Yes,No,Yes,Yes,Yes,month to month,Yes,Bank transfer (automatic),75.75,4284.65,No
6333-YDVLT,FEMALE,0,no,No,65.0,Yes,Yes,fiber,Yes,No,Yes,Yes,Yes,Yes,2 year,Yes,Credit card (automatic),110.0,,No
5324-KTGCG,FEMALE,0,YES,No,71.0,Yes,No,Fiberoptic,No internet service,No internet service,No internet service,No internet service,No internet service,No internet service,One Year,No,Electronic check,20.85,1539.75,No
5599-HVLTW,Male,1,No,No,14.0,Yes,Yes,Dsl,No,No,Yes,No,No,No,2 year,Yes,Bank transfer (automatic),80.35,1058.1,No
7394-LWLYN,Female,0,Yes,No,2.0,Yes,No,dsl,No,No,No,No,No,No,1 Year,Yes,Electronic check,70.15,123.8,No
3707-LRWZD,fe male,0,YES,No,32.0,Yes,Yes,fiber,No,No,No,No,Yes,No,2 year,No,Electronic check,84.05,2781.85,Yes
6873-UDNLD,m,0,no,No,40.0,Yes,No,Fiberoptic,Yes,No,Yes,No,No,Yes,One Year,No,Electronic check,,2731,No
2700-LUEVA,Male,0,No,No,1.0,Yes,No,Fiberoptic,No internet service,No internet service,No internet service,No internet service,No internet service,No internet service,month to month,No,Credit card (automatic),20.75,20.75,No
1455-ESIQH,FEMALE,0,Yes,No,1.0,Yes,No,DSL,No,No,No,No,Yes,Yes,2 Year,Yes,Electronic check,89.1,89.1,Yes
0958-YHXGP,Female,0,Yes,No,7.0,Yes,No,Fiberoptic,No,No,No,No,No,No,Two Year,Yes,Mailed check,69.9,,No
1101-SSWAG,Male,0,NO,No,15.0,Yes,Yes,Fiber Optic,No,No,No,No,No,No,1 year,Yes,Electronic check,51.1,,No
2979-SXESE,Male,0,y,,17.0,Yes,Yes,dsl,Yes,No,Yes,No,Yes,No,month to month,No,Electronic check,,1607.2,Yes
4013-TLDHQ,Male,0,YES,No,19.0,Yes,No,Fiberoptic,No,Yes,Yes,No,No,No,2 Year,Yes,Electronic check,78.25,1490.95,Yes
5743-KHMNA,fe male,0,No,No,71.0,Yes,Yes,Fiberoptic,No internet service,No internet service,No internet service,No internet service,No internet service,No internet service,Two Year,No,Bank transfer (automatic),25.55,,No
4194-FJARJ,fe male,0,no,Yes,54.0,Yes,Yes,fiber optic,Yes,No,No,Yes,No,No,One Year,No,Bank transfer (automatic),60.0,3273.95,No
5325-UWTWJ,Male,0,Yes,No,,Yes,Yes,fiber,Yes,Yes,No,Yes,No,No,2 year,Yes,Credit card (automatic),90.55,2929.75,No
3969-GYXEL,f,0,NO,No,11.0,Yes,No,Dsl,Yes,No,No,No,No,No,2 year,No,Electronic check,76.4,838.7,No
9208-OLGAQ,f,1,No,No,18.0,Yes,No,Fiberoptic,No,No,Yes,No,No,Yes,1 Year,Yes,Electronic check,84.95,1443.65,No
3244-CQPHU,Male,1,YES,No,72.0,Yes,Yes,fiber optic,Yes,Yes,No,Yes,Yes,Yes,month to month,Yes,Bank transfer (automatic),110.1,7746.7,No
2674-MLXMN,fe male,1,No,No,,Yes,Yes,Fiber Optic,No,Yes,No,No,Yes,Yes,month to month,Yes,Credit card (automatic),99.65,6951.15,No
9708-HPXWZ,m,1,y,No,5.0,No,No phone service,Dsl,No,No,Yes,Yes,Yes,No,2 year,No,Credit card (automatic),45.4,214.75,No
6992-TKNYO,Female,0,No,No,38.0,Yes,Yes,Fiberoptic,No,No,Yes,Yes,No,Yes,1 year,No,Credit card (automatic),69.0,2669.45,No
4468-YDOVK,Female,0,no,Yes,5.0,Yes,No,fiber optic,No,No,No,Yes,No,No,2 Year,Yes,Bank transfer (automatic),48.65,235.2,No
3754-DXMRT,fe male,1,Yes,No,2.0,Yes,No,fiber optic,No,No,No,No,No,No,1 year,Yes,Electronic check,44.15,92.65,Yes
5792-JALQC,Female,1,NO,No,52.0,Yes,Yes,Fiber Optic,Yes,No,Yes,No,No,No,2 Year,No,Bank transfer (automatic),59.85,3103.25,No
7130-VTEWQ,f,1,Yes,No,8.0,Yes,Yes,Fiber Optic,No,No,No,No,No,No,month to month,Yes,Electronic check,75.75,,Yes
2200-DSAAL,Male,0,Yes,No,68.0,Yes,Yes,fiber,No,Yes,Yes,No,Yes,Yes,2 year,Yes,Electronic check,80.65,5330.2,No
4302-ZYFEL,Male,0,no,Yes,69.0,Yes,No,DSL,No internet service,No internet service,No internet service,No internet service,No internet service,No internet service,1 year,Yes,Credit card (automatic),20.55,1403.1,No
9351-LZYGF,m,0,y,No,42.0,Yes,Yes,fiber optic,Yes,Yes,No,Yes,No,No,2 year,Yes,Credit card (automatic),66.4,2727.8,No
4366-CTOUZ,fe male,0,NO,No,50.0,Yes,No,Fiberoptic,No,Yes,No,Yes,Yes,Yes,2 Year,Yes,Mailed check,100.2,5038.45,No
6121-VZNQB,fe male,0,NO,No,1.0,Yes,No,dsl,No internet service,No internet service,No internet service,No internet service,No internet service,No internet service,1 year,Yes,Mailed check,19.1,19.1,Yes
7903-CMPEY,f,1,YES,No,1.0,Yes,Yes,fiber,Yes,No,No,No,No,No,month to month,Yes,Electronic check,80.3,80.3,Yes
1518-OMDIK,Male,0,NO,No,33.0,Yes,No,Fiberoptic,No,No,No,No,No,No,Two Year,Yes,Credit card (automatic),44.55,1462.6,No
6671-NGWON,f,0,n,No,7.0,Yes,No,dsl,No internet service,No internet service,No internet service,No internet service,No internet service,No internet service,1 Year,No,Mailed check,20.35,,No
0595-ITUDF,Male,0,No,Yes,64.0,Yes,Yes,DSL,Yes,Yes,Yes,No,No,No,2 year,Yes,Electronic check,91.8,5960.5,No
6996-KNSML,Female,0,y,No,1.0,Yes,No,Dsl,No,No,Yes,No,No,No,One Year,Yes,Electronic check,74.9,74.9,Yes
1955-IBMMB,Male,0,no,,59.0,Yes,No,Fiber Optic,No internet service,No internet service,No internet service,No internet service,No internet service,No internet service,1 Year,Yes,Bank transfer (automatic),20.2,1192.3,No
0096-BXERS,fe male,0,YES,No,6.0,Yes,Yes,fiber,No,No,No,No,No,No,1 year,No,Electronic check,50.35,314.55,No
3806-YAZOV,Male,0,No,No,3.0,Yes,No,Dsl,No internet service,No internet service,No internet service,No internet service,No internet service,No internet service,1 Year,No,Mailed check,18.8,,No
7998-ZLXWN,f,0,no,No,15.0,Yes,No,Fiberoptic,No internet service,No internet service,No internet service,No internet service,No internet service,No internet service,One Year,,Credit card (automatic),20.45,330.8,No
6253-WRFHY,m,0,NO,Yes,,Yes,No,fiber optic,No,No,No,No,Yes,Yes,2 Year,Yes,Electronic check,64.75,877.35,No
9133-AYJZG,Male,0,Yes,No,23.0,Yes,Yes,Fiber Optic,No,Yes,No,No,Yes,Yes,Two Year,Yes,Credit card (automatic),98.7,2249.1,No
2675-OTVVJ,Male,1,y,No,31.0,Yes,Yes,dsl,Yes,No,No,No,Yes,No,1 Year,No,Electronic check,89.45,2807.65,No
8680-CGLTP,Female,0,NO,No,29.0,Yes,No,dsl,Yes,Yes,No,Yes,No,No,Month-to-Month,Yes,Electronic check,58.75,1696.2,No
8430-TWCBX,fe male,0,n,No,49.0,Yes,No,fiber optic,No internet service,No internet service,No internet service,No internet service,No internet service,No internet service,Month-to-Month,No,Credit card (automatic),20.7,1032.05,No
5018-GWURO,Female,0,No,No,56.0,Yes,Yes,fiber,No,No,No,No,Yes,No,1 year,Yes,Bank transfer (automatic),85.6,4902.8,No
6741-QRLUP,Male,0,YES,No,,Yes,Yes,dsl,Yes,Yes,Yes,Yes,No,Yes,2 year,Yes,Credit card (automatic),80.3,4995.35,No
4737-HOBAX,fe male,0,No,No,63.0,Yes,Yes,Dsl,No,No,Yes,Yes,Yes,Yes,Month-to-Month,No,Credit card (automatic),79.8,5034.05,No
0537-QYZZN,FEMALE,1,y,Yes,24.0,Yes,Yes,fiber optic,Yes,No,No,No,No,No,month to month,Yes,Electronic check,79.85,1857.75,No
3340-QBBFM,Male,1,no,No,36.0,Yes,No,fiber,No,No,Yes,Yes,No,No,One Year,No,Credit card (automatic),54.1,1992.85,No
1704-NRWYE,Male,1,n,No,9.0,Yes,No,Fiber Optic,No,No,No,No,Yes,No,Month-to-Month,Yes,Electronic check,80.85,751.65,Yes
2592-SEIFQ,fe male,0,YES,,3.0,No,No phone service,fiber,No,No,No,No,No,No,2 Year,No,Electronic check,24.75,66.95,Yes
8200-KLNYW,fe male,0,Yes,No,21.0,Yes,No,Fiberoptic,Yes,No,Yes,Yes,Yes,Yes,month to month,No,Mailed check,80.9,1714.95,No
3372-CDXFJ,f,0,NO,Yes,13.0,Yes,Yes,Dsl,No internet service,No internet service,No internet service,No internet service,No internet service,No internet service,One Year,No,Bank transfer (automatic),24.5,343.6,No
4781-ZXYGU,f,0,no,Yes,1.0,Yes,No,Fiber Optic,No internet service,No internet service,No internet service,No internet service,No internet service,No internet service,2 year,Yes,Bank transfer (automatic),20.15,20.15,No
7632-YUTXB,Male,0,No,Yes,25.0,Yes,No,Fiber Optic,No internet service,No internet service,No internet service,No internet service,No internet service,No internet service,month to month,No,Mailed check,20.05,520.1,No
2718-YSKCS,f,0,NO,Yes,71.0,Yes,No,fiber optic,No internet service,No internet service,No internet service,No internet service,No internet service,No internet service,1 Year,Yes,Bank transfer (automatic),19.6,1387.45,No
9896-UYMIE,Male,0,n,No,66.0,Yes,Yes,Fiberoptic,Yes,Yes,Yes,Yes,Yes,Yes,2 year,Yes,Bank transfer (automatic),114.3,7383.7,No
0853-NWIFK,m,0,No,No,45.0,Yes,No,fiber optic,Yes,Yes,No,No,Yes,Yes,1 year,Yes,Electronic check,100.3,4483.95,No
8212-CRQXP,m,0,y,No,22.0,Yes,No,Dsl,No,No,No,No,Yes,No,1 year,Yes,Credit card (automatic),80.0,1706.45,No
6980-CDGFC,Male,0,No,No,,Yes,No,fiber optic,No internet service,No internet service,No internet service,No internet service,No internet service,No internet service,1 Year,Yes,Bank transfer (automatic),20.85,1327.4,No
7691-XVTZH,FEMALE,0,YES,No,68.0,Yes,Yes,Fiberoptic,No,No,Yes,No,Yes,No,One Year,Yes,Bank transfer (automatic),,5974.3,No
2520-SGTTA,Female,0,Yes,Yes,0.0,Yes,No,Fiber Optic,No internet service,No internet service,No internet service,No internet service,No internet service,No internet service,2 year,No,Mailed check,20.0, ,No
7481-ATQQS,m,1,Yes,No,49.0,Yes,Yes,Dsl,No,No,Yes,No,No,Yes,month to month,Yes,Credit card (automatic),90.85,,Yes
2277-VWCNI,Male,1,Yes,No,4.0,Yes,Yes,Fiberoptic,No,No,No,No,No,No,month to month,No,Mailed check,,179.85,No
1088-CNNKB,f,0,y,No,63.0,Yes,Yes,Fiberoptic,Yes,Yes,Yes,Yes,No,Yes,2 Year,No,Credit card (automatic),80.0,5040.2,No
8642-GVWRF,Male,0,Yes,No,2.0,Yes,No,dsl,No,Yes,Yes,No,No,No,Two Year,No,Bank transfer (automatic),79.7,165,Yes
1930-BZLHI,Male,0,Yes,No,21.0,Yes,No,fiber,No internet service,No internet service,No internet service,No internet service,No internet service,No internet service,2 Year,Yes,Mailed check,20.35,422.7,No
3400-ESFUW,Female,0,no,Yes,55.0,Yes,No,dsl,Yes,Yes,No,Yes,No,No,Two Year,No,Bank transfer (automatic),57.55,3046.4,Yes
5868-YTYKS,FEMALE,0,NO,Yes,1.0,Yes,No,dsl,No internet service,No internet service,No internet service,No internet service,No internet service,No internet service,Month-to-Month,Yes,Mailed check,20.25,20.25,No
3525-DVKFN,Female,0,No,No,17.0,Yes,No,dsl,No internet service,No internet service,No internet service,No internet service,No internet service,No internet service,1 year,No,Mailed check,19.4,358.05,No
1482-OXZSY,fe male,0,YES,No,30.0,Yes,Yes,Fiberoptic,Yes,No,No,No,Yes,Yes,One Year,Yes,Bank transfer (automatic),100.4,2936.25,No
0377-JBKKT,Male,0,NO,Yes,22.0,Yes,No,dsl,Yes,Yes,No,Yes,No,No,month to month,,Mailed check,57.95,,No
5778-BVOFB,f,0,no,No,9.0,Yes,No,Dsl,No,No,No,Yes,Yes,No,1 Year,Yes,Bank transfer (automatic),59.5,530.05,No
3373-YZZYM,Male,0,NO,Yes,1.0,Yes,No,fiber optic,No internet service,No internet service,No internet service,No internet service,No internet service,No internet service,Two Year,No,Mailed check,19.2,19.2,No
2057-ZBLPD,FEMALE,0,NO,No,21.0,Yes,Yes,fiber optic,No,No,No,No,No,Yes,Two Year,Yes,Electronic check,86.5,1808.7,Yes
0228-MAUWC,m,0,no,No,19.0,Yes,Yes,DSL,No,No,Yes,Yes,No,No,month to month,No,Electronic check,59.55,1144.6,No
5502-RLUYV,fe male,0,YES,Yes,69.0,Yes,Yes,fiber,No,Yes,Yes,No,Yes,Yes,1 year,Yes,Electronic check,103.95,7446.9,Yes
0023-HGHWL,f,1,YES,No,1.0,No,No phone service,DSL,No,No,No,No,No,No,2 Year,,Electronic check,25.1,25.1,Yes
7663-YJHSN,m,0,Yes,No,72.0,Yes,Yes,Dsl,Yes,Yes,Yes,Yes,Yes,No,2 year,Yes,Bank transfer (automatic),103.95,7556.9,No
4915-BFSXL,Male,0,No,Yes,70.0,Yes,Yes,fiber optic,Yes,No,Yes,No,Yes,No,2 Year,No,Credit card (automatic),68.95,4858.7,No
3086-RUCRN,Female,0,n,No,66.0,Yes,Yes,DSL,Yes,Yes,Yes,Yes,No,Yes,2 year,Yes,Bank transfer (automatic),103.1,6595,No
5215-LNLDJ,fe male,0,Yes,Yes,7.0,No,No phone service,Fiberoptic,No,No,No,No,No,No,2 Year,Yes,Electronic check,24.7,149.05,No
7576-JMYWV,Female,1,Yes,Yes,46.0,Yes,Yes,fiber,Yes,Yes,No,Yes,Yes,Yes,month to month,Yes,Electronic check,110.2,4972.1,No
9039-RBEEE,fe male,0,Yes,No,39.0,No,No phone service,Fiberoptic,Yes,Yes,No,Yes,Yes,No,2 Year,Yes,Credit card (automatic),48.95,,Yes
0257-KXZGU,Male,0,Yes,Yes,32.0,Yes,Yes,DSL,No,Yes,Yes,No,No,No,1 Year,No,Bank transfer (automatic),62.45,2045.55,No
1307-ATKGB,FEMALE,0,Yes,No,24.0,Yes,No,dsl,No,Yes,Yes,No,No,Yes,2 Year,Yes,Electronic check,89.55,2187.15,No
8417-FMLZI,fe male,0,Yes,Yes,6.0,Yes,No,Fiberoptic,No,Yes,No,No,No,Yes,1 year,Yes,Credit card (automatic),,477.55,Yes
3714-XPXBW,Male,0,no,No,37.0,Yes,Yes,dsl,Yes,Yes,Yes,Yes,Yes,No,Two Year,Yes,Credit card (automatic),78.9,2976.95,No
1850-AKQEP,Male,0,no,Yes,8.0,Yes,No,Dsl,No internet service,No internet service,No internet service,No internet service,No internet service,No internet service,Month-to-Month,No,Mailed check,20.35,178.7,No
2824-DXNKN,FEMALE,0,n,Yes,72.0,Yes,Yes,Dsl,Yes,No,Yes,No,Yes,No,2 year,Yes,Bank transfer (automatic),71.45,5025.85,No
5227-JSCFE,Male,1,YES,No,71.0,No,No phone service,fiber,Yes,Yes,Yes,Yes,No,No,One Year,No,Credit card (automatic),46.35,3353.4,No
0848-ZGQIJ,Male,0,Yes,No,16.0,Yes,No,dsl,No,Yes,No,No,Yes,Yes,One Year,Yes,Bank transfer (automatic),94.65,1461.15,No
3621-CHYVB,Female,0,No,No,57.0,No,No phone service,fiber,Yes,No,Yes,Yes,No,Yes,1 year,Yes,Bank transfer (automatic),49.9,2782.4,No
8042-RNLKO,fe male,0,n,No,66.0,Yes,Yes,Fiberoptic,No internet service,No internet service,No internet service,No internet service,No internet service,No internet service,1 Year,No,Bank transfer (automatic),25.45,1699.15,No
1792-UXAFY,Male,1,No,No,17.0,Yes,No,Dsl,No,Yes,Yes,No,Yes,No,month to month,Yes,Electronic check,89.15,1496.9,Yes
5372-FBKBN,fe male,0,y,Yes,21.0,Yes,No,dsl,No internet service,No internet service,No internet service,No internet service,No internet service,No internet service,month to month,No,Mailed check,20.75,452.2,No
0420-TXVSG,fe male,0,n,No,66.0,Yes,Yes,DSL,Yes,Yes,Yes,No,No,No,Month-to-Month,Yes,Credit card (automatic),66.1,,No
6217-TOWGS,FEMALE,0,Yes,No,,Yes,Yes,Fiber Optic,No,Yes,No,No,Yes,Yes,Month-to-Month,Yes,Bank transfer (automatic),75.4,1322.55,No
0515-YPMCW,Female,0,YES,Yes,1.0,Yes,No,dsl,No,No,No,No,No,No,1 year,Yes,Mailed check,70.45,70.45,Yes
0378-XSZPU,FEMALE,0,no,No,58.0,Yes,No,dsl,Yes,Yes,Yes,No,No,No,One Year,No,Credit card (automatic),60.3,3563.8,Yes
1045-LTCYT,f,0,YES,Yes,8.0,Yes,No,Fiber Optic,No internet service,No internet service,No internet service,No internet service,No internet service,No internet service,1 year,No,Credit card (automatic),21.05,139.75,No
1544-JJMYL,f,0,No,No,27.0,Yes,No,dsl,Yes,No,Yes,Yes,Yes,No,Two Year,No,Credit card (automatic),69.35,1927.3,No
4636-JGAAI,Male,0,Yes,No,34.0,Yes,Yes,dsl,No,Yes,No,No,No,Yes,1 year,No,Mailed check,88.85,3000.25,No
6874-SGLHU,Female,0,no,,30.0,Yes,No,Dsl,No,Yes,No,No,Yes,Yes,month to month,Yes,Bank transfer (automatic),97.0,,No
5951-AOFIH,m,0,Yes,No,33.0,Yes,No,DSL,No,Yes,Yes,No,Yes,No,month to month,Yes,Credit card (automatic),66.4,2245.4,No
4729-XKASR,FEMALE,0,no,Yes,1.0,No,No phone service,fiber,No,No,No,No,No,No,1 Year,No,Electronic check,24.75,24.75,Yes
3059-NGMXB,Female,0,y,Yes,,Yes,Yes,Dsl,Yes,Yes,No,No,No,Yes,1 year,No,Mailed check,69.2,944.65,No
8652-YHIYU,Male,0,NO,Yes,16.0,Yes,Yes,DSL,No,No,No,Yes,No,No,Two Year,Yes,Credit card (automatic),79.5,1264.2,No
5278-PNYOX,f,0,No,No,49.0,Yes,No,Fiber Optic,No,No,Yes,Yes,Yes,Yes,Two Year,No,Credit card (automatic),,4917.75,No
5449-FIBXJ,Female,0,Yes,Yes,19.0,Yes,Yes,fiber optic,No,No,Yes,Yes,Yes,Yes,2 year,No,Electronic check,103.3,2012.7,Yes
3486-HOOGQ,m,0,n,Yes,70.0,Yes,Yes,DSL,Yes,Yes,Yes,Yes,Yes,No,2 year,No,Bank transfer (automatic),79.7,5743.3,No
5061-PBXFW,fe male,0,no,Yes,32.0,Yes,No,dsl,Yes,Yes,No,Yes,No,No,month to month,No,Bank transfer (automatic),61.4,1864.65,No
8630-FJLIB,f,0,No,No,18.0,Yes,No,Fiber Optic,No,No,No,No,No,No,1 Year,Yes,Electronic check,69.8,1221.65,No
3891-NLXJB,m,0,no,No,37.0,No,No phone service,Fiber Optic,Yes,Yes,No,Yes,No,No,1 year,Yes,Mailed check,40.55,1390.85,No
4749-OJKQU,m,0,Yes,No,4.0,Yes,Yes,Fiberoptic,No,No,No,No,No,No,month to month,Yes,Electronic check,75.65,302.35,No
0577-WHMEV,Male,0,YES,No,16.0,Yes,Yes,fiber,Yes,Yes,Yes,No,No,No,month to month,No,Electronic check,90.7,1374.9,No
5453-AXEPF,fe male,0,y,No,17.0,Yes,Yes,dsl,No,Yes,No,No,No,No,1 year,Yes,Bank transfer (automatic),80.5,1336.9,No
3639-XJHKQ,Male,0,y,Yes,19.0,Yes,No,Fiberoptic,Yes,Yes,Yes,No,No,No,Month-to-Month,Yes,Electronic check,,1297.8,No
3716-LRGXK,m,0,Yes,No,60.0,Yes,Yes,Dsl,No,No,Yes,No,Yes,Yes,Two Year,No,Credit card (automatic),101.15,6067.4,No
2263-SFSQZ,Female,0,No,Yes,51.0,Yes,Yes,Fiber Optic,No internet service,No internet service,No internet service,No internet service,No internet service,No internet service,2 year,Yes,Mailed check,24.95,1222.25,No
9950-MTGYX,fe male,0,no,Yes,28.0,Yes,No,fiber optic,No internet service,No internet service,No internet service,No internet service,No internet service,No internet service,1 year,Yes,Credit card (automatic),20.3,487.95,No
3397-AVTKU,Male,0,n,No,,Yes,No,fiber optic,No,Yes,No,No,No,Yes,2 year,Yes,Electronic check,60.0,2548.55,No
4825-FUREZ,m,0,Yes,No,42.0,Yes,No,Dsl,No internet service,No internet service,No internet service,No internet service,No internet service,No internet service,2 Year,No,Electronic check,20.25,835.5,No
9837-BMCLM,m,0,Yes,No,3.0,Yes,No,Fiber Optic,No,No,No,No,Yes,No,Two Year,Yes,Electronic check,78.5,242.05,Yes
2672-OJQZP,Male,0,Yes,No,1.0,Yes,No,DSL,No,No,No,No,No,No,Two Year,No,Mailed check,44.75,44.75,No
0137-UDEUO,m,0,No,No,3.0,Yes,No,fiber,No internet service,No internet service,No internet service,No internet service,No internet service,No internet service,2 year,No,Mailed check,19.85,63.75,Yes
3134-DSHVC,Male,0,YES,No,,Yes,Yes,Dsl,Yes,Yes,Yes,No,Yes,No,1 Year,No,Credit card (automatic),98.0,6218.45,No
6161-UUUTA,m,1,NO,No,3.0,Yes,No,dsl,No,No,No,No,Yes,No,Two Year,Yes,Electronic check,79.9,260.9,Yes
7821-DPRQE,fe male,0,Yes,,68.0,Yes,Yes,fiber optic,Yes,Yes,No,Yes,Yes,Yes,1 Year,Yes,Electronic check,107.7,7320.9,No
6543-XRMYR,FEMALE,1,YES,No,30.0,Yes,Yes,DSL,No,Yes,No,No,Yes,Yes,One Year,Yes,Electronic check,99.7,2967.35,Yes
2001-EWBQU,Male,0,no,No,60.0,Yes,Yes,Fiberoptic,No,Yes,Yes,No,Yes,Yes,1 year,No,Electronic check,104.7,6333.8,No
4925-LMHOK,Male,0,Yes,No,15.0,Yes,Yes,Fiberoptic,No,Yes,No,Yes,No,No,One Year,Yes,Credit card (automatic),58.6,939.7,Yes
1608-GMEWB,f,1,no,,45.0,Yes,Yes,DSL,No,No,No,No,Yes,Yes,1 Year,Yes,Bank transfer (automatic),93.9,4200.25,No
6695-AMZUF,Male,0,YES,No,70.0,Yes,No,fiber,Yes,Yes,Yes,Yes,Yes,Yes,One Year,No,Credit card (automatic),86.45,5950.2,No
1455-UGQVH,Male,0,NO,No,10.0,Yes,Yes,dsl,No,No,Yes,No,Yes,Yes,Month-to-Month,Yes,Electronic check,98.5,,Yes
8410-BGQXN,FEMALE,0,No,No,4.0,Yes,No,fiber optic,No internet service,No internet service,No internet service,No internet service,No internet service,No internet service,Two Year,No,Mailed check,19.4,93.4,No
8280-MQRQN,Female,0,Yes,No,1.0,Yes,No,Dsl,No,No,Yes,No,No,No,month to month,,Mailed check,50.45,50.45,Yes
1619-YWUBB,Male,0,No,No,68.0,Yes,Yes,Dsl,No internet service,No internet service,No internet service,No internet service,No internet service,No internet service,month to month,Yes,Credit card (automatic),24.95,1614.9,No
7611-YKYTC,f,0,y,Yes,22.0,Yes,No,fiber optic,Yes,No,No,No,No,No,Month-to-Month,No,Bank transfer (automatic),75.0,1573.95,No
2037-SGXHH,Female,0,no,Yes,,Yes,Yes,Fiberoptic,No,Yes,Yes,No,Yes,No,2 year,Yes,Electronic check,94.65,3624.3,Yes
3178-FESZO,fe male,0,YES,No,1.0,Yes,Yes,Fiber Optic,No,Yes,No,No,Yes,Yes,One Year,Yes,Credit card (automatic),100.25,100.25,Yes
0365-GXEZS,f,0,No,No,18.0,Yes,No,Fiber Optic,No,No,Yes,Yes,No,No,2 year,No,Electronic check,78.2,1468.75,No
0082-OQIQY,FEMALE,0,No,No,29.0,Yes,No,Fiberoptic,No,No,No,Yes,Yes,Yes,One Year,Yes,Electronic check,94.2,2607.6,No
6087-MVHJH,Male,0,Yes,No,16.0,Yes,Yes,fiber,No,No,Yes,No,No,Yes,2 Year,Yes,Electronic check,88.45,1422.1,Yes
4603-JANFB,f,0,Yes,No,1.0,Yes,No,fiber optic,No,No,No,No,No,No,1 Year,Yes,Electronic check,69.85,69.85,Yes
3018-TFTSU,FEMALE,0,y,No,,Yes,No,dsl,Yes,No,Yes,No,No,No,Month-to-Month,No,Bank transfer (automatic),81.7,858.6,Yes
3606-SBKRY,fe male,0,Yes,No,31.0,No,No phone service,Fiberoptic,No,No,Yes,No,Yes,Yes,One Year,Yes,Electronic check,50.05,,No
4806-KEXQR,m,0,YES,No,,Yes,No,fiber,No,No,No,No,No,Yes,2 Year,,Electronic check,79.9,324.3,Yes
0667-NSRGI,FEMALE,0,NO,,48.0,Yes,Yes,fiber,No,No,Yes,Yes,No,Yes,1 Year,Yes,Mailed check,69.55,3435.6,No
7083-YNSKY,Male,0,No,No,15.0,Yes,Yes,dsl,No internet service,No internet service,No internet service,No internet service,No internet service,No internet service,Two Year,Yes,Credit card (automatic),25.4,399.6,Yes
6893-ODYYE,f,0,NO,No,,Yes,No,Fiber Optic,Yes,Yes,Yes,Yes,No,No,2 Year,Yes,Credit card (automatic),90.1,4549.45,No
8242-JSVBO,FEMALE,0,Yes,No,7.0,Yes,No,DSL,No,No,No,No,No,No,1 year,Yes,Bank transfer (automatic),44.65,322.5,No
2479-BRAMR,fe male,1,no,No,41.0,Yes,Yes,Dsl,Yes,No,Yes,No,No,No,1 Year,,Bank transfer (automatic),83.75,3273.55,Yes
9541-ZPSEA,Female,0,YES,Yes,68.0,Yes,No,fiber,Yes,No,Yes,No,No,No,month to month,No,Credit card (automatic),80.35,5375.15,No
2665-NPTGL,Male,1,Yes,No,26.0,Yes,Yes,fiber optic,No,No,Yes,No,Yes,Yes,2 year,Yes,Bank transfer (automatic),98.1,2510.7,No
1139-WUOAH,f,0,no,,,No,No phone service,dsl,No,No,Yes,Yes,Yes,Yes,Month-to-Month,No,Credit card (automatic),53.35,3090.05,No
4693-VWVBO,Female,0,No,No,3.0,Yes,No,Fiberoptic,No internet service,No internet service,No internet service,No internet service,No internet service,No internet service,One Year,No,Electronic check,19.55,61.05,No
7434-SHXLS,FEMALE,0,y,No,1.0,Yes,No,Dsl,No internet service,No internet service,No internet service,No internet service,No internet service,No internet service,month to month,No,Mailed check,20.9,20.9,Yes
6937-GCDGQ,m,0,y,Yes,19.0,Yes,No,fiber,Yes,No,No,No,No,No,2 year,Yes,Bank transfer (automatic),48.95,955.6,No
0988-JRWWP,Male,0,YES,No,3.0,Yes,No,DSL,No,No,No,No,Yes,No,One Year,,Electronic check,54.2,140.4,No
5075-JSDKI,FEMALE,0,Yes,No,59.0,Yes,Yes,Fiber Optic,No internet service,No internet service,No internet service,No internet service,No internet service,No internet service,2 year,No,Electronic check,24.45,1493.1,No
7908-QCBCA,Male,0,NO,,1.0,Yes,No,dsl,No,No,No,No,No,No,2 Year,Yes,Mailed check,69.4,69.4,Yes
8644-XYTSV,Male,0,YES,No,42.0,No,No phone service,fiber optic,Yes,No,No,No,Yes,No,Two Year,Yes,Bank transfer (automatic),40.15,,No
6711-FLDFB,Female,0,NO,No,7.0,Yes,Yes,Fiber Optic,No,No,No,No,No,No,Two Year,Yes,Electronic check,74.9,541.15,Yes
3873-WOSBC,m,0,No,No,67.0,Yes,Yes,Dsl,No internet service,No internet service,No internet service,No internet service,No internet service,No internet service,1 Year,No,Credit card (automatic),25.6,1784.9,No
7465-ZZRVX,FEMALE,0,y,No,1.0,Yes,No,Fiberoptic,No,No,No,No,No,No,Month-to-Month,Yes,Electronic check,70.35,70.35,No
7975-JMZNT,f,0,NO,No,66.0,Yes,Yes,DSL,Yes,Yes,Yes,Yes,Yes,Yes,Two Year,,Bank transfer (automatic),91.7,6075.9,No
7251-XFOIL,Male,0,NO,No,61.0,Yes,Yes,DSL,No,No,Yes,No,No,Yes,2 Year,No,Mailed check,89.2,5500.6,No
4116-IQRFR,Female,0,n,Yes,4.0,Yes,Yes,Fiber Optic,No internet service,No internet service,No internet service,No internet service,No internet service,No internet service,2 year,No,Credit card (automatic),24.1,73.1,No
3714-JTVOV,Male,1,Yes,No,42.0,Yes,No,fiber,Yes,No,No,No,No,No,1 year,Yes,Credit card (automatic),74.15,3229.4,Yes
8259-DZLIZ,Male,0,No,Yes,64.0,Yes,Yes,Fiberoptic,No,Yes,No,No,No,No,One Year,Yes,Bank transfer (automatic),53.85,3399.85,No
0442-ZXKVS,f,1,No,No,54.0,Yes,Yes,fiber,Yes,Yes,Yes,Yes,Yes,Yes,1 Year,Yes,Bank transfer (automatic),115.6,6431.05,No
7853-WNZSY,FEMALE,0,Yes,No,1.0,Yes,No,Dsl,No internet service,No internet service,No internet service,No internet service,No internet service,No internet service,1 year,Yes,Credit card (automatic),19.75,,No
3120-FAZKD,Male,0,y,Yes,54.0,Yes,Yes,fiber optic,No internet service,No internet service,No internet service,No internet service,No internet service,No internet service,1 Year,Yes,Bank transfer (automatic),24.05,1230.9,No
8606-OEGQZ,Female,0,n,Yes,18.0,Yes,Yes,dsl,No internet service,No internet service,No internet service,No internet service,No internet service,No internet service,2 year,No,Credit card (automatic),,454.65,No
0225-ZORZP,Female,0,n,No,3.0,Yes,No,Fiberoptic,No,Yes,No,No,No,Yes,Two Year,No,Electronic check,84.3,235.05,No
4702-IOQDC,f,0,Yes,No,1.0,Yes,No,Fiber Optic,No,No,No,No,No,No,2 Year,Yes,Electronic check,70.1,70.1,Yes
9489-JMTTN,Male,0,no,Yes,72.0,Yes,Yes,fiber optic,Yes,Yes,Yes,Yes,Yes,Yes,Month-to-Month,No,Credit card (automatic),89.75,6595.9,No
0575-CUQOV,fe male,1,n,No,60.0,Yes,No,fiber optic,No,Yes,Yes,No,Yes,Yes,2 Year,,Electronic check,97.95,5867,No
0967-BMLBD,Female,0,n,Yes,11.0,Yes,No,Fiberoptic,No internet service,No internet service,No internet service,No internet service,No internet service,No internet service,Month-to-Month,Yes,Mailed check,,196.35,No
6178-KFNHS,fe male,0,Yes,Yes,12.0,Yes,Yes,Dsl,Yes,No,No,No,No,No,Two Year,Yes,Electronic check,78.3,909.25,Yes
2830-LEWOA,Female,0,no,Yes,,Yes,No,Fiberoptic,No,Yes,Yes,Yes,Yes,Yes,Month-to-Month,,Credit card (automatic),103.9,6449.15,No
5006-MXVRN,f,0,Yes,No,,Yes,No,DSL,No internet service,No internet service,No internet service,No internet service,No internet service,No internet service,One Year,No,Credit card (automatic),20.7,762.45,No
1264-BYWMS,fe male,0,y,No,55.0,Yes,Yes,Fiber Optic,No,No,No,No,Yes,Yes,2 Year,,Electronic check,96.8,5283.95,Yes
9658-WYUFB,Male,0,no,No,17.0,Yes,Yes,Dsl,Yes,Yes,No,No,Yes,No,Month-to-Month,Yes,Electronic check,94.4,1617.5,Yes
8327-WKMIE,m,0,NO,No,37.0,Yes,No,dsl,No internet service,No internet service,No internet service,No internet service,No internet service,No internet service,2 Year,No,Credit card (automatic),20.15,785.75,No
6917-FIJHC,fe male,0,n,No,72.0,Yes,Yes,dsl,No internet service,No internet service,No internet service,No internet service,No internet service,No internet service,2 year,Yes,Mailed check,26.0,1776,No
5329-KRDTM,f,1,YES,No,72.0,Yes,Yes,Fiber Optic,No,Yes,Yes,Yes,Yes,No,1 Year,No,Credit card (automatic),77.35,5396.25,No
7797-EJMDP,Male,0,n,No,8.0,Yes,No,DSL,Yes,No,No,Yes,No,Yes,1 Year,No,Bank transfer (automatic),66.05,574.5,No
3530-VWVGU,Male,0,No,Yes,22.0,Yes,No,dsl,No internet service,No internet service,No internet service,No internet service,No internet service,No internet service,Month-to-Month,No,Mailed check,19.9,400.3,No
2013-SGDXK,Male,0,y,No,1.0,Yes,No,Fiber Optic,No,Yes,No,No,Yes,No,2 Year,No,Electronic check,84.3,84.3,Yes
6368-NWMCE,FEMALE,0,Yes,No,38.0,Yes,Yes,DSL,No,Yes,No,Yes,No,Yes,Month-to-Month,No,Credit card (automatic),68.15,2656.3,No
3633-CDBUW,Female,0,no,Yes,17.0,Yes,No,DSL,No,Yes,Yes,Yes,Yes,Yes,Two Year,,Electronic check,80.85,1445.95,No
0707-HOVVN,Male,1,No,No,70.0,Yes,Yes,Fiber Optic,No,Yes,Yes,Yes,Yes,No,1 year,Yes,Bank transfer (automatic),75.5,5212.65,No
8580-QVLOC,Male,1,no,Yes,72.0,Yes,Yes,dsl,Yes,Yes,Yes,Yes,Yes,Yes,Two Year,No,Credit card (automatic),92.45,6440.25,Yes
3956-MGXOG,Female,0,NO,No,28.0,Yes,No,fiber,No,No,No,No,No,Yes,Month-to-Month,Yes,Electronic check,80.6,2244.95,No
9274-UARKJ,Male,0,y,No,15.0,Yes,No,Fiberoptic,No,Yes,No,No,Yes,No,month to month,Yes,Bank transfer (automatic),83.2,1130,No
4077-HWUYD,f,0,no,Yes,72.0,Yes,Yes,fiber optic,Yes,Yes,Yes,Yes,Yes,Yes,1 year,Yes,Bank transfer (automatic),87.55,6463.15,No
2012-NWRPA,fe male,1,Yes,No,11.0,Yes,Yes,fiber optic,No,No,Yes,No,Yes,Yes,month to month,Yes,Electronic check,99.55,1131.2,Yes
8808-ELEHO,FEMALE,1,No,No,8.0,Yes,Yes,Fiber Optic,No,No,Yes,No,No,No,Two Year,Yes,Electronic check,81.25,585.95,Yes
0103-CSITQ,fe male,0,No,No,57.0,Yes,Yes,fiber optic,No,Yes,Yes,Yes,Yes,Yes,2 Year,Yes,Bank transfer (automatic),109.4,6252.7,No
3506-LCJDC,Male,0,NO,Yes,1.0,Yes,No,Fiberoptic,No internet service,No internet service,No internet service,No internet service,No internet service,No internet service,2 year,No,Bank transfer (automatic),19.95,19.95,Yes
8671-KKKOS,f,0,y,,46.0,No,No phone service,DSL,Yes,Yes,No,No,Yes,No,1 Year,No,Electronic check,45.55,2062.15,No
7305-ZWMAJ,FEMALE,0,no,No,30.0,Yes,No,Fiberoptic,No internet service,No internet service,No internet service,No internet service,No internet service,No internet service,2 year,No,Credit card (automatic),20.7,587.1,No
9518-XXBXE,fe male,1,no,No,10.0,Yes,No,dsl,Yes,No,No,No,No,No,1 Year,No,Electronic check,75.3,720.45,No
3934-HXCFZ,m,0,y,No,23.0,Yes,Yes,DSL,Yes,Yes,Yes,No,Yes,No,Two Year,Yes,Electronic check,99.25,2186.4,Yes
6578-KRMAW,Female,0,YES,No,32.0,Yes,No,Fiber Optic,Yes,Yes,Yes,No,No,Yes,2 year,Yes,Credit card (automatic),,2979.3,No
4860-IJUDE,Female,0,Yes,No,13.0,Yes,No,Dsl,Yes,No,No,No,No,No,One Year,Yes,Credit card (automatic),73.75,956.65,No
7666-WKRON,Female,0,NO,No,39.0,Yes,No,DSL,No,No,Yes,Yes,No,No,Month-to-Month,Yes,Electronic check,80.45,3201.55,Yes
9688-YGXVR,Male,0,YES,No,44.0,Yes,No,dsl,No,Yes,Yes,No,Yes,No,2 Year,Yes,Credit card (automatic),88.15,3973.2,No
0423-UDIJQ,f,1,y,No,9.0,Yes,No,Dsl,No,No,No,Yes,No,No,month to month,No,Mailed check,49.2,447.9,No
1945-XISKS,FEMALE,0,No,No,67.0,Yes,No,Fiber Optic,No internet service,No internet service,No internet service,No internet service,No internet service,No internet service,2 year,No,Mailed check,19.65,1335.2,No
4910-AQFFX,Male,0,No,Yes,,Yes,Yes,fiber,No,No,Yes,No,No,No,1 year,Yes,Bank transfer (automatic),79.35,661.25,Yes
2154-KVJFF,Male,0,y,No,15.0,Yes,Yes,Fiberoptic,No,Yes,No,No,No,No,month to month,Yes,Electronic check,79.75,1111.85,Yes
5360-LJCNJ,fe male,0,NO,No,,Yes,Yes,Fiber Optic,No,Yes,Yes,No,Yes,Yes,2 year,Yes,Bank transfer (automatic),105.15,7555,No
2607-FBDFF,FEMALE,0,No,No,,Yes,No,Fiberoptic,No,No,No,Yes,No,No,Month-to-Month,No,Credit card (automatic),49.0,49,No
9647-ERGBE,Female,0,Yes,Yes,30.0,Yes,Yes,dsl,No,No,Yes,No,Yes,Yes,2 year,Yes,Electronic check,100.05,3046.15,Yes
3428-XZMAZ,fe male,0,Yes,,1.0,Yes,No,DSL,No,No,No,No,No,No,month to month,Yes,Electronic check,,69.35,Yes
1100-DDVRV,FEMALE,0,n,,17.0,No,No phone service,Fiberoptic,No,Yes,No,No,Yes,Yes,Two Year,Yes,Mailed check,49.8,836.35,No
0378-TOVMS,m,0,Yes,No,3.0,Yes,No,DSL,No,No,No,Yes,No,Yes,1 Year,No,Electronic check,85.8,272.2,Yes
4355-HBJHH,FEMALE,0,no,Yes,67.0,Yes,Yes,Fiber Optic,Yes,No,Yes,No,Yes,Yes,2 Year,Yes,Electronic check,79.7,5293.4,Yes
6728-WYQBC,m,0,no,No,1.0,Yes,No,dsl,No internet service,No internet service,No internet service,No internet service,No internet service,No internet service,Month-to-Month,No,Bank transfer (automatic),20.95,20.95,No
9058-CBREO,Female,1,YES,No,1.0,Yes,Yes,fiber,No,No,No,No,No,No,2 Year,No,Mailed check,50.55,50.55,Yes
9029-FEGVJ,Male,1,n,No,32.0,Yes,Yes,Fiberoptic,No,No,Yes,No,No,No,Month-to-Month,No,Mailed check,79.3,2570,No
7216-KAOID,Male,0,y,Yes,,Yes,No,Dsl,No internet service,No internet service,No internet service,No internet service,No internet service,No internet service,2 Year,No,Bank transfer (automatic),19.5,798.2,No
0318-QUUOB,fe male,0,Yes,No,1.0,Yes,No,fiber optic,No,No,No,No,Yes,No,Month-to-Month,,Electronic check,80.55,80.55,Yes
6145-NNPNO,fe male,0,Yes,No,1.0,Yes,No,fiber optic,No,No,No,No,No,No,Two Year,No,Bank transfer (automatic),44.15,44.15,No
5520-FVEWJ,fe male,0,y,Yes,12.0,Yes,Yes,Fiber Optic,No,Yes,Yes,No,No,No,1 year,Yes,Electronic check,84.5,916.9,Yes
5339-TJFEK,Female,0,YES,Yes,62.0,Yes,Yes,fiber,Yes,Yes,No,No,Yes,Yes,1 year,Yes,Electronic check,105.5,6487.2,No
5572-ZDXHY,f,0,NO,No,22.0,Yes,No,fiber,No,Yes,No,No,No,Yes,2 year,Yes,Mailed check,84.3,1855.65,Yes
2074-GUHPQ,Female,0,YES,Yes,17.0,Yes,Yes,Dsl,No,Yes,Yes,Yes,No,No,1 Year,Yes,Credit card (automatic),92.7,1556.85,No
4625-XMOYM,f,0,n,Yes,72.0,Yes,Yes,DSL,No internet service,No internet service,No internet service,No internet service,No internet service,No internet service,Two Year,Yes,Bank transfer (automatic),26.25,1988.05,No
5827-MWCZK,m,0,no,Yes,56.0,Yes,Yes,fiber,No,Yes,No,Yes,Yes,No,One Year,Yes,Credit card (automatic),96.95,5432.2,No
1385-TQOZW,FEMALE,0,Yes,No,9.0,Yes,No,DSL,No internet service,No internet service,No internet service,No internet service,No internet service,No internet service,1 Year,Yes,Credit card (automatic),20.45,147.55,No
5914-XRFQB,Male,0,n,No,72.0,Yes,Yes,Fiber Optic,Yes,Yes,Yes,Yes,Yes,Yes,Two Year,Yes,Bank transfer (automatic),115.8,8424.9,No
4329-YPDDQ,Male,0,n,No,20.0,Yes,No,Dsl,Yes,Yes,Yes,Yes,Yes,Yes,1 year,Yes,Bank transfer (automatic),,2203.7,No
4804-NCPET,f,0,no,,19.0,Yes,No,fiber optic,No internet service,No internet service,No internet service,No internet service,No internet service,No internet service,1 year,No,Mailed check,,387.4,No
3750-CKVKH,Male,0,no,No,,Yes,No,dsl,No,No,No,No,No,No,2 year,,Electronic check,67.75,116.65,Yes
5944-UGLLK,Male,0,y,No,53.0,No,No phone service,DSL,No,No,Yes,Yes,Yes,Yes,1 year,No,Credit card (automatic),54.9,3045.75,No
8063-GBATB,FEMALE,1,NO,No,27.0,Yes,Yes,fiber,No,No,No,No,No,Yes,1 Year,Yes,Electronic check,85.25,2287.25,Yes
7787-BNTZM,Male,0,n,No,6.0,Yes,No,Fiberoptic,No internet service,No internet service,No internet service,No internet service,No internet service,No internet service,Month-to-Month,No,Bank transfer (automatic),20.15,130.5,No
2252-ISRNH,f,0,n,Yes,9.0,Yes,Yes,Fiberoptic,No,No,Yes,No,Yes,No,month to month,Yes,Electronic check,90.35,767.9,No
9415-TPKRV,fe male,0,no,Yes,8.0,Yes,Yes,Dsl,No,Yes,No,No,No,No,1 Year,,Electronic check,55.75,446.8,No
5322-TEUJK,FEMALE,0,Yes,Yes,71.0,Yes,Yes,Dsl,Yes,Yes,Yes,Yes,Yes,Yes,1 Year,No,Bank transfer (automatic),114.6,8100.25,No
4547-KQRTM,Male,0,n,No,10.0,Yes,Yes,Dsl,No,Yes,No,No,No,No,Month-to-Month,Yes,Bank transfer (automatic),80.05,830.7,Yes
4877-EVATK,m,0,No,No,,Yes,No,Fiberoptic,No internet service,No internet service,No internet service,No internet service,No internet service,No internet service,2 year,No,Mailed check,20.0,20,Yes
1866-DIOQZ,FEMALE,0,n,,71.0,No,No phone service,dsl,Yes,Yes,Yes,Yes,Yes,Yes,2 Year,No,Bank transfer (automatic),66.8,4689.15,No
8375-KVTHK,Male,0,Yes,No,68.0,Yes,No,Fiber Optic,No,Yes,No,Yes,Yes,Yes,Two Year,Yes,Electronic check,100.3,6754.35,No
2697-NQBPF,Male,0,No,No,34.0,Yes,Yes,fiber,No,Yes,No,Yes,Yes,Yes,month to month,Yes,Electronic check,105.35,3540.65,No
3709-OIJEA,f,0,Yes,No,26.0,Yes,No,Fiber Optic,No,Yes,Yes,Yes,No,No,month to month,Yes,Electronic check,85.2,2184.6,No
7639-SUPCW,m,0,No,No,22.0,Yes,No,fiber optic,Yes,No,No,No,No,No,1 Year,Yes,Credit card (automatic),48.8,1054.6,Yes
1386-ZIKUV,fe male,0,n,No,7.0,Yes,No,dsl,No internet service,No internet service,No internet service,No internet service,No internet service,No internet service,1 Year,Yes,Mailed check,18.95,130.55,No
0599-XNYDO,Male,0,Yes,No,20.0,Yes,No,Dsl,No,No,No,No,No,No,Month-to-Month,Yes,Bank transfer (automatic),69.8,1540.35,No
6377-WHAOX,Male,0,n,No,60.0,Yes,Yes,dsl,No,Yes,Yes,No,Yes,Yes,Month-to-Month,Yes,Electronic check,106.15,6411.25,No
6855-VLGOS,f,0,n,Yes,72.0,Yes,No,Dsl,No internet service,No internet service,No internet service,No internet service,No internet service,No internet service,Two Year,No,Electronic check,20.55,1432.55,No
8999-XXGNS,Female,1,YES,No,72.0,Yes,Yes,Fiber Optic,No,Yes,Yes,No,Yes,Yes,month to month,Yes,Credit card (automatic),105.75,7629.85,No
8746-OQQRW,Male,0,Yes,No,4.0,Yes,Yes,dsl,No internet service,No internet service,No internet service,No internet service,No internet service,No internet service,Two Year,No,Mailed check,25.25,101.9,No
3181-MIZBN,Male,0,NO,Yes,16.0,Yes,No,DSL,No internet service,No internet service,No internet service,No internet service,No internet service,No internet service,Two Year,No,Electronic check,19.75,313.4,No
0471-ARVMX,fe male,1,y,,62.0,Yes,Yes,Fiberoptic,Yes,No,Yes,No,Yes,Yes,Two Year,Yes,Electronic check,104.85,6312.9,No
7766-CLTIC,Female,0,YES,No,10.0,Yes,No,Fiber Optic,No,No,No,Yes,No,Yes,2 Year,Yes,Mailed check,60.95,629.55,No
5650-YLIBA,f,0,no,,31.0,Yes,Yes,Dsl,No,Yes,No,No,No,No,1 Year,Yes,Electronic check,81.15,2640.55,No
0825-CPPQH,Male,0,No,No,71.0,Yes,No,fiber optic,No internet service,No internet service,No internet service,No internet service,No internet service,No internet service,2 year,No,Credit card (automatic),19.1,1372.45,No
9084-OAYKL,m,0,Yes,No,58.0,Yes,No,fiber optic,No internet service,No internet service,No internet service,No internet service,No internet service,No internet service,month to month,,Mailed check,20.8,1212.25,No
6122-LJADA,fe male,0,YES,Yes,70.0,Yes,Yes,fiber optic,Yes,Yes,Yes,Yes,Yes,Yes,Month-to-Month,Yes,Credit card (automatic),90.15,6237.05,No
2400-XIWIO,fe male,0,no,No,71.0,Yes,Yes,Fiberoptic,Yes,Yes,Yes,Yes,Yes,Yes,2 year,No,Electronic check,90.1,6310.9,No
7524-VRLPL,Female,1,Yes,No,69.0,Yes,Yes,dsl,Yes,No,Yes,Yes,No,Yes,Month-to-Month,No,Credit card (automatic),74.1,,No
1069-XAIEM,fe male,1,no,No,1.0,Yes,Yes,Fiberoptic,No,No,No,No,No,Yes,Two Year,Yes,Electronic check,85.05,85.05,Yes
7569-NMZYQ,Male,0,y,Yes,72.0,Yes,Yes,Fiber Optic,Yes,Yes,Yes,Yes,Yes,Yes,1 year,Yes,Bank transfer (automatic),118.75,8672.45,No
5201-USSQZ,Male,0,no,No,26.0,Yes,No,DSL,No,No,No,Yes,No,Yes,1 Year,No,Credit card (automatic),85.9,,No
2105-PHWON,FEMALE,0,YES,No,33.0,Yes,Yes,fiber optic,No,No,Yes,Yes,No,Yes,One Year,Yes,Credit card (automatic),95.0,3008.15,No
1494-EJZDW,Female,0,Yes,Yes,10.0,Yes,No,fiber,No internet service,No internet service,No internet service,No internet service,No internet service,No internet service,Month-to-Month,No,Mailed check,20.15,220.8,No
4884-TVUQF,f,1,n,No,57.0,Yes,Yes,Fiber Optic,Yes,No,Yes,Yes,No,Yes,Month-to-Month,No,Credit card (automatic),101.3,5779.6,No
8003-EWNDZ,fe male,0,No,No,10.0,Yes,No,Dsl,No internet service,No internet service,No internet service,No internet service,No internet service,No internet service,1 year,Yes,Electronic check,21.2,222.65,No
1897-RCFUM,m,0,No,Yes,39.0,Yes,Yes,Fiberoptic,No internet service,No internet service,No internet service,No internet service,No internet service,No internet service,2 year,Yes,Mailed check,24.2,914.6,No
9256-JTBNZ,m,0,NO,No,11.0,Yes,No,Fiberoptic,No internet service,No internet service,No internet service,No internet service,No internet service,No internet service,month to month,No,Bank transfer (automatic),20.3,246.3,No
4658-HCOHW,FEMALE,0,y,Yes,21.0,Yes,No,DSL,No,Yes,Yes,Yes,Yes,Yes,One Year,Yes,Electronic check,102.8,2110.15,Yes
2211-RMNHO,f,0,n,Yes,68.0,Yes,Yes,fiber,No,Yes,Yes,Yes,Yes,Yes,month to month,No,Bank transfer (automatic),85.3,,No
2432-TFSMK,Male,0,No,No,18.0,Yes,Yes,Fiber Optic,No,No,Yes,No,Yes,No,Month-to-Month,Yes,Credit card (automatic),89.6,1633,No
3440-JPSCL,m,0,No,No,6.0,Yes,No,Fiberoptic,No,No,Yes,Yes,Yes,Yes,1 year,Yes,Mailed check,99.95,547.65,Yes
4929-ROART,Female,0,y,No,18.0,Yes,Yes,Fiberoptic,Yes,No,No,No,No,No,Month-to-Month,No,Mailed check,56.25,969.85,No
1834-ABKHQ,Male,0,NO,Yes,52.0,Yes,No,fiber optic,No,No,Yes,No,No,No,2 year,Yes,Bank transfer (automatic),50.95,2610.65,No
1741-WTPON,Male,0,YES,Yes,56.0,Yes,Yes,fiber,Yes,Yes,Yes,Yes,Yes,Yes,One Year,No,Mailed check,115.85,6567.9,No
3932-IJWDZ,Male,0,y,No,45.0,Yes,Yes,DSL,No,No,Yes,Yes,Yes,Yes,1 Year,Yes,Bank transfer (automatic),103.65,4747.85,No
1240-HCBOH,f,0,y,No,67.0,Yes,Yes,DSL,No internet service,No internet service,No internet service,No internet service,No internet service,No internet service,One Year,Yes,Mailed check,26.1,1759.55,No
3594-KADLU,Female,0,n,No,3.0,No,No phone service,fiber,Yes,No,No,Yes,No,No,Two Year,No,Mailed check,35.1,,No
8065-BVEPF,f,1,y,No,65.0,Yes,No,fiber optic,No,Yes,Yes,No,Yes,Yes,1 year,Yes,Bank transfer (automatic),99.1,6496.15,No
3796-ENZGF,FEMALE,0,Yes,No,63.0,Yes,Yes,fiber,No,Yes,No,Yes,No,Yes,One Year,No,Mailed check,67.25,4234.15,No
1734-ZMNTZ,m,0,Yes,Yes,11.0,Yes,Yes,Fiber Optic,No internet service,No internet service,No internet service,No internet service,No internet service,No internet service,Two Year,No,Mailed check,25.0,,No
2853-CWQFQ,Male,0,NO,,1.0,Yes,No,fiber optic,No,No,No,Yes,No,Yes,month to month,,Mailed check,59.55,59.55,No
0813-TAXXS,fe male,0,Yes,No,55.0,Yes,Yes,Fiber Optic,No,No,Yes,No,Yes,Yes,2 Year,Yes,Bank transfer (automatic),77.8,4323.35,No
2519-TWKFS,Male,0,Yes,Yes,25.0,Yes,Yes,fiber optic,No,No,No,Yes,No,No,1 Year,Yes,Mailed check,,1466.1,No
2889-FPWRM,Male,0,NO,,72.0,Yes,Yes,Dsl,Yes,Yes,Yes,Yes,Yes,Yes,1 Year,Yes,Bank transfer (automatic),117.8,8684.8,Yes
0626-QXNGV,fe male,0,Yes,No,72.0,Yes,Yes,Fiberoptic,No internet service,No internet service,No internet service,No internet service,No internet service,No internet service,month to month,Yes,Credit card (automatic),24.15,1776.45,No
6723-CEGQI,Male,0,YES,Yes,65.0,No,No phone service,Fiberoptic,No,Yes,No,Yes,Yes,No,2 year,No,Mailed check,45.25,2933.95,No
6987-XQSJT,Male,1,Yes,No,54.0,Yes,Yes,DSL,No,Yes,No,No,No,No,Month-to-Month,Yes,Electronic check,79.5,4370.25,Yes
4732-RRJZC,f,0,YES,Yes,7.0,Yes,No,Dsl,No internet service,No internet service,No internet service,No internet service,No internet service,No internet service,1 Year,No,Mailed check,20.25,,No
9499-XPZXM,f,0,Yes,No,72.0,Yes,Yes,Dsl,Yes,Yes,No,Yes,No,No,2 year,No,Bank transfer (automatic),64.75,4804.75,No
4338-EYCER,Female,0,Yes,No,21.0,Yes,No,fiber,No,No,No,No,Yes,No,2 Year,No,Bank transfer (automatic),54.6,1125.2,No
3007-FDPEA,Male,0,NO,No,2.0,Yes,No,Fiber Optic,No internet service,No internet service,No internet service,No internet service,No internet service,No internet service,1 Year,Yes,Bank transfer (automatic),20.7,,No
6350-XFYGW,Male,1,Yes,No,4.0,Yes,No,dsl,No,No,Yes,No,Yes,Yes,Two Year,Yes,Electronic check,94.75,422.4,No
4290-BSXUX,fe male,0,Yes,No,3.0,Yes,Yes,Fiber Optic,No,No,No,Yes,No,No,Two Year,Yes,Bank transfer (automatic),79.65,251.75,Yes
8513-OLYGY,f,0,No,No,72.0,Yes,Yes,Fiberoptic,Yes,Yes,Yes,Yes,Yes,Yes,Month-to-Month,No,Credit card (automatic),115.8,8332.15,No
0311-QYWSS,f,0,Yes,No,6.0,Yes,No,dsl,Yes,No,No,No,No,No,month to month,Yes,Electronic check,49.45,314.6,No
8705-DWKTI,FEMALE,0,Yes,No,52.0,Yes,No,DSL,No,No,Yes,No,No,Yes,Two Year,Yes,Credit card (automatic),83.8,4331.4,No
8755-IWJHN,fe male,1,no,No,69.0,Yes,Yes,DSL,No,Yes,Yes,No,No,Yes,1 Year,Yes,Bank transfer (automatic),95.35,6382,No
0325-XBFAC,Female,0,NO,No,8.0,Yes,No,Fiber Optic,No,No,Yes,No,Yes,Yes,month to month,Yes,Electronic check,94.7,,Yes
4480-QQRHC,Male,1,n,No,8.0,Yes,No,dsl,No,No,Yes,No,No,No,month to month,Yes,Bank transfer (automatic),74.05,600.15,No
0929-PECLO,Male,1,YES,No,63.0,Yes,Yes,fiber,No,No,Yes,No,No,Yes,month to month,,Bank transfer (automatic),89.6,5538.8,No
3680-CTHUH,Male,0,No,No,,Yes,Yes,Fiberoptic,Yes,Yes,Yes,Yes,Yes,Yes,2 year,Yes,Credit card (automatic),116.6,7049.5,No
1202-KKGFU,Male,0,n,No,,Yes,No,Fiber Optic,Yes,No,No,Yes,No,No,Two Year,No,Bank transfer (automatic),54.2,690.5,No
6112-KTHFQ,FEMALE,0,Yes,No,13.0,Yes,No,dsl,No internet service,No internet service,No internet service,No internet service,No internet service,No internet service,Month-to-Month,Yes,Mailed check,19.3,279.3,No
1852-XEMDW,Male,0,Yes,No,22.0,Yes,Yes,Fiberoptic,Yes,Yes,Yes,No,No,No,month to month,No,Mailed check,,1427.55,No
2462-XIIJB,Male,0,n,No,5.0,Yes,Yes,Dsl,No,No,Yes,No,Yes,No,Two Year,Yes,Electronic check,92.5,452.7,Yes
4760-XOHVN,FEMALE,0,Yes,Yes,1.0,Yes,No,Fiberoptic,No internet service,No internet service,No internet service,No internet service,No internet service,No internet service,One Year,No,Mailed check,19.45,19.45,Yes
1820-DJFPH,Female,0,No,Yes,72.0,Yes,Yes,fiber,No internet service,No internet service,No internet service,No internet service,No internet service,No internet service,Two Year,Yes,Bank transfer (automatic),24.05,1709.15,No
9426-SXNHE,FEMALE,0,Yes,No,2.0,Yes,No,Fiber Optic,No internet service,No internet service,No internet service,No internet service,No internet service,No internet service,Two Year,No,Bank transfer (automatic),18.75,53.15,No
9068-FHQHD,Female,0,No,Yes,40.0,Yes,No,dsl,No internet service,No internet service,No internet service,No internet service,No internet service,No internet service,2 Year,No,Bank transfer (automatic),,777.35,No
1269-FOYWN,m,0,n,Yes,44.0,Yes,No,Dsl,No internet service,No internet service,No internet service,No internet service,No internet service,No internet service,2 Year,No,Bank transfer (automatic),20.0,860.85,No
9470-YFUYI,fe male,1,NO,No,71.0,Yes,No,dsl,Yes,Yes,No,Yes,Yes,No,Month-to-Month,,Bank transfer (automatic),,5012.1,No
7817-BOQPW,Male,0,Yes,No,2.0,Yes,Yes,Dsl,No,No,No,No,No,No,month to month,Yes,Electronic check,75.55,166.3,Yes
7402-EYFXX,m,1,YES,No,26.0,Yes,Yes,Dsl,No,No,No,No,Yes,Yes,Two Year,Yes,Electronic check,93.6,2404.1,No
1853-UDXBW,f,0,y,Yes,1.0,Yes,No,dsl,No,No,No,No,No,No,month to month,Yes,Electronic check,70.0,70,Yes
9895-VFOXH,Male,0,Yes,No,1.0,No,No phone service,Fiberoptic,No,No,No,No,No,No,month to month,No,Mailed check,24.4,24.4,No
5458-CQJTA,fe male,0,y,Yes,65.0,Yes,No,Fiber Optic,Yes,No,No,Yes,Yes,Yes,1 Year,Yes,Bank transfer (automatic),74.8,4820.15,Yes
1230-QAJDW,Male,0,No,,3.0,Yes,Yes,DSL,No,No,No,Yes,Yes,No,Month-to-Month,Yes,Mailed check,65.25,209.9,No
5701-ZIKJE,f,0,n,No,,Yes,No,fiber,No,No,No,Yes,No,No,1 Year,Yes,Mailed check,50.55,610.75,No
5219-YIPTK,f,0,y,No,33.0,Yes,Yes,dsl,No,Yes,Yes,No,Yes,Yes,2 year,Yes,Electronic check,104.4,3409.6,Yes
5032-MIYKT,f,0,YES,No,,Yes,No,dsl,No,No,No,No,No,No,month to month,Yes,Mailed check,70.7,70.7,No
7396-VJUZB,Female,0,n,Yes,4.0,Yes,No,dsl,No,No,No,No,No,No,1 year,No,Mailed check,45.25,155.35,No
9717-QEBGU,m,0,No,No,2.0,Yes,No,fiber optic,No,No,No,No,No,No,1 Year,Yes,Electronic check,70.3,144,No
5172-RKOCB,Male,0,y,No,72.0,Yes,Yes,fiber optic,Yes,Yes,No,Yes,Yes,Yes,Month-to-Month,Yes,Credit card (automatic),108.95,7875,No
6509-TSGWN,f,0,NO,Yes,37.0,Yes,Yes,dsl,No internet service,No internet service,No internet service,No internet service,No internet service,No internet service,Two Year,No,Mailed check,26.45,911.6,No
3540-RZJYU,Female,0,YES,No,15.0,Yes,No,Dsl,Yes,No,No,No,Yes,No,2 Year,No,Electronic check,86.2,1270.2,Yes
3178-CIFOT,Female,0,y,No,23.0,Yes,No,dsl,No internet service,No internet service,No internet service,No internet service,No internet service,No internet service,2 year,Yes,Credit card (automatic),19.65,478.1,No
2091-MJTFX,fe male,0,n,Yes,30.0,No,No phone service,dsl,No,No,No,Yes,Yes,Yes,1 Year,No,Credit card (automatic),51.2,,Yes
4530-NDRKU,FEMALE,0,y,Yes,42.0,Yes,No,fiber,No internet service,No internet service,No internet service,No internet service,No internet service,No internet service,month to month,Yes,Electronic check,19.05,761.85,No
5985-TBABQ,m,0,y,No,32.0,Yes,Yes,DSL,Yes,No,No,No,Yes,Yes,Two Year,No,Mailed check,74.75,2282.95,No
9800-ONTFE,fe male,0,no,Yes,22.0,Yes,Yes,fiber optic,No,No,No,No,No,No,Month-to-Month,Yes,Bank transfer (automatic),75.8,1615.1,No
6743-HHQPF,f,0,y,No,42.0,No,No phone service,Dsl,No,No,No,No,No,No,2 year,Yes,Credit card (automatic),25.1,1097.15,No
8455-HIRAQ,Female,0,No,No,8.0,Yes,No,dsl,No,No,No,No,No,No,1 year,No,Mailed check,44.45,369.3,No
6616-AALSR,Female,0,Yes,Yes,65.0,Yes,Yes,fiber optic,Yes,No,Yes,No,Yes,Yes,Month-to-Month,Yes,Credit card (automatic),104.3,6725.3,No
0883-EIBTI,FEMALE,0,Yes,No,2.0,Yes,No,Fiber Optic,No internet service,No internet service,No internet service,No internet service,No internet service,No internet service,Month-to-Month,No,Mailed check,19.5,,Yes
9415-ZNBSX,Male,0,YES,Yes,70.0,Yes,Yes,fiber,Yes,Yes,Yes,Yes,Yes,Yes,Two Year,,Bank transfer (automatic),89.0,6293.2,No
4018-KJYUY,m,0,Yes,,22.0,Yes,No,dsl,No internet service,No internet service,No internet service,No internet service,No internet service,No internet service,1 year,No,Credit card (automatic),20.15,432.5,No
0722-TROQR,Male,1,YES,No,4.0,Yes,Yes,fiber optic,No,No,No,No,No,No,One Year,Yes,Electronic check,74.9,321.75,Yes
7571-YXDAD,Female,0,no,No,2.0,Yes,Yes,Dsl,No,No,No,No,No,No,2 year,No,Credit card (automatic),74.9,147.15,Yes
3884-UEBXB,FEMALE,0,YES,Yes,67.0,No,No phone service,Fiberoptic,Yes,Yes,No,No,No,No,1 year,No,Bank transfer (automatic),36.15,,No
8780-RSYYU,Male,0,no,No,25.0,Yes,No,dsl,No internet service,No internet service,No internet service,No internet service,No internet service,No internet service,Month-to-Month,Yes,Credit card (automatic),19.2,532.1,No
5537-UXXVS,Male,0,YES,No,20.0,Yes,No,dsl,No internet service,No internet service,No internet service,No internet service,No internet service,No internet service,month to month,No,Bank transfer (automatic),19.25,375.25,No
1791-PQHBB,f,0,Yes,Yes,2.0,Yes,No,Fiberoptic,Yes,No,No,No,No,Yes,2 year,Yes,Credit card (automatic),61.2,,No
8701-DGLVH,Female,0,n,No,51.0,Yes,No,Fiber Optic,No internet service,No internet service,No internet service,No internet service,No internet service,No internet service,1 year,No,Mailed check,20.45,1042.65,No
8741-LQOBK,f,0,y,Yes,46.0,No,No phone service,DSL,Yes,Yes,No,No,No,No,One Year,No,Bank transfer (automatic),35.05,1620.25,No
3393-FMZPV,FEMALE,0,No,No,25.0,Yes,Yes,fiber optic,No,Yes,No,No,Yes,Yes,Month-to-Month,,Electronic check,100.25,,Yes
8082-GHXOP,f,0,Yes,Yes,13.0,Yes,No,DSL,No,No,No,No,No,No,1 year,No,Mailed check,44.0,659.35,No
6402-ZFPPI,f,1,Yes,No,25.0,Yes,Yes,Fiberoptic,Yes,Yes,No,No,Yes,Yes,One Year,Yes,Mailed check,102.8,2660.2,Yes
0980-FEXWF,fe male,0,YES,Yes,,Yes,No,fiber,No,No,Yes,No,No,No,Month-to-Month,No,Mailed check,50.35,1285.8,No
7486-KSRVI,Female,0,No,No,43.0,Yes,Yes,Fiber Optic,No,No,No,Yes,Yes,Yes,month to month,Yes,Electronic check,100.0,4211.55,Yes
3011-WQKSZ,fe male,0,n,Yes,19.0,Yes,No,fiber optic,No internet service,No internet service,No internet service,No internet service,No internet service,No internet service,Month-to-Month,Yes,Electronic check,,377.55,No
8443-WVPSS,Male,0,y,No,10.0,Yes,No,Fiberoptic,No,Yes,No,Yes,Yes,Yes,Month-to-Month,Yes,Electronic check,99.85,990.9,Yes
3006-XIMLN,m,0,no,Yes,,Yes,Yes,DSL,No,No,No,No,Yes,Yes,1 year,Yes,Bank transfer (automatic),94.2,193.8,Yes
8218-FFJDS,FEMALE,0,No,No,72.0,Yes,Yes,fiber,Yes,Yes,No,Yes,Yes,Yes,Month-to-Month,Yes,Bank transfer (automatic),86.4,6058.95,No
1986-PHGZF,Female,1,Yes,No,18.0,Yes,Yes,DSL,Yes,Yes,No,No,No,No,month to month,Yes,Credit card (automatic),58.4,964.9,No
9965-YOKZB,Male,1,no,No,9.0,Yes,Yes,fiber,No,No,No,No,No,Yes,2 Year,Yes,Electronic check,83.85,790.15,Yes
0504-HHAPI,Female,1,Yes,No,27.0,Yes,Yes,Fiberoptic,No,No,Yes,No,No,Yes,Month-to-Month,No,Credit card (automatic),88.3,2467.75,Yes
9360-OMDZZ,f,0,n,No,24.0,Yes,Yes,Fiberoptic,No,No,No,No,Yes,Yes,Two Year,Yes,Electronic check,,2322.85,No
6305-YLBMM,fe male,0,no,No,69.0,Yes,No,dsl,No,Yes,Yes,Yes,Yes,Yes,month to month,Yes,Bank transfer (automatic),104.05,7262,Yes
0345-XMMUG,FEMALE,0,Yes,No,46.0,Yes,Yes,DSL,No,Yes,Yes,Yes,Yes,Yes,Two Year,Yes,Credit card (automatic),108.9,4854.3,No
8024-XNAFQ,Male,1,NO,No,72.0,Yes,Yes,fiber optic,Yes,Yes,Yes,Yes,No,Yes,2 year,Yes,Bank transfer (automatic),107.4,,No
3647-GMGDH,m,0,No,No,22.0,Yes,No,Dsl,No,No,Yes,No,Yes,Yes,Two Year,Yes,Credit card (automatic),94.7,1914.9,Yes
2988-GBIVW,FEMALE,1,n,No,70.0,Yes,Yes,Fiber Optic,Yes,No,No,No,No,Yes,2 year,Yes,Electronic check,90.85,6470.1,No
2832-SCUCO,f,0,no,No,2.0,Yes,No,Fiber Optic,No internet service,No internet service,No internet service,No internet service,No internet service,No internet service,One Year,No,Electronic check,19.9,57.4,No
7036-ZZKBD,FEMALE,0,Yes,No,31.0,Yes,No,DSL,No,No,Yes,Yes,No,Yes,Month-to-Month,Yes,Credit card (automatic),66.4,2019.8,No
3791-LGQCY,FEMALE,1,NO,No,56.0,Yes,Yes,Fiber Optic,No,No,Yes,No,Yes,Yes,2 Year,Yes,Bank transfer (automatic),100.65,5688.05,Yes
0265-PSUAE,m,0,Yes,Yes,16.0,Yes,No,fiber,Yes,No,Yes,No,Yes,Yes,2 Year,No,Bank transfer (automatic),100.7,1522.7,No
0463-TXOAK,FEMALE,0,No,Yes,52.0,Yes,Yes,fiber optic,No internet service,No internet service,No internet service,No internet service,No internet service,No internet service,One Year,No,Credit card (automatic),,1334.5,No
0594-UFTUL,m,0,no,Yes,13.0,Yes,No,Dsl,No internet service,No internet service,No internet service,No internet service,No internet service,No internet service,2 year,Yes,Mailed check,19.85,252,No
9509-MPYOD,Male,0,NO,No,35.0,Yes,No,Fiber Optic,No internet service,No internet service,No internet service,No internet service,No internet service,No internet service,2 year,No,Mailed check,20.75,700.45,No
9128-CPXKI,f,0,Yes,No,59.0,Yes,No,fiber optic,No,No,Yes,No,Yes,Yes,One Year,No,Electronic check,95.8,5655.45,No
0129-KPTWJ,f,0,YES,No,72.0,Yes,No,Dsl,No,No,Yes,No,Yes,Yes,One Year,Yes,Electronic check,94.65,6747.35,No
8166-ZZTFS,m,1,Yes,No,66.0,Yes,Yes,dsl,No,Yes,Yes,No,Yes,Yes,2 Year,Yes,Bank transfer (automatic),80.55,,Yes
5855-EIBDE,Female,0,y,No,49.0,Yes,Yes,Fiber Optic,Yes,Yes,Yes,Yes,No,Yes,2 Year,No,Credit card (automatic),106.65,5174.35,No
5365-LLFYV,FEMALE,0,NO,No,2.0,Yes,No,DSL,No,No,No,No,No,No,One Year,Yes,Mailed check,45.85,105.6,No
5956-YHHRX,Male,1,y,No,21.0,Yes,Yes,Fiber Optic,No,Yes,Yes,No,Yes,Yes,One Year,Yes,Electronic check,104.35,2271.85,No
6008-NAIXK,f,1,NO,No,,No,No phone service,Dsl,No,Yes,Yes,No,Yes,Yes,One Year,Yes,Electronic check,55.45,2966.95,No
2956-GGUCQ,FEMALE,1,Yes,No,24.0,Yes,Yes,Fiberoptic,Yes,No,No,No,No,No,Month-to-Month,Yes,Electronic check,78.85,1772.25,Yes
1928-BXYIV,Female,0,no,No,1.0,Yes,Yes,DSL,Yes,Yes,No,No,No,No,2 Year,No,Electronic check,61.15,61.15,No
5760-FXFVO,f,0,Yes,No,6.0,Yes,No,fiber,Yes,Yes,No,No,No,No,1 year,,Electronic check,78.95,494.95,No
6595-COKXZ,Male,0,NO,No,1.0,Yes,No,DSL,No,No,No,No,No,No,Two Year,Yes,Mailed check,44.45,44.45,Yes
0961-ZWLVI,m,0,n,Yes,,Yes,Yes,fiber,Yes,Yes,Yes,No,Yes,Yes,One Year,Yes,Credit card (automatic),109.2,5290.45,No
5181-OABFK,Male,0,n,Yes,56.0,Yes,No,fiber,Yes,Yes,Yes,No,No,No,2 year,Yes,Credit card (automatic),61.3,3346.8,No
4007-NHVHI,Male,1,Yes,No,56.0,Yes,Yes,Fiberoptic,Yes,Yes,No,No,No,Yes,2 year,Yes,Electronic check,96.85,5219.65,No
7816-VGHTO,fe male,0,Yes,Yes,6.0,No,No phone service,Fiberoptic,No,Yes,Yes,Yes,No,No,Two Year,No,Mailed check,40.55,217.5,No
5871-DGTXZ,Male,0,no,No,32.0,Yes,No,dsl,No internet service,No internet service,No internet service,No internet service,No internet service,No internet service,1 year,No,Mailed check,19.8,607.7,No
7550-WIQVA,Male,0,NO,Yes,50.0,Yes,Yes,DSL,Yes,Yes,Yes,No,Yes,Yes,1 Year,Yes,Electronic check,,5431.4,No
7544-ZVIKX,Male,0,NO,Yes,58.0,Yes,Yes,Fiberoptic,No,No,Yes,Yes,Yes,Yes,Month-to-Month,Yes,Bank transfer (automatic),105.05,6004.85,No
0016-QLJIS,m,0,No,Yes,65.0,Yes,Yes,fiber,Yes,Yes,Yes,Yes,Yes,Yes,Two Year,Yes,Mailed check,90.45,5957.9,No
7508-DQAKK,f,0,No,No,64.0,Yes,Yes,Fiberoptic,Yes,Yes,Yes,Yes,Yes,Yes,2 Year,,Credit card (automatic),86.4,5442.05,No
5176-OLSKT,fe male,0,Yes,No,66.0,Yes,Yes,Dsl,Yes,Yes,Yes,No,No,No,2 year,No,Bank transfer (automatic),,4370.25,No
9356-AXGMP,Male,0,Yes,No,38.0,Yes,Yes,Dsl,Yes,No,Yes,Yes,Yes,Yes,2 year,Yes,Electronic check,110.7,4428.6,No
3556-BVQGL,fe male,0,y,No,20.0,Yes,No,dsl,No internet service,No internet service,No internet service,No internet service,No internet service,No internet service,1 year,Yes,Mailed check,20.0,,No
0362-ZBZWJ,fe male,0,No,No,36.0,Yes,Yes,fiber optic,No,No,No,No,No,Yes,month to month,Yes,Electronic check,84.9,3067.2,Yes
8979-CAMGB,f,1,y,No,64.0,Yes,Yes,Dsl,No,No,Yes,Yes,Yes,Yes,month to month,No,Electronic check,102.1,6688.1,No
4211-MMAZN,fe male,0,Yes,No,1.0,Yes,No,fiber optic,No internet service,No internet service,No internet service,No internet service,No internet service,No internet service,2 Year,No,Mailed check,20.25,20.25,Yes
7581-EBBOU,Male,0,YES,No,60.0,Yes,No,dsl,No,Yes,Yes,Yes,Yes,No,Two Year,Yes,Credit card (automatic),70.15,4224.7,No
4274-OWWYO,m,0,no,No,1.0,Yes,No,DSL,No,Yes,No,No,No,No,1 Year,Yes,Electronic check,74.35,74.35,Yes
5073-RZGBK,Male,0,NO,Yes,,Yes,Yes,fiber,Yes,Yes,Yes,Yes,No,Yes,month to month,Yes,Bank transfer (automatic),80.05,4042.2,No
1541-ETJZO,Male,0,YES,No,1.0,Yes,Yes,dsl,No,No,Yes,Yes,No,No,2 Year,,Mailed check,62.05,62.05,Yes
2192-CKRLV,Female,0,No,No,72.0,No,No phone service,Fiberoptic,Yes,Yes,Yes,No,No,Yes,2 Year,Yes,Electronic check,49.2,3580.95,No
3154-HMWUU,Male,0,no,No,60.0,Yes,No,DSL,No internet service,No internet service,No internet service,No internet service,No internet service,No internet service,One Year,Yes,Bank transfer (automatic),,1198.8,No
6119-SPUDB,Male,0,NO,No,46.0,No,No phone service,Dsl,Yes,No,Yes,Yes,No,No,2 Year,No,Mailed check,38.25,1755.35,No
6522-OIQSX,FEMALE,0,Yes,Yes,69.0,No,No phone service,DSL,No,Yes,Yes,No,Yes,Yes,1 year,Yes,Credit card (automatic),54.95,,No
7813-ZGGAW,Female,1,Yes,No,31.0,Yes,Yes,Fiberoptic,No,No,Yes,Yes,Yes,No,1 year,Yes,Bank transfer (automatic),96.6,2877.95,No
8748-HFWBO,fe male,0,no,Yes,19.0,Yes,No,fiber,No internet service,No internet service,No internet service,No internet service,No internet service,No internet service,Two Year,No,Mailed check,19.9,357.7,No
1052-QJIBV,Male,0,y,Yes,71.0,Yes,No,Fiberoptic,No internet service,No internet service,No internet service,No internet service,No internet service,No internet service,1 Year,No,Credit card (automatic),19.9,1397.3,No
1319-YLZJG,Male,0,Yes,No,12.0,Yes,No,fiber,Yes,Yes,Yes,No,No,No,Two Year,Yes,Electronic check,,959.9,No
4106-HADHQ,f,0,y,Yes,39.0,Yes,No,DSL,Yes,No,Yes,Yes,Yes,Yes,month to month,No,Credit card (automatic),80.0,3182.95,Yes
0723-FDLAY,Male,0,YES,No,44.0,Yes,Yes,fiber,No,Yes,Yes,Yes,Yes,Yes,Two Year,Yes,Bank transfer (automatic),85.25,3704.15,No
3050-RLLXC,Female,0,Yes,Yes,56.0,Yes,Yes,Dsl,Yes,Yes,Yes,Yes,Yes,No,1 Year,No,Credit card (automatic),81.25,4620.4,No
9298-WGMRW,m,0,y,No,72.0,Yes,Yes,dsl,Yes,Yes,Yes,Yes,Yes,Yes,Month-to-Month,Yes,Bank transfer (automatic),115.5,8312.75,No
2369-UAPKZ,FEMALE,0,Yes,No,5.0,Yes,Yes,dsl,No,Yes,Yes,No,Yes,Yes,2 year,No,Mailed check,104.1,541.9,Yes
3088-LHEFH,FEMALE,0,no,No,,Yes,Yes,Dsl,Yes,No,No,No,No,No,1 year,Yes,Bank transfer (automatic),79.0,929.3,No
2778-OCLGR,FEMALE,1,Yes,No,24.0,No,No phone service,Fiber Optic,Yes,No,No,No,No,Yes,month to month,No,Bank transfer (automatic),39.1,971.3,Yes
6583-KQJLK,Female,1,y,No,15.0,Yes,No,Dsl,No,Yes,No,No,Yes,Yes,Month-to-Month,Yes,Electronic check,94.65,1285.05,No
8544-JNBOX,f,0,No,,72.0,Yes,No,dsl,No internet service,No internet service,No internet service,No internet service,No internet service,No internet service,2 Year,Yes,Mailed check,20.8,1521.2,No
6681-ZSEXG,Male,0,NO,No,56.0,Yes,Yes,fiber optic,No,Yes,Yes,No,No,No,2 year,No,Credit card (automatic),59.5,3389.25,No
6139-ZZRBQ,Female,1,NO,No,64.0,Yes,No,fiber optic,No internet service,No internet service,No internet service,No internet service,No internet service,No internet service,2 year,,Bank transfer (automatic),20.05,1198.05,No
6116-RFVHN,Male,0,Yes,No,34.0,Yes,Yes,Fiber Optic,No,No,Yes,No,Yes,Yes,1 Year,Yes,Electronic check,100.45,3414.65,No
0637-KVDLV,f,0,No,No,2.0,Yes,Yes,Fiber Optic,No,No,No,No,No,No,2 year,Yes,Electronic check,76.5,162.45,Yes
8884-FEEWR,FEMALE,0,NO,No,35.0,Yes,No,DSL,No internet service,No internet service,No internet service,No internet service,No internet service,No internet service,Month-to-Month,No,Bank transfer (automatic),20.6,,No
3125-RAHBV,fe male,0,no,No,22.0,Yes,No,DSL,No internet service,No internet service,No internet service,No internet service,No internet service,No internet service,month to month,No,Credit card (automatic),20.3,467.15,No
6633-MPWBS,FEMALE,0,NO,No,5.0,Yes,No,fiber,No,No,No,Yes,No,No,One Year,Yes,Electronic check,49.2,216.9,Yes
0373-AIVNJ,m,0,No,No,9.0,No,No phone service,fiber optic,Yes,Yes,Yes,No,No,No,One Year,No,Mailed check,39.55,373,No
8785-EPNCG,Male,0,NO,No,11.0,Yes,Yes,Dsl,No internet service,No internet service,No internet service,No internet service,No internet service,No internet service,One Year,No,Credit card (automatic),23.15,245.2,Yes
1682-VCOIO,Male,0,y,No,23.0,Yes,No,fiber,No internet service,No internet service,No internet service,No internet service,No internet service,No internet service,Two Year,No,Mailed check,20.45,481.1,No
5729-KLZAR,Female,0,Yes,Yes,4.0,Yes,No,fiber optic,No,No,No,No,No,Yes,Two Year,No,Electronic check,80.85,302.75,Yes
2072-ZVJJX,FEMALE,0,YES,No,68.0,Yes,Yes,dsl,No internet service,No internet service,No internet service,No internet service,No internet service,No internet service,2 year,No,Bank transfer (automatic),25.25,1728.2,No
8849-AYPTR,FEMALE,0,no,No,33.0,Yes,No,Dsl,No,No,No,No,Yes,Yes,month to month,No,Electronic check,91.25,2964.05,No
9518-IMLHK,m,0,Yes,No,31.0,Yes,No,Dsl,Yes,Yes,Yes,Yes,Yes,No,Two Year,Yes,Bank transfer (automatic),72.45,2156.25,No
1582-RAFML,FEMALE,0,no,,1.0,Yes,Yes,fiber optic,No,Yes,No,Yes,No,No,1 year,No,Mailed check,60.1,60.1,Yes
3646-ITDGM,m,0,n,No,56.0,Yes,No,Fiber Optic,No internet service,No internet service,No internet service,No internet service,No internet service,No internet service,Two Year,No,Bank transfer (automatic),19.7,1051.9,No
8740-CRYFY,m,0,Yes,No,1.0,Yes,No,Fiber Optic,No,No,No,No,Yes,No,2 Year,Yes,Electronic check,78.95,78.95,Yes
3569-VLDHH,fe male,0,NO,Yes,66.0,Yes,No,Fiberoptic,Yes,Yes,Yes,Yes,Yes,No,Month-to-Month,Yes,Electronic check,,5013,No
8224-KDLKN,f,0,Yes,,72.0,Yes,Yes,Dsl,No internet service,No internet service,No internet service,No internet service,No internet service,No internet service,1 year,No,Bank transfer (automatic),25.0,1738.9,No
7594-LZNWR,Male,1,no,No,34.0,Yes,No,DSL,No,No,No,No,No,No,2 Year,No,Credit card (automatic),69.15,2275.1,No
4001-TSBTV,FEMALE,0,No,Yes,58.0,Yes,No,Fiber Optic,No,Yes,Yes,No,Yes,No,Two Year,Yes,Electronic check,91.55,5511.65,No
2962-XPMCQ,m,0,No,No,2.0,Yes,No,fiber,No,No,No,No,No,No,1 year,Yes,Electronic check,45.15,,Yes
8727-XDPUD,f,0,NO,No,37.0,No,No phone service,fiber optic,No,No,No,No,Yes,No,Month-to-Month,No,Credit card (automatic),35.8,1316.9,No
1043-UXOVO,fe male,0,n,No,71.0,Yes,Yes,fiber optic,Yes,Yes,Yes,Yes,Yes,Yes,1 year,Yes,Credit card (automatic),113.15,7993.3,No
1064-FBXNK,Male,0,n,,1.0,Yes,No,Fiber Optic,No internet service,No internet service,No internet service,No internet service,No internet service,No internet service,1 Year,No,Credit card (automatic),19.85,19.85,No
3996-ZNWYK,Male,1,NO,Yes,,Yes,No,fiber optic,No internet service,No internet service,No internet service,No internet service,No internet service,No internet service,month to month,No,Credit card (automatic),19.8,1388.45,No
2878-DHMIN,f,0,y,Yes,35.0,Yes,No,fiber optic,No internet service,No internet service,No internet service,No internet service,No internet service,No internet service,One Year,No,Electronic check,19.9,,No
7762-ONLJY,FEMALE,0,no,Yes,6.0,Yes,No,fiber,No internet service,No internet service,No internet service,No internet service,No internet service,No internet service,Month-to-Month,No,Mailed check,19.7,94.45,No
1678-FYZOW,Male,0,y,,3.0,Yes,No,DSL,No,No,No,No,Yes,No,2 Year,Yes,Electronic check,79.4,244.65,Yes
5795-BKOYE,Female,0,No,Yes,69.0,Yes,No,Fiber Optic,No,Yes,Yes,Yes,No,No,1 Year,No,Bank transfer (automatic),59.1,4134.7,No
8627-EHGIP,Male,0,No,No,44.0,No,No phone service,dsl,No,Yes,Yes,No,Yes,Yes,1 year,Yes,Mailed check,53.95,2375.4,Yes
7402-PWYJJ,Female,0,YES,No,53.0,Yes,Yes,Fiber Optic,No,No,No,Yes,No,Yes,Month-to-Month,Yes,Electronic check,91.15,4862.5,No
5480-TBGPH,m,0,Yes,No,24.0,Yes,No,Fiberoptic,No,Yes,Yes,No,Yes,Yes,Two Year,Yes,Credit card (automatic),99.3,2431.35,Yes
0018-NYROU,f,0,n,No,5.0,Yes,No,Fiberoptic,No,No,No,No,No,No,Month-to-Month,Yes,Electronic check,68.95,351.5,No
7501-VTYLJ,fe male,0,YES,Yes,2.0,Yes,No,Fiberoptic,No,Yes,No,No,No,No,1 year,No,Mailed check,51.55,106.2,No
7608-RGIRO,Female,0,n,Yes,62.0,Yes,Yes,Fiberoptic,No internet service,No internet service,No internet service,No internet service,No internet service,No internet service,1 year,Yes,Mailed check,24.4,1413,No
0480-BIXDE,fe male,0,Yes,No,19.0,Yes,No,fiber,No,No,Yes,No,Yes,Yes,2 Year,Yes,Electronic check,96.8,1743.05,No
5895-QSXOD,m,0,Yes,No,9.0,Yes,No,Dsl,No,No,No,No,No,No,One Year,No,Mailed check,70.05,657.5,No
9814-AOUDH,m,0,NO,No,,Yes,No,Fiber Optic,No internet service,No internet service,No internet service,No internet service,No internet service,No internet service,2 year,No,Credit card (automatic),19.5,1050.5,No
6175-IRFIT,fe male,0,No,No,5.0,Yes,No,dsl,No,No,No,No,No,Yes,2 Year,No,Mailed check,,426.35,No
8760-ZRHKE,FEMALE,1,y,Yes,71.0,Yes,Yes,Fiber Optic,Yes,Yes,No,No,Yes,No,2 Year,No,Electronic check,69.2,4982.5,No
1622-HSHSF,Female,0,Yes,No,1.0,Yes,No,fiber,No internet service,No internet service,No internet service,No internet service,No internet service,No internet service,Two Year,Yes,Mailed check,19.55,19.55,No
8854-CCVSQ,Male,0,NO,No,18.0,Yes,Yes,fiber optic,No,Yes,No,No,No,No,Month-to-Month,Yes,Electronic check,80.65,1451.9,Yes
6749-UTDVX,Female,0,n,No,72.0,Yes,Yes,DSL,No,Yes,Yes,No,Yes,Yes,One Year,Yes,Electronic check,103.65,7634.8,No
5542-DHSXL,Male,0,n,No,4.0,Yes,No,Dsl,Yes,Yes,No,No,No,No,One Year,No,Mailed check,54.7,235.05,No
9102-OXKFY,Male,0,n,No,59.0,Yes,Yes,fiber,No,No,Yes,No,No,No,1 year,No,Credit card (automatic),54.15,3116.15,No
0511-JTEOY,f,0,No,No,1.0,Yes,No,fiber optic,No,No,No,No,No,No,2 Year,No,Mailed check,71.1,,Yes
5216-WASFJ,FEMALE,1,No,,31.0,Yes,Yes,DSL,No,No,No,No,No,Yes,2 year,Yes,Electronic check,84.85,2633.4,No
7808-DVWEP,Female,0,NO,No,3.0,Yes,No,Fiber Optic,No internet service,No internet service,No internet service,No internet service,No internet service,No internet service,2 year,No,Bank transfer (automatic),20.0,49.65,No
7067-KSAZT,Male,1,n,,65.0,Yes,Yes,Fiber Optic,No,Yes,Yes,No,Yes,Yes,month to month,Yes,Electronic check,106.25,6979.8,Yes
2284-VFLKH,f,0,Yes,No,49.0,Yes,No,Fiber Optic,No,No,Yes,Yes,Yes,Yes,month to month,Yes,Credit card (automatic),99.25,4920.8,No
0366-NQSHS,f,0,Yes,No,,Yes,No,Fiberoptic,No internet service,No internet service,No internet service,No internet service,No internet service,No internet service,2 year,No,Mailed check,19.35,46.35,No
6532-YLWSI,Male,0,YES,No,53.0,Yes,No,fiber,No internet service,No internet service,No internet service,No internet service,No internet service,No internet service,1 year,No,Bank transfer (automatic),20.8,,Yes
3807-BPOMJ,fe male,0,NO,No,55.0,Yes,No,Fiber Optic,Yes,No,No,No,Yes,Yes,One Year,Yes,Electronic check,94.75,5276.1,No
3892-NXAZG,Male,0,No,Yes,72.0,Yes,Yes,Fiber Optic,Yes,Yes,Yes,Yes,Yes,Yes,1 year,Yes,Credit card (automatic),,8289.2,No
4948-WBBKL,Male,1,Yes,No,36.0,Yes,Yes,Fiberoptic,No,No,No,No,No,No,Month-to-Month,Yes,Bank transfer (automatic),74.9,2659.45,No
4182-BGSIQ,Male,0,YES,Yes,10.0,Yes,No,Fiberoptic,No internet service,No internet service,No internet service,No internet service,No internet service,No internet service,1 year,Yes,Bank transfer (automatic),19.8,196.75,No
9300-AGZNL,FEMALE,1,Yes,No,1.0,Yes,Yes,Fiber Optic,No,No,No,No,Yes,Yes,Two Year,,Electronic check,94.0,94,Yes
0988-AADSA,Female,0,n,Yes,72.0,Yes,Yes,fiber optic,Yes,Yes,Yes,Yes,No,Yes,2 year,,Bank transfer (automatic),80.85,5824.75,No
9972-NKTFD,FEMALE,0,Yes,No,28.0,Yes,No,fiber,No,Yes,No,Yes,No,No,1 year,No,Bank transfer (automatic),54.65,1517.5,No
3717-LNXKW,Male,0,n,No,38.0,Yes,Yes,Dsl,Yes,No,No,No,Yes,No,2 Year,No,Bank transfer (automatic),91.7,3479.05,No
5734-EJKXG,fe male,0,n,No,61.0,Yes,Yes,DSL,Yes,Yes,Yes,Yes,Yes,Yes,Month-to-Month,Yes,Electronic check,118.6,7365.7,No
2207-RYYRL,Male,0,no,Yes,52.0,Yes,Yes,Fiberoptic,No internet service,No internet service,No internet service,No internet service,No internet service,No internet service,2 year,No,Mailed check,24.55,1331.05,No
6729-FZWSY,fe male,0,no,No,67.0,Yes,No,fiber,No internet service,No internet service,No internet service,No internet service,No internet service,No internet service,One Year,Yes,Mailed check,19.45,1195.95,No
9695-IDRZR,m,0,NO,,34.0,Yes,Yes,dsl,Yes,Yes,Yes,Yes,Yes,Yes,1 year,Yes,Credit card (automatic),116.15,3946.9,No
8144-DGHXP,fe male,0,no,No,54.0,Yes,No,dsl,Yes,No,Yes,Yes,Yes,Yes,1 Year,No,Electronic check,80.6,4299.95,No
7814-LEEVE,Female,0,YES,No,1.0,Yes,No,fiber optic,No internet service,No internet service,No internet service,No internet service,No internet service,No internet service,month to month,Yes,Bank transfer (automatic),20.3,20.3,No
1112-CUNAO,fe male,1,NO,No,15.0,Yes,Yes,fiber,No,Yes,No,No,No,Yes,month to month,No,Electronic check,89.85,1424.95,Yes
5175-AOBHI,FEMALE,0,Yes,No,4.0,Yes,No,fiber optic,No,No,No,No,No,No,month to month,Yes,Mailed check,46.0,193.6,Yes
5174-RNGBH,FEMALE,0,No,No,9.0,Yes,No,Dsl,No,Yes,No,Yes,Yes,No,1 year,,Mailed check,66.25,620.55,Yes
8631-WUXGY,fe male,0,Yes,Yes,46.0,Yes,No,Dsl,No,Yes,Yes,No,Yes,Yes,Month-to-Month,Yes,Electronic check,99.8,4391.25,No
7270-BDIOA,m,0,YES,No,22.0,Yes,Yes,Fiberoptic,No,No,No,Yes,Yes,No,2 year,Yes,Electronic check,90.0,,Yes
9565-JSNFM,m,0,y,No,38.0,Yes,No,fiber optic,No,No,No,No,No,No,Two Year,Yes,Bank transfer (automatic),70.45,2597.6,Yes
5906-DVAPM,Male,0,No,Yes,55.0,Yes,Yes,Fiberoptic,Yes,Yes,No,Yes,Yes,No,Month-to-Month,Yes,Credit card (automatic),75.0,4213.9,No
6654-QGBZZ,Male,0,No,No,1.0,Yes,No,Fiberoptic,No internet service,No internet service,No internet service,No internet service,No internet service,No internet service,2 Year,No,Mailed check,19.9,19.9,No
8348-JLBUG,m,1,Yes,No,64.0,Yes,No,Dsl,Yes,No,Yes,No,No,No,Month-to-Month,No,Credit card (automatic),,5017.7,No
0607-DAAHE,m,0,Yes,Yes,53.0,Yes,No,DSL,No internet service,No internet service,No internet service,No internet service,No internet service,No internet service,1 Year,No,Bank transfer (automatic),19.75,1052.35,Yes
5641-DMBFJ,Male,0,n,No,58.0,Yes,Yes,Dsl,Yes,No,Yes,Yes,Yes,Yes,1 Year,Yes,Electronic check,84.3,4916.4,No
9200-NLNPD,Male,0,y,No,56.0,No,No phone service,Fiberoptic,No,No,Yes,Yes,Yes,Yes,2 Year,Yes,Bank transfer (automatic),,2959.8,No
2664-XJZNO,Female,0,Yes,Yes,72.0,Yes,No,Dsl,Yes,No,Yes,Yes,Yes,Yes,One Year,Yes,Credit card (automatic),104.9,7559.55,No
9732-KPKBW,f,0,NO,No,1.0,Yes,No,Fiberoptic,Yes,No,No,Yes,No,No,2 Year,Yes,Electronic check,,53.95,Yes
3339-EAQNV,Female,1,Yes,No,72.0,Yes,Yes,Dsl,No,Yes,No,No,Yes,Yes,month to month,Yes,Credit card (automatic),,7133.1,No
0921-OHLVP,fe male,0,YES,No,22.0,Yes,Yes,Fiberoptic,No,No,No,No,No,Yes,1 year,No,Electronic check,83.05,1799.3,No
3389-YGYAI,f,1,n,No,8.0,Yes,Yes,fiber optic,No,Yes,Yes,No,Yes,Yes,One Year,Yes,Electronic check,105.5,829.55,Yes
9560-ARGQJ,Male,0,YES,Yes,16.0,Yes,No,Fiber Optic,No,No,No,No,Yes,No,2 Year,Yes,Electronic check,81.0,1312.15,Yes
8350-NYMVI,m,0,no,No,39.0,No,No phone service,Dsl,No,Yes,Yes,Yes,No,No,1 Year,No,Bank transfer (automatic),,1597.05,No
1600-DILPE,Female,0,Yes,,12.0,Yes,No,Dsl,No,No,No,No,No,No,1 year,Yes,Bank transfer (automatic),45.0,524.35,No
0536-ESJEP,Male,0,no,No,54.0,Yes,No,dsl,Yes,Yes,No,No,Yes,Yes,1 year,Yes,Bank transfer (automatic),74.55,4191.45,No
4654-GGUII,Female,0,No,No,18.0,No,No phone service,fiber optic,Yes,Yes,No,Yes,No,No,One Year,Yes,Mailed check,40.2,711.95,No
6478-HRRCZ,m,0,y,No,32.0,Yes,No,Fiberoptic,Yes,Yes,No,Yes,No,Yes,Month-to-Month,No,Mailed check,70.5,2201.75,No
8510-BBWMU,Male,0,YES,No,41.0,Yes,No,Dsl,No internet service,No internet service,No internet service,No internet service,No internet service,No internet service,Two Year,Yes,Mailed check,19.75,806.95,No
6857-TKDJV,f,0,YES,Yes,67.0,Yes,Yes,dsl,No internet service,No internet service,No internet service,No internet service,No internet service,No internet service,1 Year,No,Bank transfer (automatic),24.65,1620.45,No
2360-RDGRO,Male,0,NO,No,65.0,Yes,Yes,Fiberoptic,Yes,No,Yes,No,Yes,Yes,Month-to-Month,Yes,Electronic check,104.25,6812.95,No
0584-BJQGZ,fe male,0,No,No,25.0,Yes,Yes,DSL,Yes,Yes,Yes,Yes,Yes,No,Month-to-Month,Yes,Bank transfer (automatic),,1837.9,No
5134-IKDAY,FEMALE,0,NO,Yes,1.0,Yes,No,Dsl,No,No,No,No,No,No,1 year,Yes,Electronic check,69.8,69.8,Yes
1360-XFJMR,fe male,0,No,No,67.0,Yes,Yes,Dsl,No,Yes,Yes,Yes,Yes,Yes,One Year,Yes,Credit card (automatic),109.7,7344.45,No
3070-DVEYC,f,1,Yes,No,,Yes,Yes,Fiberoptic,No,No,No,No,No,No,month to month,No,Mailed check,73.75,545.15,Yes
5730-RIITO,m,1,n,No,43.0,No,No phone service,Fiberoptic,Yes,Yes,No,No,No,No,1 Year,Yes,Credit card (automatic),33.45,1500.25,No
9058-MJLZC,Male,0,no,No,24.0,Yes,No,DSL,Yes,No,No,No,Yes,Yes,1 year,Yes,Electronic check,94.6,,No
5707-ORNDZ,Female,1,No,No,9.0,Yes,Yes,dsl,Yes,No,No,No,No,No,1 Year,No,Electronic check,54.55,494.05,Yes
0902-XKXPN,Male,0,Yes,Yes,69.0,Yes,No,Fiber Optic,No internet service,No internet service,No internet service,No internet service,No internet service,No internet service,1 year,No,Bank transfer (automatic),20.2,1376.5,No
5177-RVZNU,fe male,0,No,Yes,37.0,Yes,No,fiber optic,No internet service,No internet service,No internet service,No internet service,No internet service,No internet service,One Year,No,Bank transfer (automatic),20.3,755.4,No
0056-EPFBG,Male,0,NO,Yes,20.0,No,No phone service,Fiber Optic,Yes,No,Yes,Yes,No,No,month to month,Yes,Credit card (automatic),39.4,825.4,No
8993-IZEUX,m,0,Yes,No,7.0,Yes,No,Dsl,No,No,No,No,No,No,Month-to-Month,No,Bank transfer (automatic),69.15,488.65,No
8696-JKZNU,f,1,NO,No,37.0,Yes,Yes,fiber,No,No,No,No,No,No,1 Year,Yes,Electronic check,76.25,2841.55,Yes
5380-AFSSK,Male,0,No,No,5.0,Yes,Yes,Dsl,No,No,No,No,Yes,Yes,Month-to-Month,Yes,Mailed check,93.9,486.85,Yes
8190-ZTQFB,Male,0,No,No,,No,No phone service,Fiber Optic,No,No,Yes,No,Yes,Yes,1 year,Yes,Electronic check,51.35,2075.1,No
0931-MHTEM,Male,0,Yes,No,54.0,Yes,No,Fiberoptic,Yes,Yes,No,No,Yes,Yes,1 Year,Yes,Credit card (automatic),100.05,5299.65,No
2055-PDADH,FEMALE,1,Yes,No,3.0,Yes,No,fiber,No,No,No,No,No,No,One Year,Yes,Electronic check,70.4,204.7,Yes
7515-LODFU,fe male,1,y,No,69.0,Yes,No,Fiber Optic,No internet service,No internet service,No internet service,No internet service,No internet service,No internet service,Two Year,No,Credit card (automatic),20.3,1356.3,No
0440-UEDAI,Female,0,YES,No,53.0,Yes,No,fiber,No,Yes,Yes,Yes,No,Yes,Month-to-Month,Yes,Credit card (automatic),94.45,5042.75,No
1337-BOZWO,Male,0,No,Yes,18.0,No,No phone service,Fiberoptic,No,Yes,Yes,No,Yes,No,2 year,No,Credit card (automatic),46.4,812.4,No
0868-VJRDR,fe male,0,YES,No,64.0,Yes,No,Fiberoptic,Yes,Yes,No,Yes,Yes,Yes,1 year,Yes,Credit card (automatic),104.05,6605.55,No
8714-EUHJO,Male,0,NO,,31.0,Yes,Yes,Fiber Optic,No,Yes,No,No,No,Yes,One Year,Yes,Electronic check,91.15,2995.45,Yes
6344-SFJVH,fe male,0,Yes,No,20.0,No,No phone service,fiber optic,No,No,No,No,No,No,One Year,No,Credit card (automatic),24.9,505.95,No
3950-VPYJB,FEMALE,0,Yes,Yes,57.0,Yes,No,fiber,Yes,Yes,No,Yes,No,No,1 Year,No,Mailed check,59.6,,No
8041-TMEID,Male,1,Yes,No,63.0,Yes,Yes,Dsl,Yes,Yes,Yes,No,Yes,Yes,One Year,No,Credit card (automatic),108.5,6991.9,No
7321-ZNSLA,Female,0,n,Yes,13.0,No,No phone service,DSL,Yes,Yes,No,Yes,No,No,Two Year,No,Mailed check,40.55,590.35,No
6941-KXRRV,Male,1,y,No,48.0,Yes,No,Fiberoptic,No,Yes,No,No,No,Yes,2 Year,Yes,Bank transfer (automatic),58.95,2789.7,No
3721-CNEYS,Female,0,NO,No,2.0,Yes,No,fiber optic,No,No,No,No,No,No,2 year,Yes,Electronic check,70.95,137.95,Yes
8727-JQFHV,fe male,0,NO,Yes,57.0,Yes,No,fiber,No internet service,No internet service,No internet service,No internet service,No internet service,No internet service,1 Year,,Mailed check,20.75,1123.15,No
9475-NNDGC,m,0,Yes,No,71.0,Yes,Yes,DSL,No,Yes,Yes,Yes,Yes,Yes,2 Year,Yes,Bank transfer (automatic),113.15,7953.25,No
1355-KUSBG,FEMALE,0,y,Yes,7.0,Yes,Yes,fiber,No,No,No,No,No,No,2 Year,No,Electronic check,48.8,349.8,No
3688-FTHLT,Male,0,Yes,No,16.0,Yes,Yes,fiber optic,No,No,No,No,No,Yes,Month-to-Month,Yes,Bank transfer (automatic),,1067.05,No
0899-LIIBW,m,0,no,No,34.0,Yes,Yes,Fiberoptic,No,No,Yes,No,Yes,Yes,Two Year,No,Electronic check,100.85,3527.3,No
2568-OIADY,m,0,Yes,No,37.0,Yes,Yes,DSL,No,No,Yes,No,Yes,Yes,1 year,Yes,Electronic check,99.5,3762,Yes
1384-RCUXW,Male,0,Yes,No,16.0,Yes,Yes,dsl,No,Yes,No,No,No,No,2 Year,Yes,Mailed check,80.55,1248.9,No
5825-XJOCM,fe male,0,y,Yes,48.0,Yes,Yes,fiber,Yes,Yes,Yes,No,No,No,Month-to-Month,Yes,Bank transfer (automatic),64.4,3035.35,No
6848-YLDFR,m,0,Yes,,58.0,Yes,No,Fiberoptic,No,Yes,No,Yes,Yes,Yes,2 Year,,Credit card (automatic),75.2,4300.8,No
8125-QPFJD,FEMALE,0,Yes,No,72.0,Yes,Yes,DSL,Yes,No,Yes,Yes,Yes,Yes,2 year,Yes,Bank transfer (automatic),84.9,6065.3,No
2320-YKQBO,fe male,0,n,No,7.0,Yes,No,dsl,No internet service,No internet service,No internet service,No internet service,No internet service,No internet service,1 Year,No,Mailed check,19.3,144.95,No
1193-RTSLK,Female,0,Yes,No,38.0,Yes,No,Fiberoptic,Yes,Yes,Yes,No,No,No,One Year,Yes,Credit card (automatic),83.9,3233.6,Yes
2302-ANTDP,Male,1,n,No,48.0,Yes,Yes,fiber,Yes,Yes,Yes,Yes,Yes,Yes,1 Year,No,Electronic check,117.45,5438.9,Yes
5923-GXUOC,m,0,no,No,10.0,Yes,No,Fiberoptic,Yes,Yes,Yes,No,Yes,Yes,Two Year,Yes,Electronic check,,1081.45,Yes
4973-RLZVI,fe male,0,y,No,30.0,Yes,No,Dsl,Yes,Yes,Yes,Yes,Yes,No,Two Year,No,Credit card (automatic),74.65,2308.6,No
7869-ZYDST,Female,0,Yes,No,31.0,Yes,Yes,Fiber Optic,No,No,No,No,Yes,No,Month-to-Month,Yes,Credit card (automatic),59.05,1882.8,No
4501-UYKBC,m,1,no,No,46.0,Yes,Yes,Fiber Optic,No,No,Yes,Yes,No,Yes,Two Year,Yes,Credit card (automatic),69.1,3255.35,No
1215-EXRMO,m,0,NO,No,50.0,Yes,No,Dsl,No internet service,No internet service,No internet service,No internet service,No internet service,No internet service,One Year,,Mailed check,20.55,1067.65,No
2305-MRGLV,Male,0,n,No,,Yes,No,dsl,No,No,No,Yes,No,No,1 year,No,Bank transfer (automatic),76.55,2065.4,No
8404-VIOMB,fe male,0,Yes,No,66.0,No,No phone service,dsl,Yes,Yes,Yes,Yes,Yes,Yes,1 Year,Yes,Bank transfer (automatic),62.5,4136.4,No
5233-GEEAX,Male,1,n,No,8.0,No,No phone service,Dsl,No,No,Yes,No,No,No,month to month,,Electronic check,29.4,221.9,Yes
2359-KLTEK,Male,0,YES,Yes,41.0,Yes,No,Dsl,No,No,Yes,No,Yes,Yes,Two Year,Yes,Bank transfer (automatic),94.9,3848,No
5304-EFJLP,Female,1,Yes,No,72.0,Yes,Yes,fiber optic,No,Yes,Yes,Yes,Yes,Yes,1 Year,Yes,Bank transfer (automatic),111.65,8022.85,No
2673-ZALNP,fe male,0,No,No,7.0,Yes,No,DSL,No internet service,No internet service,No internet service,No internet service,No internet service,No internet service,2 Year,No,Mailed check,,173.15,No
9184-GALIL,Male,0,No,Yes,38.0,Yes,No,Fiberoptic,No internet service,No internet service,No internet service,No internet service,No internet service,No internet service,One Year,No,Mailed check,20.45,781.25,No
4393-RYCRE,fe male,0,Yes,No,44.0,Yes,No,Fiberoptic,Yes,Yes,Yes,No,Yes,Yes,Two Year,Yes,Electronic check,106.05,4510.8,No
9746-MDMBK,Male,0,No,Yes,47.0,Yes,Yes,fiber optic,Yes,Yes,Yes,Yes,Yes,Yes,Two Year,Yes,Bank transfer (automatic),113.45,5317.8,No
3162-ZJZFU,FEMALE,0,n,Yes,53.0,Yes,No,fiber optic,No,Yes,No,Yes,Yes,No,2 Year,Yes,Electronic check,92.55,4779.45,No
8404-GFGCZ,m,0,Yes,No,4.0,Yes,Yes,DSL,No,No,Yes,No,Yes,No,1 year,No,Electronic check,65.6,250.1,No
8875-AKBYH,Male,1,n,No,20.0,Yes,Yes,DSL,No,No,No,No,Yes,No,2 year,Yes,Electronic check,84.35,1745.2,No
4432-ADRLB,m,0,no,No,2.0,Yes,No,Fiber Optic,No,No,No,No,No,No,One Year,No,Mailed check,44.65,74.9,Yes
0533-UCAAU,f,1,Yes,No,57.0,Yes,Yes,Fiber Optic,No,Yes,Yes,No,Yes,No,1 Year,Yes,Credit card (automatic),,4140.1,No
1394-SUIUH,Female,1,NO,No,,Yes,No,Dsl,Yes,Yes,No,Yes,No,No,Month-to-Month,Yes,Electronic check,85.15,3670.5,No
3521-MNKLV,fe male,0,n,No,24.0,Yes,No,Fiberoptic,No,No,Yes,No,No,No,One Year,Yes,Mailed check,49.7,1167.8,No
2533-TIBIX,f,0,YES,,15.0,No,No phone service,fiber optic,Yes,No,No,No,No,No,One Year,,Bank transfer (automatic),30.2,469.65,No
8993-PHFWD,m,0,YES,No,3.0,No,No phone service,Fiberoptic,No,No,No,No,No,No,month to month,,Electronic check,25.25,58.9,Yes
1565-RHDJD,fe male,0,NO,Yes,4.0,Yes,Yes,DSL,No,Yes,Yes,No,No,No,One Year,No,Bank transfer (automatic),84.05,,Yes
7137-RYLPP,fe male,1,No,No,37.0,Yes,Yes,fiber,No,No,No,No,Yes,No,Two Year,Yes,Electronic check,85.7,3171.15,Yes
3765-JXVKY,m,0,Yes,,1.0,Yes,No,Fiberoptic,No,Yes,No,No,No,No,1 Year,Yes,Electronic check,74.7,74.7,Yes
5092-STPKP,f,0,n,No,24.0,Yes,No,fiber,Yes,No,No,Yes,No,No,2 year,No,Credit card (automatic),56.35,1381.2,No
7330-WZLNC,Male,0,n,,5.0,Yes,Yes,DSL,No,Yes,No,No,Yes,No,Two Year,Yes,Electronic check,90.8,455.5,Yes
0114-PEGZZ,Female,0,no,No,33.0,Yes,Yes,Fiber Optic,No,Yes,Yes,No,Yes,Yes,2 Year,No,Electronic check,107.55,3645.5,No
3359-DSRKA,Male,0,y,Yes,58.0,Yes,No,Dsl,No internet service,No internet service,No internet service,No internet service,No internet service,No internet service,2 year,Yes,Mailed check,19.85,1158.85,No
8639-NHQEI,Female,0,no,Yes,72.0,Yes,Yes,Fiber Optic,Yes,Yes,No,No,Yes,No,2 Year,Yes,Bank transfer (automatic),95.9,6954.15,No
7161-DFHUF,f,0,no,No,71.0,Yes,Yes,dsl,No internet service,No internet service,No internet service,No internet service,No internet service,No internet service,Month-to-Month,No,Mailed check,23.85,,No
3957-LXOLK,f,1,n,No,28.0,Yes,Yes,Dsl,No,Yes,Yes,No,Yes,Yes,1 Year,Yes,Electronic check,106.15,3152.5,Yes
3720-DBRWL,Female,0,Yes,No,51.0,Yes,No,fiber,Yes,Yes,Yes,Yes,Yes,Yes,Month-to-Month,Yes,Credit card (automatic),83.85,4307.1,No
6635-MYYYZ,fe male,0,y,No,30.0,Yes,No,DSL,Yes,Yes,Yes,Yes,Yes,Yes,1 Year,No,Bank transfer (automatic),,2530.4,Yes
8565-WUXZU,f,1,n,No,72.0,Yes,No,fiber,Yes,Yes,No,Yes,No,No,1 Year,Yes,Credit card (automatic),84.8,6141.65,No
5281-BUZGT,Male,1,n,No,36.0,Yes,Yes,fiber optic,Yes,No,No,No,Yes,No,1 Year,Yes,Electronic check,90.85,3186.7,Yes
4994-OBRSZ,m,0,Yes,Yes,,Yes,No,dsl,Yes,Yes,Yes,Yes,No,Yes,2 year,No,Bank transfer (automatic),76.1,1054.8,No
0562-FGDCR,f,0,n,Yes,72.0,Yes,Yes,Dsl,Yes,Yes,No,Yes,Yes,No,Month-to-Month,No,Mailed check,74.55,,No
2436-QBZFP,f,0,NO,Yes,22.0,No,No phone service,fiber,No,Yes,No,No,Yes,No,month to month,No,Electronic check,39.2,849.9,No
3420-YJLQT,fe male,0,No,No,2.0,Yes,Yes,Fiber Optic,No,Yes,No,No,No,No,month to month,No,Electronic check,79.55,151.75,No
6040-CGACY,fe male,0,Yes,No,15.0,Yes,No,Fiberoptic,No internet service,No internet service,No internet service,No internet service,No internet service,No internet service,1 year,No,Mailed check,19.6,299.4,No
6582-PLFUU,Male,0,Yes,Yes,51.0,Yes,No,fiber,No internet service,No internet service,No internet service,No internet service,No internet service,No internet service,2 year,No,Credit card (automatic),19.55,1086.75,No
8242-PDSGJ,fe male,0,no,No,70.0,No,No phone service,Fiberoptic,Yes,No,Yes,Yes,No,No,month to month,Yes,Credit card (automatic),39.15,2692.75,No
0264-CNITK,Female,0,Yes,Yes,71.0,Yes,No,Fiber Optic,No internet service,No internet service,No internet service,No internet service,No internet service,No internet service,1 year,No,Bank transfer (automatic),20.1,1389.6,No
0089-IIQKO,fe male,0,No,Yes,39.0,Yes,Yes,Fiber Optic,No,No,No,Yes,Yes,Yes,One Year,Yes,Credit card (automatic),99.95,3767.4,No
7839-NUIAA,fe male,0,n,Yes,61.0,Yes,Yes,fiber,Yes,Yes,No,No,No,No,month to month,No,Electronic check,59.8,3641.5,No
6075-QMNRR,Male,0,YES,No,52.0,Yes,No,Dsl,Yes,No,No,No,No,No,month to month,Yes,Bank transfer (automatic),49.75,2535.55,No
5378-IKEEG,fe male,0,Yes,No,1.0,No,No phone service,fiber optic,No,No,No,No,Yes,No,2 Year,Yes,Electronic check,35.75,35.75,Yes
5966-EMAZU,fe male,0,NO,No,64.0,Yes,Yes,Fiber Optic,Yes,No,Yes,Yes,Yes,Yes,One Year,Yes,Mailed check,108.5,6880.85,No
0440-EKDCF,fe male,0,Yes,No,62.0,Yes,No,fiber optic,No,Yes,Yes,Yes,No,No,Two Year,Yes,Credit card (automatic),60.15,,No
4774-HHGGS,FEMALE,0,Yes,No,,Yes,No,fiber,No internet service,No internet service,No internet service,No internet service,No internet service,No internet service,1 Year,No,Mailed check,19.05,637.55,No
2718-GAXQD,fe male,1,NO,Yes,4.0,Yes,No,DSL,No,No,No,No,No,No,month to month,No,Electronic check,46.0,,Yes
2055-BFOCC,Female,1,Yes,No,63.0,Yes,No,DSL,Yes,Yes,Yes,Yes,Yes,Yes,Two Year,Yes,Bank transfer (automatic),84.0,5329.55,No
8180-AKMJV,FEMALE,0,Yes,No,1.0,Yes,No,DSL,No,No,No,No,No,No,1 Year,Yes,Credit card (automatic),44.55,44.55,No
4298-OYIFC,Female,0,No,No,15.0,Yes,Yes,DSL,No,No,Yes,Yes,Yes,Yes,month to month,Yes,Electronic check,103.45,1539.8,No
5566-SOEZD,m,0,YES,Yes,27.0,Yes,No,DSL,Yes,Yes,No,No,No,No,month to month,Yes,Credit card (automatic),80.65,2209.75,No
9842-EFSYY,Male,0,n,Yes,4.0,No,No phone service,fiber optic,Yes,Yes,Yes,No,Yes,Yes,2 Year,,Mailed check,57.2,223.75,No
2272-WUSPA,Male,0,y,No,72.0,Yes,Yes,dsl,Yes,Yes,Yes,No,Yes,Yes,month to month,Yes,Electronic check,110.75,7751.7,No
4584-LBNMK,m,1,no,No,45.0,Yes,Yes,Dsl,No internet service,No internet service,No internet service,No internet service,No internet service,No internet service,2 Year,No,Credit card (automatic),24.7,1174.35,No
3898-GUYTS,m,1,Yes,No,45.0,Yes,Yes,DSL,Yes,Yes,No,Yes,Yes,No,1 Year,Yes,Electronic check,97.05,4385.05,No
0930-EHUZA,fe male,0,NO,No,36.0,Yes,No,fiber optic,Yes,Yes,Yes,Yes,Yes,No,Month-to-Month,Yes,Mailed check,76.35,,No
6413-XKKPU,Female,0,No,Yes,17.0,Yes,No,Dsl,Yes,No,Yes,No,Yes,No,1 Year,Yes,Electronic check,89.4,1539.45,Yes
9975-SKRNR,Male,0,n,No,1.0,Yes,No,fiber optic,No internet service,No internet service,No internet service,No internet service,No internet service,No internet service,1 year,No,Mailed check,18.9,18.9,No
3703-KBKZP,Male,1,y,No,16.0,Yes,Yes,Fiber Optic,No,No,No,No,No,No,Month-to-Month,Yes,Bank transfer (automatic),74.45,1261.35,No
1449-XQEMT,Female,0,NO,No,3.0,Yes,No,fiber,No internet service,No internet service,No internet service,No internet service,No internet service,No internet service,2 year,Yes,Mailed check,19.8,58.15,Yes
2626-URJFX,m,0,y,Yes,4.0,Yes,Yes,fiber,No,No,No,No,No,No,2 year,Yes,Electronic check,50.9,225.6,Yes
4973-MGTON,Male,0,y,No,71.0,Yes,No,Dsl,Yes,Yes,Yes,Yes,Yes,Yes,Month-to-Month,Yes,Credit card (automatic),84.4,5969.3,No
3682-YEUWS,m,0,n,Yes,10.0,Yes,Yes,Fiber Optic,No internet service,No internet service,No internet service,No internet service,No internet service,No internet service,month to month,Yes,Mailed check,24.4,253.9,No
1223-UNPKS,m,0,y,Yes,20.0,Yes,No,Fiber Optic,No internet service,No internet service,No internet service,No internet service,No internet service,No internet service,2 Year,No,Mailed check,20.05,400,No
2612-RRIDN,m,0,Yes,No,4.0,Yes,No,DSL,No,No,No,No,Yes,No,1 Year,Yes,Electronic check,81.0,340.85,Yes
4735-ASGMA,f,0,y,No,26.0,Yes,Yes,dsl,No,No,Yes,No,Yes,Yes,2 Year,Yes,Electronic check,98.35,2515.3,Yes
3446-QDSZF,Male,0,YES,No,,Yes,No,Fiberoptic,No,No,No,No,Yes,No,1 Year,No,Credit card (automatic),55.5,227.35,No
3669-LVWZB,FEMALE,0,No,No,5.0,No,No phone service,Fiber Optic,No,Yes,No,No,Yes,Yes,Two Year,Yes,Mailed check,51.0,305.95,Yes
6892-EZDTG,Male,0,Yes,No,4.0,Yes,Yes,Fiberoptic,No,Yes,No,No,Yes,No,1 Year,Yes,Electronic check,91.65,365.4,Yes
5117-IFGPS,Female,1,y,No,29.0,Yes,Yes,Dsl,No,No,No,No,No,Yes,Month-to-Month,Yes,Electronic check,84.3,2357.75,No
7379-FNIUJ,m,0,YES,No,2.0,Yes,No,Fiber Optic,Yes,Yes,No,No,Yes,Yes,2 year,No,Electronic check,100.2,198.5,No
1627-AFWVJ,Male,0,YES,No,29.0,Yes,No,fiber,No internet service,No internet service,No internet service,No internet service,No internet service,No internet service,1 year,No,Mailed check,19.4,554.25,No
9725-SCPZG,f,0,no,Yes,1.0,Yes,No,fiber,No,No,No,No,Yes,Yes,One Year,Yes,Electronic check,90.85,90.85,Yes
5884-GCYMI,Male,0,NO,No,1.0,Yes,No,Fiberoptic,No,No,No,No,No,No,1 year,No,Mailed check,69.4,69.4,Yes
3217-FZDMN,Male,1,No,No,8.0,Yes,No,fiber optic,No,No,Yes,No,Yes,Yes,Two Year,Yes,Credit card (automatic),94.45,742.95,Yes
4486-EFAEB,fe male,0,No,No,13.0,Yes,No,Fiber Optic,No internet service,No internet service,No internet service,No internet service,No internet service,No internet service,1 Year,Yes,Electronic check,20.4,,No
0060-FUALY,m,0,YES,No,59.0,Yes,Yes,DSL,Yes,Yes,No,No,Yes,No,Month-to-Month,Yes,Electronic check,94.75,5597.65,No
7853-GVUDZ,fe male,0,Yes,Yes,1.0,Yes,No,fiber optic,No internet service,No internet service,No internet service,No internet service,No internet service,No internet service,1 year,Yes,Credit card (automatic),20.15,20.15,Yes
7480-QNVZJ,Female,1,NO,No,50.0,Yes,Yes,DSL,No,No,No,No,Yes,Yes,2 Year,Yes,Electronic check,95.7,4816.7,Yes
6954-OOYZZ,Male,0,Yes,No,18.0,Yes,No,DSL,No,No,No,No,No,No,One Year,Yes,Bank transfer (automatic),,768.05,No
7088-FBAWU,Female,0,y,Yes,17.0,Yes,No,Dsl,Yes,Yes,No,No,Yes,Yes,Month-to-Month,No,Mailed check,74.55,1215.8,No
8313-AFGBW,f,0,Yes,No,47.0,Yes,No,fiber optic,No,Yes,Yes,No,Yes,Yes,1 year,No,Electronic check,73.6,3522.65,No
3943-KDREE,Male,0,Yes,No,26.0,Yes,Yes,fiber optic,No,No,No,No,No,No,Month-to-Month,Yes,Bank transfer (automatic),74.95,,Yes
9239-ZBZZV,fe male,0,NO,No,6.0,No,No phone service,Fiber Optic,No,No,Yes,No,Yes,Yes,2 year,Yes,Electronic check,47.95,305.1,Yes
3097-IDVPU,Female,0,y,,19.0,Yes,Yes,Dsl,No,No,No,No,No,No,One Year,No,Credit card (automatic),50.1,910.45,No
4398-HSCJH,Male,0,n,,3.0,Yes,Yes,fiber,No,No,No,Yes,Yes,No,2 Year,Yes,Electronic check,63.6,155.65,Yes
2197-OMWGI,FEMALE,1,y,Yes,68.0,No,No phone service,dsl,No,Yes,Yes,No,Yes,Yes,2 year,,Electronic check,53.0,3656.25,No
2303-PJYHN,FEMALE,0,y,No,2.0,Yes,No,fiber optic,No internet service,No internet service,No internet service,No internet service,No internet service,No internet service,One Year,No,Bank transfer (automatic),,52,No
9795-VOWON,f,0,No,No,7.0,No,No phone service,Dsl,No,No,No,No,No,No,month to month,Yes,Credit card (automatic),24.35,150.85,No
1237-WIYYZ,m,0,no,No,,Yes,No,DSL,No internet service,No internet service,No internet service,No internet service,No internet service,No internet service,One Year,Yes,Mailed check,19.55,389.25,No
1987-AUELQ,m,0,y,No,71.0,Yes,Yes,Dsl,No internet service,No internet service,No internet service,No internet service,No internet service,No internet service,1 Year,No,Credit card (automatic),25.05,1873.7,No
7852-LECYP,Male,1,y,No,13.0,Yes,Yes,Fiberoptic,Yes,Yes,No,No,No,Yes,Month-to-Month,No,Credit card (automatic),93.8,,No
4430-UZIPO,Male,0,Yes,No,3.0,No,No phone service,Fiberoptic,No,Yes,No,Yes,No,No,month to month,Yes,Mailed check,36.85,108.7,Yes
4822-LPTYJ,f,0,Yes,No,72.0,Yes,Yes,fiber optic,No,Yes,Yes,No,Yes,Yes,One Year,Yes,Bank transfer (automatic),103.75,7346.2,No
8165-CBKXO,Female,0,YES,Yes,66.0,No,No phone service,Dsl,No,Yes,Yes,No,Yes,Yes,1 year,,Credit card (automatic),56.75,3708.4,No
6527-PZFPV,Female,0,No,Yes,24.0,Yes,No,DSL,No internet service,No internet service,No internet service,No internet service,No internet service,No internet service,month to month,Yes,Credit card (automatic),20.8,469.65,No
4855-SNKMY,f,0,n,,,Yes,No,Fiber Optic,No,No,No,No,No,No,2 Year,Yes,Electronic check,44.1,44.1,Yes
9593-CVZKR,m,0,YES,Yes,,Yes,Yes,dsl,No internet service,No internet service,No internet service,No internet service,No internet service,No internet service,1 Year,Yes,Mailed check,24.45,1385.85,No
8595-SIZNC,fe male,1,NO,No,22.0,Yes,Yes,Fiber Optic,No internet service,No internet service,No internet service,No internet service,No internet service,No internet service,1 year,No,Bank transfer (automatic),25.6,548.8,No
8008-HAWED,f,0,n,No,14.0,No,No phone service,dsl,No,No,Yes,No,Yes,Yes,2 year,Yes,Electronic check,50.75,712.75,Yes
7124-UGSUR,FEMALE,1,No,No,61.0,Yes,Yes,DSL,No,Yes,Yes,No,Yes,Yes,Month-to-Month,Yes,Credit card (automatic),104.4,6405,Yes
1862-SKORY,FEMALE,1,no,No,40.0,No,No phone service,dsl,No,Yes,No,No,Yes,No,month to month,Yes,Electronic check,39.3,1637.4,Yes
5236-XMZJY,Male,0,no,No,42.0,Yes,No,fiber,Yes,Yes,Yes,No,No,No,One Year,No,Bank transfer (automatic),59.65,,No
4827-DPADN,Male,0,n,Yes,72.0,Yes,Yes,Fiber Optic,Yes,No,Yes,Yes,Yes,Yes,Two Year,Yes,Bank transfer (automatic),83.3,6042.7,No
2694-CIUMO,FEMALE,0,y,No,12.0,Yes,Yes,DSL,No,No,No,Yes,No,No,Month-to-Month,Yes,Credit card (automatic),79.55,958.25,No
5846-ABOBJ,m,0,No,No,71.0,Yes,Yes,fiber optic,No internet service,No internet service,No internet service,No internet service,No internet service,No internet service,Month-to-Month,No,Bank transfer (automatic),24.45,1730.65,No
1439-LCGVL,f,0,No,No,26.0,Yes,No,fiber,No internet service,No internet service,No internet service,No internet service,No internet service,No internet service,month to month,No,Mailed check,19.2,459.6,No
0909-SDHNU,Male,0,YES,Yes,7.0,No,No phone service,fiber optic,Yes,No,No,No,No,No,2 Year,No,Mailed check,29.8,201.95,No
4647-XXZAM,FEMALE,0,y,Yes,6.0,Yes,No,fiber optic,No,No,No,No,No,No,month to month,No,Mailed check,45.5,285.2,No
1502-XFCVR,fe male,0,Yes,No,58.0,Yes,No,Dsl,Yes,Yes,Yes,No,Yes,Yes,2 year,Yes,Electronic check,106.45,6145.85,Yes
7740-KKCXF,FEMALE,0,n,No,51.0,No,No phone service,Fiber Optic,No,Yes,No,No,No,No,1 Year,Yes,Credit card (automatic),30.05,1529.45,No
5360-XGYAZ,Female,0,NO,Yes,72.0,No,No phone service,Fiber Optic,Yes,Yes,Yes,Yes,Yes,Yes,1 Year,Yes,Bank transfer (automatic),65.65,4664.5,No
9692-TUSXH,Male,0,Yes,,18.0,Yes,No,Fiber Optic,Yes,No,No,No,Yes,Yes,month to month,Yes,Electronic check,96.05,1740.7,Yes
7912-SYRQT,FEMALE,0,n,No,7.0,Yes,Yes,Fiber Optic,No,No,No,No,No,No,1 year,Yes,Bank transfer (automatic),75.1,552.95,Yes
3557-HTYWR,fe male,0,n,No,47.0,Yes,Yes,Dsl,Yes,Yes,No,Yes,No,Yes,month to month,No,Mailed check,74.05,3496.3,No
4816-JBHOV,f,1,YES,No,2.0,Yes,No,Dsl,No,No,No,No,No,No,Month-to-Month,Yes,Electronic check,44.7,93.7,Yes
8920-NAVAY,FEMALE,1,YES,No,62.0,Yes,Yes,Fiber Optic,No,Yes,Yes,Yes,Yes,Yes,month to month,Yes,Bank transfer (automatic),110.75,7053.35,No
1699-TLDLZ,m,0,Yes,Yes,16.0,Yes,No,DSL,No internet service,No internet service,No internet service,No internet service,No internet service,No internet service,1 year,No,Mailed check,19.7,301.55,No
5600-PDUJF,f,0,no,No,6.0,Yes,No,dsl,No,No,No,Yes,No,No,2 Year,,Credit card (automatic),49.5,312.7,No
8292-TYSPY,Female,0,Yes,No,19.0,Yes,No,fiber optic,No,No,Yes,Yes,No,No,One Year,Yes,Credit card (automatic),,1046.5,Yes
0567-XRHCU,Male,0,No,Yes,69.0,No,No phone service,Fiber Optic,Yes,No,Yes,No,No,Yes,1 Year,Yes,Credit card (automatic),43.95,2960.1,No
1867-BDVFH,m,0,No,Yes,11.0,Yes,Yes,Dsl,No,No,No,No,No,No,2 Year,Yes,Electronic check,74.35,834.2,Yes
2067-QYTCF,Female,0,Yes,No,64.0,Yes,Yes,Dsl,No,Yes,Yes,Yes,Yes,Yes,One Year,Yes,Electronic check,111.15,6953.4,No
2359-QWQUL,f,0,No,,39.0,Yes,No,dsl,Yes,No,Yes,Yes,Yes,Yes,2 Year,,Credit card (automatic),104.7,,Yes
9103-TCIHJ,fe male,0,n,No,15.0,Yes,Yes,Fiber Optic,Yes,No,No,No,No,No,2 Year,Yes,Mailed check,55.7,899.8,Yes
7407-SUJIZ,f,0,n,No,,Yes,No,dsl,No internet service,No internet service,No internet service,No internet service,No internet service,No internet service,One Year,No,Mailed check,20.6,541.5,No
9150-KPBJQ,FEMALE,0,No,No,6.0,Yes,No,fiber optic,No internet service,No internet service,No internet service,No internet service,No internet service,No internet service,2 year,No,Credit card (automatic),19.65,116.85,No
0052-DCKON,Male,0,n,No,66.0,Yes,Yes,fiber optic,Yes,Yes,Yes,Yes,Yes,Yes,Month-to-Month,No,Bank transfer (automatic),115.8,7942.15,No
3654-ARMGP,FEMALE,0,y,No,61.0,Yes,Yes,Fiberoptic,No,Yes,Yes,Yes,Yes,Yes,2 Year,No,Credit card (automatic),88.65,5321.25,No
9699-UBQFS,fe male,1,y,No,43.0,Yes,Yes,Fiber Optic,Yes,Yes,No,No,Yes,No,1 year,Yes,Electronic check,94.5,4156.8,No
9367-TCUYN,f,0,No,No,12.0,Yes,No,dsl,No internet service,No internet service,No internet service,No internet service,No internet service,No internet service,Month-to-Month,No,Mailed check,20.1,223.6,No
1261-FWTTE,Male,1,Yes,No,23.0,No,No phone service,DSL,No,No,No,No,No,Yes,1 year,,Bank transfer (automatic),34.65,,No
3528-HFRIQ,Female,1,No,No,71.0,No,No phone service,fiber,No,Yes,Yes,No,Yes,Yes,Two Year,Yes,Bank transfer (automatic),52.3,3765.05,No
0708-SJDIS,f,0,NO,No,,Yes,Yes,dsl,No,No,No,Yes,Yes,No,One Year,No,Mailed check,65.0,2157.5,No
4140-WJAWW,Male,0,NO,No,5.0,Yes,No,Fiber Optic,No internet service,No internet service,No internet service,No internet service,No internet service,No internet service,1 Year,No,Credit card (automatic),19.85,108.05,Yes
2073-QBVBI,Female,0,YES,No,41.0,No,No phone service,fiber optic,No,Yes,No,Yes,No,No,1 Year,No,Mailed check,,1391.65,No
6928-ONTRW,FEMALE,0,Yes,Yes,72.0,Yes,No,fiber optic,No internet service,No internet service,No internet service,No internet service,No internet service,No internet service,Two Year,No,Credit card (automatic),19.7,1379.8,No
3320-VEOYC,Male,1,y,,14.0,Yes,Yes,fiber optic,No,No,No,No,Yes,Yes,1 Year,Yes,Electronic check,95.6,1273.3,No
5231-FIQPA,fe male,0,Yes,No,41.0,Yes,No,Fiber Optic,No internet service,No internet service,No internet service,No internet service,No internet service,No internet service,2 Year,Yes,Mailed check,19.85,810.45,No
6617-WLBQC,fe male,0,Yes,Yes,23.0,Yes,Yes,Dsl,Yes,No,No,No,No,No,Two Year,No,Credit card (automatic),81.85,1810.85,No
2599-CIPQE,fe male,0,NO,Yes,71.0,Yes,No,Dsl,Yes,Yes,Yes,Yes,Yes,Yes,month to month,No,Credit card (automatic),109.3,7782.85,No
6653-CBBOM,Male,0,Yes,,1.0,Yes,No,Dsl,No,No,No,No,No,No,1 year,Yes,Electronic check,70.3,70.3,Yes
8774-GSBUN,Female,0,No,No,72.0,Yes,Yes,DSL,No internet service,No internet service,No internet service,No internet service,No internet service,No internet service,2 Year,No,Mailed check,25.4,1797.1,No
7326-RIGQZ,fe male,0,No,Yes,6.0,Yes,No,Fiber Optic,No,No,No,No,No,No,1 Year,Yes,Electronic check,69.8,377.85,No
1401-FTHFQ,FEMALE,0,y,Yes,23.0,Yes,No,dsl,No internet service,No internet service,No internet service,No internet service,No internet service,No internet service,2 Year,Yes,Credit card (automatic),20.0,445.3,No
3247-ZVOUO,FEMALE,1,Yes,No,10.0,Yes,Yes,fiber,No,No,No,No,No,Yes,2 Year,No,Electronic check,85.55,851.75,Yes
0254-FNMCI,m,0,YES,No,72.0,Yes,No,dsl,Yes,Yes,Yes,Yes,Yes,Yes,2 year,Yes,Electronic check,,7624.2,No
1848-LBZHY,FEMALE,0,Yes,No,7.0,Yes,No,DSL,Yes,No,No,No,No,No,month to month,Yes,Bank transfer (automatic),50.3,,No
6101-IMRMM,Male,0,Yes,Yes,6.0,Yes,No,Fiberoptic,No,No,Yes,No,Yes,Yes,One Year,No,Mailed check,94.5,575.45,Yes
8118-TJAFG,Male,0,no,,9.0,Yes,No,Fiberoptic,No,Yes,No,Yes,Yes,Yes,Month-to-Month,,Electronic check,101.5,906.85,No
5429-LWCMV,Male,0,Yes,No,12.0,Yes,Yes,dsl,No,Yes,No,No,No,Yes,Month-to-Month,Yes,Electronic check,89.15,1057.55,No
7298-IZWLY,Female,0,no,No,1.0,Yes,No,Fiberoptic,No internet service,No internet service,No internet service,No internet service,No internet service,No internet service,2 year,Yes,Mailed check,19.4,19.4,No
9758-MFWGD,Male,1,Yes,Yes,48.0,No,No phone service,dsl,No,Yes,No,No,No,No,month to month,,Bank transfer (automatic),29.9,1388.75,No
3955-JBZZM,fe male,0,y,No,20.0,Yes,No,Fiber Optic,No,No,No,No,Yes,No,1 year,No,Electronic check,78.8,1641.3,No
1268-ASBGA,Female,1,Yes,No,16.0,Yes,Yes,DSL,No,No,No,No,No,Yes,Two Year,Yes,Credit card (automatic),85.35,1375.15,Yes
8943-URTMR,FEMALE,0,NO,No,2.0,Yes,No,DSL,No,No,No,No,Yes,No,Month-to-Month,Yes,Mailed check,79.65,152.7,Yes
4815-TUMEQ,Female,0,no,No,10.0,Yes,No,DSL,No internet service,No internet service,No internet service,No internet service,No internet service,No internet service,1 year,Yes,Mailed check,19.3,185.2,No
4713-LZDRV,Female,1,NO,No,2.0,Yes,No,fiber optic,No,No,No,No,No,Yes,2 Year,Yes,Electronic check,79.6,195.05,Yes
9909-IDLEK,Male,0,no,Yes,,Yes,Yes,Fiber Optic,No,Yes,No,Yes,Yes,No,1 Year,No,Mailed check,96.8,1826.7,No
4092-OFQZS,f,0,YES,No,,Yes,No,Dsl,No internet service,No internet service,No internet service,No internet service,No internet service,No internet service,Month-to-Month,No,Mailed check,20.65,417.5,No
1561-BWHIN,FEMALE,0,n,Yes,19.0,Yes,No,DSL,No internet service,No internet service,No internet service,No internet service,No internet service,No internet service,Two Year,No,Mailed check,19.8,,No
4325-NFSKC,Male,1,no,No,19.0,Yes,Yes,Fiber Optic,Yes,No,No,No,Yes,No,1 year,Yes,Electronic check,90.6,1660,Yes
9927-DSWDF,f,0,Yes,No,22.0,Yes,No,Fiberoptic,Yes,Yes,No,Yes,Yes,Yes,1 Year,Yes,Electronic check,104.6,2180.55,No
9500-LTVBP,Female,0,NO,No,,Yes,Yes,fiber,No,No,No,Yes,No,No,1 Year,No,Credit card (automatic),80.05,2835.9,No
7252-NTGSS,fe male,0,Yes,No,1.0,Yes,No,Dsl,No,No,No,No,No,No,2 Year,No,Mailed check,,45.15,No
8149-AIQCG,m,0,No,No,39.0,Yes,Yes,DSL,No,No,No,No,No,No,month to month,,Credit card (automatic),73.15,2730.85,No
1360-JYXKQ,m,1,Yes,No,54.0,Yes,No,Fiberoptic,No,No,Yes,Yes,Yes,Yes,Two Year,Yes,Electronic check,99.1,5437.1,No
2955-PSXOE,m,0,Yes,No,1.0,Yes,No,Dsl,No internet service,No internet service,No internet service,No internet service,No internet service,No internet service,1 Year,Yes,Bank transfer (automatic),20.2,20.2,Yes
7762-URZQH,Male,0,n,No,66.0,Yes,Yes,Fiber Optic,Yes,No,Yes,No,Yes,Yes,2 year,Yes,Credit card (automatic),106.05,6981.35,Yes
0899-WZRSD,Male,0,Yes,No,56.0,Yes,Yes,fiber,Yes,No,No,Yes,Yes,Yes,month to month,Yes,Mailed check,,5794.45,No
3255-GRXMG,Female,0,No,Yes,18.0,Yes,No,fiber optic,No,No,No,No,No,No,1 year,Yes,Credit card (automatic),45.65,747.2,No
4828-FAZPK,m,0,n,Yes,16.0,Yes,Yes,DSL,No,Yes,No,No,No,No,2 Year,Yes,Credit card (automatic),79.95,1267.95,No
6094-ZIVKX,Female,0,No,No,68.0,Yes,No,Dsl,Yes,No,Yes,No,No,No,2 Year,Yes,Credit card (automatic),54.45,3674.95,No
6925-BAYGL,Male,1,Yes,No,53.0,Yes,Yes,Fiber Optic,No internet service,No internet service,No internet service,No internet service,No internet service,No internet service,Two Year,No,Credit card (automatic),25.1,,No
3262-EIDHV,FEMALE,0,no,Yes,72.0,Yes,Yes,dsl,Yes,No,Yes,Yes,Yes,Yes,1 Year,No,Credit card (automatic),84.7,5893.9,No
7354-OIJLX,Male,0,YES,No,9.0,Yes,Yes,Fiberoptic,No,No,No,No,No,No,Month-to-Month,Yes,Electronic check,,724.65,No
1376-HHBDV,Female,0,NO,No,30.0,Yes,No,fiber optic,Yes,No,No,No,No,No,1 year,,Mailed check,48.8,1536.75,No
6907-NZZIJ,Male,0,Yes,No,36.0,Yes,Yes,Dsl,No,Yes,No,No,Yes,Yes,Two Year,Yes,Electronic check,99.15,3615.6,Yes
6133-OZILE,Male,0,no,No,18.0,No,No phone service,fiber,No,No,Yes,Yes,No,No,One Year,Yes,Electronic check,35.2,607.3,No
4135-FRWKJ,Female,1,n,Yes,55.0,Yes,Yes,Fiber Optic,Yes,No,Yes,Yes,Yes,No,2 Year,No,Electronic check,76.25,4154.55,No
2911-UREFD,Male,0,no,No,39.0,No,No phone service,Fiberoptic,Yes,No,Yes,No,Yes,Yes,Two Year,,Electronic check,55.9,2184.35,Yes
3744-ZRRDZ,Male,0,YES,No,21.0,Yes,Yes,Fiber Optic,No,Yes,No,No,No,No,1 Year,Yes,Electronic check,82.35,1852.85,Yes
5673-TIYIB,m,0,n,No,2.0,No,No phone service,dsl,No,Yes,Yes,Yes,No,No,1 Year,Yes,Credit card (automatic),40.4,77.15,Yes
6551-ZCOTS,f,1,NO,No,33.0,Yes,Yes,fiber optic,No internet service,No internet service,No internet service,No internet service,No internet service,No internet service,2 year,Yes,Bank transfer (automatic),24.9,847.8,No
7191-ADRGF,Male,0,y,No,44.0,No,No phone service,Dsl,No,Yes,Yes,No,Yes,Yes,Two Year,No,Bank transfer (automatic),,2390.45,No
5018-LXQQG,fe male,0,n,Yes,30.0,Yes,No,Fiberoptic,Yes,No,No,Yes,No,Yes,Month-to-Month,No,Bank transfer (automatic),66.3,1923.5,No
6892-BOGQE,f,0,y,No,71.0,Yes,No,Fiber Optic,No internet service,No internet service,No internet service,No internet service,No internet service,No internet service,1 year,Yes,Bank transfer (automatic),20.9,1493.2,No
1602-IJQQE,Female,0,NO,No,4.0,Yes,Yes,fiber,No,No,No,No,No,No,Two Year,,Electronic check,75.35,338.1,Yes
4628-WQCQQ,Female,0,y,Yes,35.0,Yes,No,fiber optic,No,No,Yes,No,Yes,No,Two Year,Yes,Electronic check,85.15,3030.6,Yes
1746-TGTWV,f,0,Yes,No,1.0,Yes,No,Fiberoptic,No,No,Yes,No,No,No,Month-to-Month,No,Credit card (automatic),75.35,75.35,No
5995-SNNEW,Male,1,YES,No,23.0,Yes,Yes,Fiber Optic,No,Yes,Yes,No,Yes,Yes,2 Year,Yes,Electronic check,104.45,2184.85,No
8050-WYBND,fe male,0,Yes,Yes,22.0,No,No phone service,DSL,No,No,Yes,No,Yes,Yes,One Year,Yes,Credit card (automatic),49.45,1031.4,No
2821-WARNZ,m,0,YES,Yes,49.0,Yes,No,DSL,No internet service,No internet service,No internet service,No internet service,No internet service,No internet service,Month-to-Month,No,Credit card (automatic),19.45,921.3,No
4879-GZLFH,Male,0,No,Yes,42.0,Yes,No,Fiberoptic,No,No,Yes,No,Yes,Yes,Two Year,Yes,Electronic check,92.15,3875.4,No
1644-IRKSF,FEMALE,0,n,Yes,33.0,Yes,No,dsl,No,No,Yes,No,Yes,Yes,Month-to-Month,Yes,Electronic check,93.8,3124.5,Yes
8314-HTWVE,Male,0,n,Yes,,Yes,No,Fiberoptic,No internet service,No internet service,No internet service,No internet service,No internet service,No internet service,One Year,No,Mailed check,19.85,144.15,No
9402-ROUMJ,Male,0,n,Yes,67.0,Yes,Yes,DSL,Yes,No,Yes,Yes,No,Yes,2 year,Yes,Bank transfer (automatic),100.25,6689,No
2507-QZPQS,Female,0,no,No,15.0,Yes,Yes,fiber optic,No,Yes,No,Yes,No,Yes,Two Year,No,Electronic check,95.7,1451.1,No
7159-NOKYQ,FEMALE,0,No,No,67.0,Yes,Yes,DSL,No,Yes,Yes,No,No,Yes,1 year,Yes,Electronic check,93.15,6368.2,No
5707-ZMDJP,Male,0,NO,Yes,53.0,Yes,No,fiber optic,Yes,Yes,No,Yes,Yes,No,Two Year,Yes,Mailed check,69.7,3729.6,No
8779-YIQQA,Male,0,NO,Yes,21.0,Yes,No,DSL,No internet service,No internet service,No internet service,No internet service,No internet service,No internet service,2 year,No,Mailed check,19.8,350.1,No
7136-IHZJA,fe male,0,Yes,Yes,40.0,Yes,No,fiber,Yes,Yes,No,Yes,No,Yes,One Year,Yes,Mailed check,71.35,2847.2,No
8966-OIQHG,Male,0,NO,Yes,22.0,Yes,No,Dsl,No internet service,No internet service,No internet service,No internet service,No internet service,No internet service,1 year,No,Bank transfer (automatic),20.75,452.35,No
7074-STDCN,Male,0,NO,No,39.0,No,No phone service,Fiberoptic,No,No,No,Yes,No,Yes,1 year,Yes,Electronic check,40.6,1494.5,No
3705-PSNGL,Female,0,n,,45.0,Yes,No,dsl,No internet service,No internet service,No internet service,No internet service,No internet service,No internet service,month to month,Yes,Electronic check,20.4,930.45,Yes
8739-QOTTN,f,0,NO,No,2.0,Yes,No,dsl,No internet service,No internet service,No internet service,No internet service,No internet service,No internet service,1 Year,No,Mailed check,20.35,41.85,No
1399-OUPJN,Male,0,YES,Yes,57.0,Yes,No,Dsl,No internet service,No internet service,No internet service,No internet service,No internet service,No internet service,1 year,No,Bank transfer (automatic),19.75,1272.05,No
0277-BKSQP,f,0,y,Yes,8.0,Yes,No,dsl,No,No,No,No,Yes,No,One Year,Yes,Electronic check,54.4,475.1,No
6502-HCJTI,Male,1,n,No,7.0,Yes,Yes,fiber optic,Yes,Yes,No,No,No,Yes,2 Year,Yes,Credit card (automatic),94.7,673.1,Yes
2606-RMDHZ,Female,0,NO,No,6.0,No,No phone service,DSL,No,Yes,No,No,No,No,One Year,Yes,Credit card (automatic),30.5,208.7,Yes
5774-XZTQC,FEMALE,0,No,Yes,7.0,Yes,No,DSL,No internet service,No internet service,No internet service,No internet service,No internet service,No internet service,1 Year,No,Mailed check,20.45,150.75,No
2676-SSLTO,fe male,0,NO,No,49.0,Yes,Yes,Fiberoptic,No,No,No,Yes,Yes,No,2 year,Yes,Bank transfer (automatic),66.15,3199,No
6266-QHOJZ,Male,0,Yes,No,65.0,Yes,Yes,Fiber Optic,Yes,Yes,No,Yes,No,No,2 year,Yes,Electronic check,89.85,5844.65,No
7269-JISCY,m,0,Yes,No,,Yes,No,fiber optic,No,No,No,No,No,No,Month-to-Month,No,Bank transfer (automatic),45.05,2462.6,No
0363-SVHYR,Male,0,n,Yes,71.0,Yes,Yes,fiber optic,Yes,Yes,Yes,Yes,Yes,Yes,month to month,No,Bank transfer (automatic),86.85,6263.8,No
8547-NSBBO,f,0,NO,,35.0,Yes,Yes,Fiberoptic,Yes,Yes,Yes,Yes,No,No,Two Year,Yes,Mailed check,96.75,3403.4,No
8258-GSTJK,fe male,1,NO,No,3.0,Yes,Yes,DSL,No,No,No,No,No,No,One Year,Yes,Electronic check,77.0,237.75,Yes
6861-OKBCE,Male,0,YES,Yes,11.0,Yes,No,fiber optic,No internet service,No internet service,No internet service,No internet service,No internet service,No internet service,1 year,No,Credit card (automatic),20.1,221.35,Yes
9940-RHLFB,fe male,0,No,No,1.0,Yes,No,Fiber Optic,No,No,Yes,No,No,No,One Year,No,Electronic check,75.3,75.3,Yes
6591-QGOYB,m,0,Yes,No,17.0,Yes,Yes,dsl,Yes,Yes,Yes,Yes,Yes,No,1 Year,Yes,Bank transfer (automatic),106.65,1672.1,No
9070-BCKQP,FEMALE,0,NO,No,72.0,Yes,Yes,Fiberoptic,Yes,No,Yes,Yes,Yes,Yes,2 year,Yes,Credit card (automatic),110.15,,No
6421-SZVEM,fe male,0,y,Yes,28.0,Yes,No,fiber optic,Yes,No,No,No,No,Yes,One Year,Yes,Bank transfer (automatic),82.85,2320.8,No
1328-EUZHC,fe male,0,n,,18.0,Yes,No,DSL,No internet service,No internet service,No internet service,No internet service,No internet service,No internet service,Two Year,No,Mailed check,20.1,370.5,No
2995-UPRYS,fe male,1,No,No,40.0,Yes,No,DSL,No,Yes,No,Yes,Yes,Yes,Two Year,Yes,Credit card (automatic),99.2,4062.2,Yes
8878-RYUKI,FEMALE,0,y,No,52.0,Yes,No,Fiberoptic,No,No,Yes,No,No,Yes,2 Year,Yes,Electronic check,59.45,3043.7,No
9633-DENPU,fe male,0,y,No,47.0,Yes,No,Fiberoptic,No,Yes,No,No,Yes,No,One Year,Yes,Bank transfer (automatic),58.6,2723.4,No
7811-JIVPF,m,0,Yes,No,23.0,Yes,No,DSL,No,No,Yes,No,No,No,1 year,No,Credit card (automatic),49.7,1081.25,No
7113-HIPFI,m,0,y,Yes,66.0,Yes,No,DSL,Yes,Yes,Yes,Yes,No,No,Two Year,No,Mailed check,65.85,,No
8541-QVFKM,m,0,y,No,8.0,Yes,Yes,Dsl,No,No,No,No,No,No,1 Year,,Electronic check,73.5,632.2,No
6686-YPGHK,m,1,n,No,47.0,Yes,No,Fiber Optic,Yes,No,No,No,No,Yes,1 Year,No,Mailed check,85.5,4042.3,Yes
1383-EZRWL,fe male,0,n,No,7.0,Yes,No,Fiber Optic,No internet service,No internet service,No internet service,No internet service,No internet service,No internet service,Two Year,No,Mailed check,20.05,164.85,Yes
9258-CNWAC,Male,0,y,Yes,,Yes,Yes,fiber optic,Yes,Yes,Yes,Yes,Yes,Yes,One Year,No,Credit card (automatic),113.65,8166.8,No
5371-VYLSX,FEMALE,1,n,No,50.0,Yes,Yes,dsl,Yes,Yes,No,No,No,No,2 Year,Yes,Electronic check,83.4,4113.7,No
6374-AFWOX,Male,0,YES,No,46.0,Yes,No,dsl,Yes,Yes,Yes,Yes,No,No,2 Year,No,Mailed check,65.65,3047.15,No
4759-TRPLW,m,0,Yes,No,1.0,Yes,No,Fiber Optic,No,No,No,No,No,No,One Year,No,Electronic check,70.4,70.4,Yes
5317-FLPJF,Female,0,y,No,66.0,No,No phone service,fiber,Yes,No,Yes,Yes,Yes,Yes,One Year,Yes,Bank transfer (automatic),61.35,4193.4,No
7621-VPNET,fe male,0,Yes,,42.0,Yes,Yes,dsl,No,No,Yes,Yes,No,No,Month-to-Month,Yes,Credit card (automatic),85.9,,No
6034-YMTOB,m,0,no,No,5.0,Yes,No,dsl,No,No,No,Yes,No,No,1 year,Yes,Mailed check,75.65,399.45,No
8563-IIOXK,fe male,0,No,Yes,7.0,Yes,No,fiber optic,Yes,No,No,No,No,No,Month-to-Month,Yes,Electronic check,49.75,331.3,Yes
4903-CNOZC,f,0,YES,No,29.0,Yes,Yes,Fiber Optic,No,Yes,Yes,No,No,Yes,Month-to-Month,No,Credit card (automatic),70.9,1964.6,No
4353-HYOJD,Male,0,Yes,Yes,27.0,Yes,No,Dsl,No,Yes,No,No,No,No,2 Year,No,Mailed check,49.85,1336.15,No
8020-BWHYL,f,1,No,No,,Yes,No,Fiber Optic,No,Yes,No,No,No,No,One Year,,Credit card (automatic),75.3,1147.45,Yes
7267-FRMJW,f,0,Yes,,25.0,Yes,No,fiber optic,No internet service,No internet service,No internet service,No internet service,No internet service,No internet service,Month-to-Month,No,Mailed check,20.1,486.05,No
2982-VPSGI,m,0,Yes,,11.0,Yes,Yes,Fiberoptic,No,No,No,No,Yes,Yes,2 Year,Yes,Electronic check,94.0,1078.9,Yes
4188-FRABG,f,0,No,No,57.0,Yes,Yes,Fiberoptic,Yes,Yes,Yes,Yes,Yes,No,1 Year,Yes,Electronic check,103.05,5925.75,No
8199-ZLLSA,FEMALE,0,Yes,No,,Yes,Yes,fiber,Yes,Yes,Yes,Yes,Yes,Yes,Month-to-Month,Yes,Bank transfer (automatic),118.35,7804.15,Yes
4128-ETESU,fe male,1,Yes,No,47.0,Yes,Yes,dsl,No,No,Yes,No,Yes,Yes,2 Year,No,Electronic check,99.7,4747.2,No
0620-DLSLK,Female,0,n,No,13.0,Yes,No,Fiber Optic,No,No,No,No,Yes,No,One Year,Yes,Mailed check,81.9,1028.9,No
4625-EWPTF,Male,0,NO,No,8.0,No,No phone service,DSL,Yes,No,No,No,No,No,month to month,Yes,Electronic check,30.45,226.45,Yes
5980-NOPLP,Female,0,y,No,44.0,Yes,Yes,dsl,No,No,No,No,Yes,Yes,2 Year,Yes,Electronic check,96.1,4364.1,Yes
3850-OKINF,Male,0,n,Yes,71.0,Yes,Yes,dsl,Yes,No,No,No,Yes,No,2 year,Yes,Electronic check,66.2,4692.55,No
6892-XPFPU,Male,1,NO,No,24.0,Yes,Yes,DSL,No,Yes,Yes,No,Yes,Yes,One Year,Yes,Electronic check,104.25,2433.9,Yes
8010-EZLOU,f,1,Yes,No,15.0,Yes,Yes,Fiberoptic,No,Yes,No,No,No,No,month to month,Yes,Electronic check,80.2,1217.25,Yes
1156-ZFYDO,FEMALE,0,y,,1.0,Yes,No,Fiberoptic,No internet service,No internet service,No internet service,No internet service,No internet service,No internet service,Two Year,No,Electronic check,19.75,19.75,No
3295-YVUSR,Male,1,Yes,No,2.0,Yes,Yes,fiber optic,No,No,No,No,No,No,1 Year,Yes,Mailed check,72.6,,No
8016-NCFVO,Male,1,Yes,No,55.0,Yes,Yes,Fiber Optic,Yes,Yes,Yes,Yes,Yes,Yes,month to month,Yes,Electronic check,116.5,6382.55,No
4119-ZYPZY,FEMALE,1,No,No,71.0,Yes,Yes,Fiber Optic,No,Yes,No,Yes,Yes,Yes,One Year,Yes,Electronic check,106.8,7623.2,No
5549-ZGHFB,Male,0,YES,Yes,50.0,Yes,Yes,DSL,No internet service,No internet service,No internet service,No internet service,No internet service,No internet service,Month-to-Month,No,Mailed check,24.95,1261.45,No
7577-SWIFR,fe male,0,no,No,1.0,Yes,No,Dsl,No,No,No,No,Yes,Yes,Two Year,Yes,Electronic check,89.25,89.25,No
0303-WMMRN,FEMALE,0,YES,No,5.0,Yes,No,fiber,No internet service,No internet service,No internet service,No internet service,No internet service,No internet service,One Year,,Mailed check,19.25,86.05,No
6408-OTUBZ,Male,0,No,No,,Yes,Yes,Fiberoptic,Yes,Yes,Yes,Yes,Yes,No,Two Year,Yes,Bank transfer (automatic),104.55,6779.05,No
5204-HMGYF,Male,0,No,Yes,49.0,Yes,No,Fiber Optic,Yes,Yes,Yes,Yes,Yes,Yes,One Year,Yes,Mailed check,87.2,4345,No
1078-TDCRN,fe male,1,Yes,No,3.0,No,No phone service,Fiberoptic,No,Yes,No,No,No,No,1 Year,Yes,Electronic check,30.75,82.85,No
3727-OVPRY,Male,0,YES,Yes,66.0,Yes,Yes,Fiber Optic,No internet service,No internet service,No internet service,No internet service,No internet service,No internet service,month to month,Yes,Credit card (automatic),25.7,1714.55,No
3797-FKOGQ,Female,0,No,Yes,11.0,Yes,Yes,fiber optic,No,No,No,No,No,Yes,Month-to-Month,No,Electronic check,86.2,893.2,No
7622-NXQZR,m,0,NO,No,28.0,No,No phone service,Fiberoptic,No,No,No,Yes,No,No,2 year,Yes,Credit card (automatic),30.1,810.85,No
6196-HBOBZ,Male,0,y,No,65.0,Yes,Yes,fiber,Yes,Yes,Yes,No,Yes,No,2 Year,Yes,Electronic check,99.35,6347.55,No
3970-XGJDU,f,0,y,No,62.0,Yes,No,Dsl,No internet service,No internet service,No internet service,No internet service,No internet service,No internet service,month to month,Yes,Credit card (automatic),19.2,1123.65,No
7017-VFULY,FEMALE,0,No,No,2.0,Yes,No,fiber,No internet service,No internet service,No internet service,No internet service,No internet service,No internet service,2 year,No,Bank transfer (automatic),20.1,43.15,No
5562-YJQGT,m,0,YES,No,2.0,Yes,No,fiber,No internet service,No internet service,No internet service,No internet service,No internet service,No internet service,2 Year,No,Credit card (automatic),20.35,35.1,No
8807-OPMBM,fe male,0,no,Yes,55.0,Yes,Yes,fiber optic,No internet service,No internet service,No internet service,No internet service,No internet service,No internet service,One Year,Yes,Credit card (automatic),25.65,1388,No
5439-WIKXB,FEMALE,1,YES,No,41.0,Yes,No,dsl,No,Yes,No,No,Yes,Yes,2 Year,Yes,Electronic check,94.55,3851.45,No
9874-QLCLH,FEMALE,0,n,Yes,17.0,Yes,Yes,DSL,Yes,No,Yes,No,Yes,Yes,Two Year,Yes,Electronic check,104.2,1743.5,Yes
8294-UIMBA,Female,0,No,,30.0,Yes,No,Dsl,No,No,No,Yes,Yes,Yes,One Year,Yes,Bank transfer (automatic),94.4,2638.1,No
8109-YUOHE,FEMALE,0,YES,No,17.0,Yes,No,fiber optic,Yes,Yes,No,No,No,No,One Year,No,Mailed check,56.1,946.95,No
5840-NVDCG,FEMALE,0,y,Yes,16.0,Yes,No,Fiberoptic,Yes,Yes,No,Yes,No,Yes,2 Year,No,Bank transfer (automatic),68.25,1114.85,No
8092-NLTGF,m,0,NO,No,72.0,Yes,Yes,fiber optic,No internet service,No internet service,No internet service,No internet service,No internet service,No internet service,2 year,No,Bank transfer (automatic),24.75,1777.6,No
5928-QLDHB,m,0,Yes,No,9.0,Yes,Yes,DSL,No,No,No,No,No,No,2 year,Yes,Electronic check,76.25,684.85,No
9840-EFJQB,Female,0,Yes,No,1.0,Yes,No,fiber optic,No,Yes,No,No,No,No,1 Year,No,Electronic check,74.35,74.35,No
0696-UKTOX,m,0,Yes,Yes,23.0,Yes,No,Dsl,No,Yes,No,Yes,No,No,1 year,No,Electronic check,54.15,1312.45,No
4801-KFYKL,Male,0,no,Yes,8.0,Yes,No,dsl,No internet service,No internet service,No internet service,No internet service,No internet service,No internet service,month to month,No,Bank transfer (automatic),19.45,,No
3472-OAOOR,Male,0,Yes,Yes,19.0,No,No phone service,fiber,Yes,Yes,No,No,No,No,Month-to-Month,Yes,Mailed check,34.95,610.2,No
6135-OZQVA,FEMALE,0,NO,No,7.0,Yes,Yes,Fiber Optic,Yes,No,No,No,No,No,One Year,Yes,Electronic check,53.65,404.35,No
8062-YBDOE,Male,1,NO,No,1.0,Yes,No,Fiberoptic,No,No,No,No,No,No,month to month,Yes,Electronic check,69.65,69.65,Yes
2252-JHJGE,Male,0,Yes,No,61.0,Yes,Yes,Fiberoptic,Yes,No,Yes,No,Yes,Yes,2 Year,No,Electronic check,104.0,,No
4188-PCPIG,Male,0,Yes,No,57.0,Yes,No,DSL,Yes,Yes,No,Yes,Yes,No,Month-to-Month,Yes,Credit card (automatic),70.35,4124.65,No
6000-APYLU,f,0,NO,No,,Yes,No,fiber optic,No,No,No,No,No,Yes,2 year,Yes,Electronic check,80.8,713.1,Yes
7105-BENQF,Male,0,Yes,Yes,15.0,Yes,No,fiber,Yes,No,Yes,No,No,Yes,One Year,No,Mailed check,64.85,950.75,No
7721-DVEKZ,m,0,YES,No,1.0,Yes,No,dsl,No internet service,No internet service,No internet service,No internet service,No internet service,No internet service,month to month,No,Mailed check,19.65,19.65,No
3566-VVORZ,FEMALE,0,NO,No,12.0,Yes,No,dsl,No,No,No,No,No,No,1 Year,No,Bank transfer (automatic),45.9,505.95,No
9507-HSMMZ,f,0,Yes,No,,Yes,No,fiber optic,No internet service,No internet service,No internet service,No internet service,No internet service,No internet service,1 Year,No,Mailed check,20.0,1149.65,No
2480-SQIOB,fe male,0,y,Yes,4.0,Yes,No,Fiberoptic,No,No,No,No,No,No,2 year,No,Electronic check,,169.65,No
0947-IDHRQ,Male,0,Yes,No,7.0,Yes,No,Fiber Optic,No,No,No,No,Yes,No,1 Year,Yes,Mailed check,80.3,526.7,Yes
7813-TKCVO,Female,0,no,No,20.0,Yes,No,Fiber Optic,No internet service,No internet service,No internet service,No internet service,No internet service,No internet service,Month-to-Month,No,Mailed check,20.35,393.15,No
0128-MKWSG,fe male,0,n,Yes,26.0,No,No phone service,DSL,Yes,No,No,Yes,No,Yes,2 year,No,Mailed check,45.8,1147,No
3672-YITQD,f,1,Yes,No,36.0,Yes,Yes,fiber optic,No,No,No,No,No,Yes,Month-to-Month,Yes,Electronic check,84.1,3021.6,Yes
4350-ZTLPI,FEMALE,0,YES,No,53.0,Yes,Yes,Dsl,No,Yes,Yes,Yes,Yes,Yes,1 Year,Yes,Bank transfer (automatic),,5718.2,No
9048-JVYVF,Male,0,n,No,3.0,Yes,No,Dsl,No,No,No,Yes,Yes,Yes,Month-to-Month,Yes,Electronic check,69.35,191.35,Yes
0361-HJRDX,fe male,0,No,No,68.0,No,No phone service,DSL,Yes,Yes,Yes,Yes,Yes,Yes,Two Year,No,Credit card (automatic),64.35,4539.6,No
5727-MYATE,FEMALE,0,No,Yes,72.0,Yes,Yes,fiber,Yes,Yes,Yes,Yes,Yes,Yes,month to month,,Credit card (automatic),90.8,6397.6,No
3823-KYNQY,Male,0,YES,No,12.0,Yes,Yes,dsl,No internet service,No internet service,No internet service,No internet service,No internet service,No internet service,2 Year,No,Credit card (automatic),24.95,280.4,No
8988-ECPJR,f,1,No,Yes,34.0,Yes,Yes,Fiber Optic,No,Yes,No,No,No,No,2 year,Yes,Mailed check,79.6,2718.3,Yes
7570-WELNY,f,0,y,No,68.0,Yes,Yes,fiber optic,Yes,Yes,No,No,No,No,month to month,Yes,Bank transfer (automatic),84.7,5711.05,No
3021-VLNRJ,fe male,0,YES,Yes,50.0,Yes,No,fiber,Yes,No,Yes,Yes,Yes,No,One Year,Yes,Credit card (automatic),70.8,3478.15,No
3776-EKTKM,FEMALE,1,y,No,,No,No phone service,fiber optic,No,No,No,No,Yes,No,Two Year,Yes,Electronic check,36.45,36.45,Yes
2080-CAZNM,Female,1,NO,,41.0,Yes,Yes,Dsl,No,Yes,Yes,No,Yes,Yes,2 Year,,Electronic check,104.4,4133.95,No
1028-FFNJK,m,1,y,No,30.0,Yes,Yes,fiber,No,No,No,Yes,Yes,Yes,Two Year,Yes,Electronic check,101.5,2917.65,No
6907-FLBER,m,0,NO,No,1.0,Yes,Yes,fiber,No,Yes,No,No,No,No,2 year,No,Electronic check,54.3,54.3,No
3001-UNBTL,m,1,No,Yes,29.0,Yes,Yes,fiber,No,No,Yes,No,Yes,Yes,1 year,Yes,Electronic check,103.95,,No
5982-PSMKW,Female,0,NO,Yes,23.0,Yes,Yes,fiber,Yes,Yes,Yes,Yes,Yes,Yes,2 Year,Yes,Credit card (automatic),91.1,2198.3,No
3507-GASNP,Male,0,NO,Yes,60.0,Yes,No,Fiber Optic,No internet service,No internet service,No internet service,No internet service,No internet service,No internet service,1 Year,No,Mailed check,19.95,1189.9,No
7096-ZNBZI,fe male,0,No,No,72.0,Yes,Yes,Fiberoptic,No internet service,No internet service,No internet service,No internet service,No internet service,No internet service,2 year,No,Credit card (automatic),26.45,1914.5,No
1902-XBTFB,FEMALE,0,NO,,22.0,Yes,No,DSL,No,Yes,Yes,No,Yes,No,Two Year,Yes,Electronic check,89.4,2001.5,Yes
1676-MQAOA,Female,0,y,No,72.0,Yes,No,fiber,Yes,Yes,Yes,Yes,Yes,No,Month-to-Month,Yes,Bank transfer (automatic),75.1,5336.35,No
0786-IVLAW,f,1,NO,No,66.0,Yes,Yes,Fiberoptic,No,Yes,Yes,No,Yes,Yes,1 Year,No,Bank transfer (automatic),108.1,7238.6,No
7566-DSRLQ,Male,0,n,No,72.0,Yes,Yes,Fiberoptic,No,Yes,Yes,Yes,Yes,Yes,2 year,Yes,Electronic check,110.15,7998.8,No
0643-OKLRP,m,1,y,No,47.0,Yes,Yes,dsl,Yes,No,No,No,No,No,1 year,No,Electronic check,80.35,3825.85,Yes
7245-JMTTQ,FEMALE,0,YES,No,51.0,Yes,Yes,Dsl,No,Yes,Yes,Yes,Yes,Yes,1 Year,Yes,Electronic check,111.5,5703.25,No
6050-IJRHS,Male,0,y,Yes,70.0,Yes,Yes,DSL,No,Yes,Yes,No,Yes,Yes,2 Year,Yes,Electronic check,106.5,7397,No
6202-JVYEU,m,0,NO,No,9.0,Yes,No,Dsl,No internet service,No internet service,No internet service,No internet service,No internet service,No internet service,Month-to-Month,,Electronic check,19.9,164.6,No
8591-TKMZH,Female,0,YES,Yes,59.0,Yes,Yes,dsl,Yes,Yes,No,Yes,Yes,Yes,Month-to-Month,Yes,Mailed check,111.1,6555.2,No
0734-OXWBT,m,0,Yes,Yes,3.0,Yes,No,Fiberoptic,No,No,No,Yes,Yes,Yes,2 year,No,Mailed check,70.7,225.65,No
4282-ACRXS,f,1,n,No,38.0,No,No phone service,dsl,No,No,No,No,No,No,One Year,Yes,Electronic check,24.85,955.75,No
0365-TRTPY,Male,0,NO,No,37.0,Yes,Yes,fiber,Yes,Yes,Yes,No,No,No,1 Year,No,Bank transfer (automatic),91.2,3382.3,No
7349-ALMUX,Female,0,Yes,No,37.0,Yes,No,fiber optic,Yes,Yes,Yes,Yes,No,No,1 Year,No,Bank transfer (automatic),65.6,2313.8,No
9381-NDKME,Male,1,no,No,24.0,No,No phone service,fiber optic,No,No,Yes,No,No,Yes,month to month,Yes,Credit card (automatic),40.65,933.3,Yes
6502-KUGLL,Male,0,NO,Yes,14.0,Yes,No,fiber,Yes,Yes,No,Yes,No,No,Two Year,No,Bank transfer (automatic),59.45,780.85,No
1841-YSJGV,fe male,0,NO,No,72.0,Yes,Yes,fiber,Yes,Yes,No,Yes,Yes,Yes,2 Year,Yes,Credit card (automatic),109.95,7852.4,No
2794-XIMMO,fe male,0,n,No,53.0,No,No phone service,dsl,No,Yes,Yes,Yes,Yes,Yes,2 year,Yes,Electronic check,60.45,3184.25,Yes
8382-SHQEH,Male,0,y,No,8.0,Yes,Yes,dsl,No,No,No,No,No,Yes,Two Year,,Electronic check,84.9,,Yes
3511-BFTJW,FEMALE,0,n,Yes,,No,No phone service,Fiberoptic,Yes,Yes,Yes,No,No,No,1 Year,No,Credit card (automatic),38.5,2763,No
7668-XCFYV,Female,1,YES,No,17.0,Yes,Yes,fiber,No,No,No,No,Yes,Yes,Month-to-Month,Yes,Electronic check,92.55,1614.7,No
2983-ZANRP,m,0,No,,2.0,Yes,No,fiber,No,Yes,No,No,No,No,month to month,Yes,Bank transfer (automatic),73.55,145.4,Yes
7845-URHJN,fe male,0,YES,No,8.0,Yes,No,fiber,No internet service,No internet service,No internet service,No internet service,No internet service,No internet service,Month-to-Month,No,Bank transfer (automatic),20.15,156.25,Yes
3034-ZBEQN,fe male,0,no,No,48.0,No,No phone service,Dsl,No,Yes,Yes,No,No,No,1 Year,No,Mailed check,34.7,1604.5,Yes
5018-HEKFO,Male,0,no,No,10.0,Yes,Yes,Fiberoptic,No internet service,No internet service,No internet service,No internet service,No internet service,No internet service,Two Year,Yes,Mailed check,24.5,270.15,No
2923-ARZLG,f,0,Yes,Yes,0.0,Yes,No,fiber,No internet service,No internet service,No internet service,No internet service,No internet service,No internet service,2 year,Yes,Mailed check,19.7, ,No
3976-NLDEZ,Male,0,y,No,1.0,Yes,No,fiber,No internet service,No internet service,No internet service,No internet service,No internet service,No internet service,2 Year,No,Mailed check,20.6,20.6,No
2282-YGNOR,FEMALE,0,no,No,29.0,Yes,No,Fiber Optic,Yes,No,Yes,Yes,No,No,2 year,No,Credit card (automatic),58.0,1734.5,No
5336-UFNZP,FEMALE,1,n,Yes,65.0,Yes,Yes,DSL,No,Yes,Yes,No,Yes,Yes,1 Year,Yes,Electronic check,107.45,7047.5,No
6854-EXGSF,Female,0,NO,No,8.0,Yes,Yes,fiber optic,Yes,Yes,Yes,No,No,No,1 year,Yes,Bank transfer (automatic),65.5,573.15,No
1241-EZFMJ,Female,0,no,No,61.0,Yes,Yes,fiber,No internet service,No internet service,No internet service,No internet service,No internet service,No internet service,1 Year,No,Bank transfer (automatic),25.45,,No
9233-PSYHO,FEMALE,1,Yes,No,45.0,Yes,Yes,Dsl,No,No,Yes,No,Yes,Yes,One Year,Yes,Bank transfer (automatic),100.15,4459.8,No
5376-PCKNB,Female,0,YES,Yes,72.0,Yes,Yes,Fiber Optic,No,Yes,Yes,No,Yes,Yes,Month-to-Month,Yes,Credit card (automatic),104.45,7459,No
8044-BGWPI,f,0,Yes,Yes,12.0,Yes,No,DSL,No internet service,No internet service,No internet service,No internet service,No internet service,No internet service,2 year,Yes,Electronic check,21.15,306.05,No
4060-LDNLU,f,0,YES,No,,Yes,Yes,dsl,No,No,No,No,Yes,Yes,One Year,No,Electronic check,96.2,639.7,No
3589-PPVKW,Male,0,y,No,9.0,Yes,No,DSL,No,No,No,No,No,No,2 Year,Yes,Mailed check,44.4,348.15,No
8327-LZKAS,m,1,y,No,43.0,Yes,Yes,DSL,No,No,Yes,Yes,Yes,Yes,1 year,Yes,Electronic check,107.55,4533.9,Yes
5887-IKKYO,Female,0,y,Yes,,Yes,Yes,Fiberoptic,No,No,Yes,Yes,No,Yes,Month-to-Month,No,Bank transfer (automatic),94.35,5563.65,No
1075-BGWOH,Male,1,no,No,16.0,Yes,Yes,dsl,No,No,Yes,No,Yes,Yes,2 year,Yes,Electronic check,98.75,1587.55,Yes
1755-RMCXH,m,0,no,Yes,2.0,Yes,No,fiber optic,No internet service,No internet service,No internet service,No internet service,No internet service,No internet service,2 year,No,Mailed check,20.3,,No
0302-JOIVN,FEMALE,0,NO,No,8.0,Yes,No,dsl,No,Yes,Yes,No,Yes,Yes,1 Year,No,Electronic check,101.15,842.9,Yes
3858-XHYJO,Male,0,Yes,No,40.0,Yes,Yes,fiber,Yes,No,Yes,No,Yes,Yes,Two Year,No,Bank transfer (automatic),105.75,4228.55,No
4299-SIMNS,FEMALE,0,n,No,9.0,Yes,Yes,fiber,Yes,No,No,No,No,No,1 year,Yes,Electronic check,81.15,784.45,No
7025-IWFHT,Female,0,No,,41.0,Yes,No,Fiber Optic,No,Yes,No,Yes,Yes,No,1 year,Yes,Electronic check,,3729.75,No
6261-LHRTG,Male,0,no,No,26.0,Yes,No,dsl,No,Yes,Yes,No,No,No,1 Year,Yes,Credit card (automatic),54.75,1406.9,No
7841-FCRQD,f,0,y,,,Yes,No,DSL,No,Yes,No,Yes,No,No,2 year,Yes,Credit card (automatic),53.75,1857.3,No
2056-EVGZL,Female,0,NO,Yes,68.0,Yes,No,Fiberoptic,No,Yes,Yes,Yes,Yes,Yes,2 Year,,Credit card (automatic),105.75,7322.5,No
8777-MBMTS,fe male,1,n,No,65.0,Yes,No,fiber optic,No,Yes,Yes,Yes,Yes,Yes,2 year,Yes,Credit card (automatic),105.85,6725.5,No
7753-USQYQ,FEMALE,0,YES,No,55.0,Yes,No,Fiberoptic,No,Yes,No,Yes,No,Yes,Two Year,Yes,Electronic check,64.2,3627.3,No
5366-IJEQJ,fe male,0,y,No,20.0,Yes,Yes,dsl,No,No,Yes,No,Yes,No,Two Year,Yes,Electronic check,88.7,1761.45,Yes
7661-CPURM,f,0,YES,No,19.0,Yes,No,fiber optic,No,No,No,Yes,No,Yes,Two Year,Yes,Credit card (automatic),87.7,1725.95,No
6233-HXJMX,FEMALE,0,n,No,45.0,Yes,Yes,DSL,No,No,Yes,No,No,Yes,Two Year,Yes,Credit card (automatic),89.3,4192.15,No
5902-WBLSE,FEMALE,0,NO,Yes,70.0,Yes,No,Dsl,No internet service,No internet service,No internet service,No internet service,No internet service,No internet service,month to month,Yes,Credit card (automatic),20.15,1411.2,No
1981-INRFU,Male,0,no,No,2.0,Yes,No,Dsl,No,No,No,No,Yes,No,2 year,,Electronic check,79.75,164.5,Yes
4971-PUYQO,Male,0,no,No,27.0,Yes,Yes,fiber optic,No,No,No,No,Yes,Yes,2 Year,,Mailed check,94.55,2724.6,Yes
3239-TPHPZ,Male,0,y,No,12.0,Yes,No,DSL,No internet service,No internet service,No internet service,No internet service,No internet service,No internet service,2 year,Yes,Electronic check,20.05,264.55,No
5115-GZDEL,Female,0,Yes,Yes,72.0,No,No phone service,Dsl,Yes,Yes,Yes,Yes,Yes,Yes,2 Year,No,Credit card (automatic),67.2,4671.7,No
3338-CVVEH,Male,0,No,No,12.0,Yes,Yes,Fiberoptic,No,No,No,No,Yes,Yes,2 Year,No,Electronic check,94.55,1173.55,No
8485-GJCDN,FEMALE,1,No,No,5.0,Yes,No,Dsl,No,No,No,No,No,No,2 Year,,Mailed check,69.05,318.5,Yes
2615-YVMYX,Female,1,n,No,71.0,Yes,Yes,Fiberoptic,Yes,Yes,Yes,No,Yes,Yes,month to month,Yes,Electronic check,107.5,7713.55,No
2851-STERV,fe male,1,Yes,No,35.0,Yes,No,dsl,No,No,Yes,Yes,Yes,Yes,2 year,Yes,Electronic check,73.0,2471.25,No
4393-GEADV,m,0,y,Yes,70.0,Yes,Yes,Dsl,Yes,Yes,Yes,Yes,Yes,Yes,1 year,No,Credit card (automatic),114.75,7842.3,No
8486-AYEQH,FEMALE,0,Yes,No,31.0,Yes,Yes,Fiberoptic,No,No,No,No,No,No,2 year,Yes,Electronic check,76.05,2227.8,No
1527-SXDPN,FEMALE,0,No,Yes,52.0,Yes,Yes,Fiberoptic,No,No,Yes,Yes,No,Yes,Two Year,Yes,Bank transfer (automatic),96.25,4990.25,Yes
6029-WTIPC,m,1,y,No,37.0,Yes,Yes,Fiber Optic,No,No,Yes,No,Yes,Yes,1 year,Yes,Electronic check,,3744.05,Yes
8634-CILSZ,Male,0,NO,No,69.0,Yes,Yes,Dsl,No,Yes,No,Yes,Yes,Yes,Month-to-Month,Yes,Bank transfer (automatic),104.7,7220.35,Yes
5419-JKZNQ,m,1,no,No,30.0,Yes,Yes,fiber optic,No,No,No,No,No,No,Month-to-Month,No,Mailed check,,2351.45,No
2495-KZNFB,m,0,y,No,33.0,Yes,Yes,dsl,Yes,No,No,No,No,Yes,Month-to-Month,Yes,Electronic check,90.65,2989.6,No
1409-PHXTF,f,1,YES,No,54.0,Yes,Yes,Fiber Optic,No,Yes,Yes,Yes,Yes,Yes,Month-to-Month,Yes,Electronic check,110.45,6077.75,No
4560-WQAQW,FEMALE,0,Yes,No,59.0,Yes,Yes,DSL,Yes,No,No,Yes,No,Yes,month to month,,Bank transfer (automatic),68.7,4070.95,No
9591-YVTEB,Male,1,No,No,55.0,No,No phone service,fiber,Yes,Yes,No,No,Yes,No,Month-to-Month,Yes,Electronic check,,2479.05,No
9309-BZGNT,FEMALE,1,Yes,No,69.0,No,No phone service,DSL,No,No,Yes,No,No,No,One Year,Yes,Credit card (automatic),29.8,2134.3,No
4274-DRSQT,f,0,Yes,No,66.0,Yes,Yes,Fiberoptic,No,Yes,No,No,Yes,No,Two Year,Yes,Bank transfer (automatic),88.9,6000.1,No
2027-DNKIV,f,0,y,Yes,37.0,Yes,No,Fiberoptic,Yes,No,Yes,Yes,No,No,Month-to-Month,Yes,Mailed check,58.75,2203.1,No
8075-GXIUB,Male,1,Yes,No,9.0,Yes,No,Dsl,No internet service,No internet service,No internet service,No internet service,No internet service,No internet service,2 Year,No,Credit card (automatic),,183.15,No
2885-HIJDH,Male,0,No,Yes,69.0,Yes,Yes,fiber,Yes,No,Yes,Yes,Yes,Yes,1 year,No,Bank transfer (automatic),86.9,6194.1,No
5424-RLQLC,Female,0,n,,10.0,Yes,No,fiber optic,No,Yes,No,No,Yes,No,2 year,Yes,Mailed check,,638.95,No
6682-QJDGB,FEMALE,0,YES,Yes,40.0,Yes,No,fiber optic,Yes,Yes,No,No,No,No,month to month,Yes,Mailed check,55.25,2139.2,Yes
6507-DTJZV,Male,0,Yes,Yes,13.0,Yes,No,fiber,No,No,No,No,Yes,Yes,1 Year,No,Credit card (automatic),66.4,,No
8780-IXSTS,FEMALE,0,Yes,No,6.0,Yes,Yes,fiber,No,Yes,No,No,Yes,No,month to month,Yes,Electronic check,90.1,521.3,Yes
7673-BQGKU,Female,0,no,Yes,69.0,Yes,No,Dsl,No internet service,No internet service,No internet service,No internet service,No internet service,No internet service,Month-to-Month,No,Bank transfer (automatic),20.15,1337.5,No
6723-WSNTY,Female,1,Yes,No,66.0,Yes,Yes,dsl,No,Yes,Yes,Yes,Yes,Yes,One Year,Yes,Credit card (automatic),108.1,,No
9530-EHPOH,fe male,0,n,No,11.0,Yes,Yes,Fiber Optic,No,No,Yes,No,No,No,month to month,No,Electronic check,53.75,608,Yes
2725-IWWBA,Male,0,NO,Yes,46.0,Yes,No,Fiberoptic,Yes,No,Yes,Yes,No,No,One Year,No,Mailed check,,2560.1,No
0345-HKJVM,fe male,0,NO,No,6.0,Yes,No,fiber optic,No,No,No,No,Yes,Yes,month to month,No,Electronic check,89.3,577.6,Yes
1061-PNTHC,Male,0,YES,Yes,56.0,Yes,Yes,Fiber Optic,Yes,No,Yes,Yes,Yes,Yes,One Year,,Mailed check,109.6,5953,No
0394-YONDK,fe male,0,Yes,Yes,70.0,Yes,Yes,dsl,No internet service,No internet service,No internet service,No internet service,No internet service,No internet service,1 Year,No,Credit card (automatic),25.15,1790.15,No
6574-MCOEH,m,0,Yes,Yes,33.0,Yes,Yes,fiber optic,No,No,Yes,Yes,Yes,Yes,Two Year,Yes,Electronic check,,2531.4,No
7399-QHBJS,f,0,no,Yes,72.0,Yes,Yes,DSL,Yes,Yes,No,Yes,No,No,2 year,No,Credit card (automatic),66.75,,No
3049-SOLAY,fe male,0,no,No,3.0,Yes,Yes,dsl,No,No,No,No,Yes,Yes,month to month,Yes,Electronic check,95.2,292.85,Yes
0997-YTLNY,FEMALE,0,Yes,Yes,19.0,Yes,No,fiber,No,No,No,Yes,No,No,2 Year,No,Mailed check,48.8,953.65,No
3317-HRTNN,f,1,n,No,5.0,No,No phone service,Fiberoptic,No,No,No,No,Yes,Yes,1 Year,No,Electronic check,45.7,198,Yes
9479-HYNYL,fe male,0,NO,No,71.0,Yes,No,Fiberoptic,No,Yes,Yes,Yes,Yes,Yes,1 year,Yes,Credit card (automatic),80.7,5705.05,No
3235-ETOOB,f,0,n,No,8.0,Yes,No,dsl,Yes,No,No,No,No,No,Month-to-Month,Yes,Electronic check,74.5,609.9,Yes
9708-KFDBY,FEMALE,0,No,No,,Yes,No,DSL,No internet service,No internet service,No internet service,No internet service,No internet service,No internet service,One Year,No,Credit card (automatic),20.55,20.55,No
8058-INTPH,fe male,0,n,No,1.0,Yes,No,Fiberoptic,No,No,No,No,Yes,No,2 Year,Yes,Electronic check,79.65,79.65,Yes
3642-GKTCT,m,0,n,No,61.0,Yes,Yes,fiber optic,Yes,Yes,Yes,Yes,Yes,Yes,1 year,Yes,Mailed check,115.1,6993.65,No
0774-RMNUW,Female,0,YES,Yes,71.0,No,No phone service,DSL,Yes,Yes,No,Yes,Yes,Yes,One Year,No,Bank transfer (automatic),59.7,4122.65,No
1334-PDUKM,f,0,NO,No,68.0,Yes,Yes,fiber optic,No,Yes,Yes,No,No,No,month to month,No,Credit card (automatic),86.45,5762.95,No
0756-MPZRL,Female,0,NO,No,46.0,No,No phone service,fiber optic,No,No,Yes,Yes,No,No,month to month,No,Credit card (automatic),33.7,1537.85,No
2242-MFOTG,m,0,NO,No,33.0,Yes,Yes,Fiber Optic,Yes,No,No,No,No,No,2 year,No,Bank transfer (automatic),80.1,,No
2927-CVULT,f,0,n,Yes,53.0,Yes,Yes,dsl,Yes,Yes,Yes,Yes,No,Yes,2 Year,Yes,Bank transfer (automatic),104.05,5566.4,No
2144-BFDSO,FEMALE,1,YES,No,50.0,Yes,Yes,Fiberoptic,Yes,Yes,Yes,No,Yes,Yes,2 year,No,Bank transfer (automatic),,5431.9,No
8745-PVESG,FEMALE,0,Yes,No,57.0,No,No phone service,Dsl,Yes,No,Yes,Yes,No,No,month to month,Yes,Credit card (automatic),41.1,2258.25,No
7647-GYYKX,m,0,y,Yes,54.0,Yes,No,Fiberoptic,No internet service,No internet service,No internet service,No internet service,No internet service,No internet service,month to month,Yes,Bank transfer (automatic),20.35,1092.35,No
5647-FXOTP,Female,1,n,No,60.0,Yes,Yes,Dsl,No,Yes,Yes,No,Yes,Yes,One Year,Yes,Electronic check,105.9,6401.25,No
5569-OUICF,Male,1,n,,28.0,Yes,Yes,fiber optic,No,No,No,Yes,Yes,Yes,Month-to-Month,Yes,Credit card (automatic),101.3,2812.2,Yes
8821-XNHVZ,Male,0,y,Yes,1.0,Yes,No,fiber,No,No,No,No,Yes,No,One Year,Yes,Mailed check,,80.05,Yes
2082-OJVTK,Female,0,no,Yes,29.0,Yes,Yes,DSL,No,No,Yes,No,No,Yes,Two Year,Yes,Electronic check,89.2,2698.35,Yes
9700-ISPUP,fe male,0,y,Yes,10.0,Yes,No,fiber optic,No,Yes,No,Yes,No,Yes,1 year,Yes,Electronic check,65.5,616.9,No
9839-ETQOE,Male,0,NO,Yes,43.0,No,No phone service,fiber,Yes,Yes,Yes,No,No,No,One Year,Yes,Electronic check,40.45,1912.85,No
6078-VESFR,f,1,NO,,13.0,Yes,No,fiber optic,No,No,No,No,No,No,2 year,No,Bank transfer (automatic),,849.1,No
9027-TMATR,fe male,0,Yes,No,43.0,Yes,No,Dsl,Yes,No,Yes,Yes,Yes,Yes,Month-to-Month,Yes,Electronic check,78.8,3460.3,No
5940-NFXKV,Female,0,YES,Yes,19.0,Yes,Yes,fiber,No,No,No,No,No,Yes,Month-to-Month,Yes,Electronic check,83.65,1465.75,Yes
1941-HOSAM,Male,0,n,Yes,1.0,Yes,No,dsl,No,No,No,No,Yes,Yes,One Year,Yes,Electronic check,90.1,90.1,No
9110-HSGTV,Male,0,Yes,No,69.0,Yes,No,dsl,Yes,No,Yes,Yes,Yes,Yes,1 Year,Yes,Credit card (automatic),82.45,5555.3,No
0704-VCUMB,FEMALE,0,No,No,61.0,Yes,No,DSL,No internet service,No internet service,No internet service,No internet service,No internet service,No internet service,2 year,No,Credit card (automatic),20.25,1278.8,No
6171-ZTVYB,FEMALE,0,NO,No,43.0,Yes,Yes,Dsl,Yes,Yes,No,Yes,No,No,1 year,No,Bank transfer (automatic),66.25,2907.35,No
8053-WWDRO,Male,0,No,No,6.0,Yes,No,DSL,No internet service,No internet service,No internet service,No internet service,No internet service,No internet service,2 year,No,Bank transfer (automatic),19.5,,Yes
9564-KCLHR,FEMALE,0,Yes,No,,Yes,No,Dsl,No,No,No,Yes,No,No,2 Year,,Mailed check,51.25,51.25,Yes
1935-IMVBB,fe male,0,Yes,No,56.0,Yes,No,Fiber Optic,No,No,No,No,Yes,Yes,1 Year,No,Mailed check,89.7,4952.95,No
2535-PBCGC,Female,0,no,No,,No,No phone service,DSL,Yes,Yes,Yes,Yes,Yes,Yes,Month-to-Month,No,Bank transfer (automatic),64.55,4504.9,No
2082-CEFLT,FEMALE,0,No,No,1.0,Yes,No,Fiber Optic,No,No,No,No,No,No,One Year,Yes,Electronic check,45.6,45.6,Yes
1470-PSXNM,FEMALE,0,n,Yes,49.0,Yes,Yes,dsl,No,Yes,Yes,No,Yes,No,Month-to-Month,Yes,Electronic check,93.65,4520.15,No
1213-NGCUN,m,0,n,No,6.0,Yes,No,fiber optic,No,No,No,Yes,No,No,2 Year,Yes,Bank transfer (automatic),49.65,267.35,Yes
2498-XLDZR,Male,0,NO,Yes,32.0,Yes,No,fiber,Yes,Yes,Yes,Yes,No,Yes,1 Year,No,Mailed check,73.6,2316.85,No
9866-OCCKE,Female,1,No,No,72.0,Yes,Yes,Fiber Optic,Yes,No,Yes,Yes,Yes,Yes,2 year,Yes,Mailed check,109.75,8075.35,No
5338-YHWYT,fe male,0,Yes,Yes,37.0,Yes,No,fiber optic,Yes,Yes,No,Yes,No,No,1 year,No,Credit card (automatic),61.45,,No
7718-UPSKJ,fe male,0,Yes,No,69.0,Yes,No,Fiber Optic,Yes,Yes,No,Yes,Yes,Yes,2 Year,Yes,Credit card (automatic),106.4,7251.9,No
8731-WBBMB,Female,0,n,No,26.0,Yes,No,dsl,No,Yes,Yes,Yes,Yes,Yes,Two Year,No,Bank transfer (automatic),81.9,2078.55,No
1448-CYWKC,Male,0,Yes,Yes,58.0,Yes,Yes,fiber,No,Yes,Yes,No,Yes,Yes,month to month,,Credit card (automatic),105.2,6225.4,No
7901-IIDQV,m,0,no,No,24.0,Yes,Yes,dsl,No,No,No,Yes,No,No,2 Year,No,Bank transfer (automatic),54.6,1242.25,No
2690-DVRVK,Male,0,No,Yes,5.0,Yes,No,DSL,No internet service,No internet service,No internet service,No internet service,No internet service,No internet service,One Year,No,Electronic check,20.55,99.45,No
5688-KZTSN,FEMALE,0,No,Yes,15.0,Yes,No,fiber,No internet service,No internet service,No internet service,No internet service,No internet service,No internet service,Month-to-Month,Yes,Electronic check,20.0,288.05,Yes
1270-XKUCC,Male,0,Yes,Yes,30.0,Yes,No,dsl,No internet service,No internet service,No internet service,No internet service,No internet service,No internet service,1 year,No,Mailed check,19.7,,No
0334-ZFJSR,Male,0,no,No,55.0,Yes,Yes,Dsl,Yes,Yes,No,Yes,No,No,Month-to-Month,Yes,Credit card (automatic),66.05,3462.1,No
2894-QOJRX,f,0,No,No,25.0,No,No phone service,fiber optic,No,No,No,No,Yes,No,2 year,Yes,Bank transfer (automatic),34.0,,Yes
5747-PMBSQ,Female,1,n,No,10.0,Yes,No,fiber,No,Yes,Yes,Yes,Yes,No,Month-to-Month,Yes,Mailed check,92.5,934.1,Yes
5583-EJXRD,fe male,0,NO,Yes,44.0,No,No phone service,Dsl,Yes,Yes,Yes,Yes,No,Yes,Month-to-Month,Yes,Credit card (automatic),54.05,2375.2,No
4565-EVZMJ,Male,0,Yes,No,47.0,Yes,No,Fiberoptic,Yes,Yes,No,Yes,No,No,Month-to-Month,Yes,Mailed check,58.9,2813.05,No
3143-JQEGI,fe male,0,Yes,Yes,13.0,Yes,No,fiber optic,No,No,No,No,Yes,Yes,1 Year,No,Electronic check,,1222.8,Yes
6386-SZZKH,Male,0,Yes,Yes,49.0,Yes,Yes,Fiberoptic,No,Yes,Yes,Yes,Yes,Yes,Two Year,Yes,Bank transfer (automatic),107.95,5293.2,Yes
3327-YBAKM,Male,0,Yes,No,64.0,Yes,No,fiber,Yes,No,No,Yes,Yes,Yes,One Year,Yes,Mailed check,96.9,6314.35,No
9441-QHEVC,Male,0,No,No,,Yes,No,Fiber Optic,No internet service,No internet service,No internet service,No internet service,No internet service,No internet service,Month-to-Month,No,Mailed check,19.1,19.1,No
6705-LNMDD,Male,0,YES,No,20.0,Yes,No,Fiber Optic,No,No,No,Yes,No,No,One Year,No,Mailed check,50.0,1003.05,No
2580-ASVVY,Male,0,y,No,37.0,No,No phone service,fiber optic,Yes,No,No,Yes,Yes,No,One Year,No,Electronic check,45.4,1593.1,No
3370-GQEAL,f,0,Yes,Yes,30.0,Yes,Yes,Dsl,No,No,No,No,Yes,No,Two Year,No,Electronic check,85.45,,No
5032-USPKF,m,0,n,No,38.0,Yes,Yes,Fiberoptic,Yes,Yes,Yes,No,Yes,Yes,One Year,No,Bank transfer (automatic),84.1,3187.65,No
2982-IHMFT,f,1,YES,No,1.0,Yes,Yes,fiber optic,No,No,No,No,No,No,2 year,Yes,Mailed check,74.45,74.45,Yes
3521-SYVOR,m,0,Yes,No,37.0,Yes,No,fiber optic,No,No,No,No,Yes,Yes,Two Year,Yes,Electronic check,64.75,2345.2,Yes
4254-QPEDE,f,0,Yes,No,52.0,No,No phone service,DSL,Yes,Yes,Yes,Yes,Yes,Yes,Two Year,No,Credit card (automatic),66.25,3330.1,No
6283-GITPX,Male,0,n,Yes,71.0,Yes,No,Dsl,Yes,Yes,Yes,Yes,Yes,No,month to month,Yes,Credit card (automatic),76.9,5522.7,No
9526-JAWYF,Male,0,y,No,26.0,Yes,No,DSL,No,Yes,Yes,No,Yes,No,1 year,No,Electronic check,89.8,2335.3,Yes
0771-CHWSK,Female,0,n,,66.0,Yes,Yes,fiber,Yes,Yes,Yes,No,No,Yes,2 year,Yes,Credit card (automatic),74.6,4798.4,No
9788-HNGUT,FEMALE,0,Yes,No,72.0,Yes,Yes,Dsl,Yes,Yes,Yes,Yes,Yes,Yes,1 Year,Yes,Credit card (automatic),116.95,8594.4,No
9495-REDIY,Male,0,no,Yes,25.0,No,No phone service,DSL,Yes,No,No,No,Yes,No,Two Year,Yes,Credit card (automatic),40.65,970.55,No
5375-XLDOF,Male,0,YES,Yes,69.0,Yes,Yes,dsl,Yes,Yes,Yes,Yes,Yes,Yes,Two Year,Yes,Bank transfer (automatic),114.35,7665.8,No
1172-VIYBP,FEMALE,0,Yes,Yes,53.0,Yes,Yes,fiber,Yes,Yes,No,No,No,Yes,1 year,No,Bank transfer (automatic),69.7,3686.05,No
5649-VUKMC,Male,0,YES,No,12.0,Yes,No,Fiberoptic,No,No,Yes,No,Yes,Yes,1 Year,No,Mailed check,95.5,1115.15,Yes
6559-PDZLR,m,0,y,No,26.0,Yes,No,Fiber Optic,No,No,Yes,Yes,Yes,Yes,2 Year,Yes,Electronic check,98.65,2537,No
8992-OBVDG,Male,0,No,No,21.0,Yes,No,fiber,No,No,Yes,No,No,Yes,Two Year,No,Mailed check,61.65,1393.6,No
4273-MBHYA,Male,0,YES,Yes,1.0,Yes,No,DSL,No,No,No,No,Yes,Yes,1 Year,Yes,Electronic check,89.35,89.35,No
4724-WXVWF,Female,0,No,No,48.0,Yes,Yes,Fiber Optic,Yes,No,No,Yes,No,Yes,2 Year,Yes,Electronic check,95.4,4445.3,No
5701-GUXDC,f,0,YES,No,26.0,No,No phone service,dsl,Yes,No,Yes,No,No,No,2 year,No,Credit card (automatic),35.4,978.6,No
1460-UZPRJ,Male,0,Yes,No,60.0,Yes,No,DSL,No internet service,No internet service,No internet service,No internet service,No internet service,No internet service,1 Year,No,Mailed check,19.95,1258.15,No
6082-GLJIX,Female,0,Yes,No,18.0,Yes,No,DSL,No internet service,No internet service,No internet service,No internet service,No internet service,No internet service,1 year,No,Mailed check,19.25,331.35,No
5143-EGQFK,Female,1,Yes,No,10.0,No,No phone service,fiber optic,No,No,No,Yes,No,No,Two Year,Yes,Electronic check,29.65,291.4,Yes
4919-IKATY,f,0,NO,Yes,5.0,Yes,Yes,Dsl,Yes,No,Yes,No,No,No,1 year,Yes,Electronic check,84.5,453.75,Yes
2495-TTHBQ,m,0,YES,,4.0,Yes,No,fiber,No internet service,No internet service,No internet service,No internet service,No internet service,No internet service,Two Year,Yes,Mailed check,20.4,84.75,No
0485-ZBSLN,fe male,0,YES,Yes,65.0,Yes,Yes,dsl,No internet service,No internet service,No internet service,No internet service,No internet service,No internet service,1 year,No,Credit card (automatic),24.75,1715.1,No
3810-PJUHR,Male,0,No,Yes,70.0,Yes,Yes,DSL,No internet service,No internet service,No internet service,No internet service,No internet service,No internet service,One Year,No,Mailed check,25.35,1715.15,No
9050-QLROH,Male,0,YES,No,18.0,Yes,Yes,fiber,No,No,Yes,No,No,Yes,Month-to-Month,Yes,Credit card (automatic),90.7,1597.25,Yes
0847-HGRML,fe male,0,No,Yes,62.0,Yes,No,fiber,No internet service,No internet service,No internet service,No internet service,No internet service,No internet service,Two Year,No,Bank transfer (automatic),20.0,1250.1,No
8232-CTLKO,f,0,n,Yes,66.0,Yes,No,DSL,Yes,No,No,No,Yes,No,month to month,Yes,Electronic check,59.75,3996.8,No
9227-YBAXE,FEMALE,0,no,Yes,65.0,Yes,Yes,Fiber Optic,Yes,Yes,No,Yes,Yes,Yes,2 Year,Yes,Bank transfer (automatic),82.5,5215.1,No
6168-WFVVF,Male,1,Yes,No,3.0,Yes,No,dsl,No,No,No,No,No,No,1 year,Yes,Electronic check,70.3,235.5,Yes
9860-LISIZ,FEMALE,0,y,No,34.0,Yes,No,Fiber Optic,No internet service,No internet service,No internet service,No internet service,No internet service,No internet service,One Year,No,Mailed check,20.35,673.2,No
0112-QAWRZ,Male,0,no,Yes,16.0,Yes,Yes,dsl,No,No,Yes,No,Yes,No,Month-to-Month,Yes,Bank transfer (automatic),90.8,1442.2,No
0877-SDMBN,FEMALE,0,No,No,54.0,Yes,Yes,fiber optic,Yes,No,Yes,No,Yes,Yes,month to month,Yes,Bank transfer (automatic),103.95,5639.05,Yes
2786-GCDPI,FEMALE,1,no,No,,Yes,Yes,Dsl,No,No,Yes,Yes,Yes,Yes,month to month,Yes,Electronic check,104.95,5222.35,No
4043-MKDTV,m,0,Yes,,71.0,Yes,No,Fiber Optic,No,Yes,Yes,Yes,Yes,Yes,Month-to-Month,Yes,Electronic check,105.25,7291.75,No
8065-YKXKD,Male,0,y,No,10.0,Yes,Yes,Fiberoptic,No,No,No,No,No,No,1 year,Yes,Electronic check,74.75,799.65,Yes
9637-EIHEQ,FEMALE,0,NO,No,1.0,Yes,No,Dsl,No,No,No,Yes,No,No,2 Year,Yes,Electronic check,50.8,,Yes
9229-RQABD,Male,0,y,No,18.0,Yes,Yes,Dsl,No internet service,No internet service,No internet service,No internet service,No internet service,No internet service,1 Year,No,Mailed check,23.75,424.5,No
8313-KTIHG,fe male,0,Yes,No,4.0,Yes,No,dsl,No,No,No,Yes,Yes,No,Month-to-Month,Yes,Electronic check,,249.4,No
5320-BRKGK,Male,0,y,Yes,58.0,Yes,Yes,dsl,Yes,No,Yes,Yes,Yes,No,One Year,No,Mailed check,75.8,4415.75,No
6284-KMNUF,Male,0,NO,,56.0,Yes,Yes,DSL,Yes,No,No,No,Yes,Yes,2 year,Yes,Electronic check,98.0,5270.6,No
9689-PTNPG,m,0,Yes,,2.0,Yes,No,Fiberoptic,No,No,No,No,Yes,No,Two Year,Yes,Electronic check,80.25,144.55,Yes
9465-RWMXL,Female,0,YES,No,32.0,Yes,Yes,DSL,No,No,Yes,No,No,No,Month-to-Month,Yes,Electronic check,78.9,2447.95,Yes
6229-UOLQL,Male,0,y,Yes,56.0,No,No phone service,Dsl,Yes,Yes,No,Yes,Yes,No,1 Year,Yes,Mailed check,52.0,2884.9,No
2362-IBOOY,m,0,n,No,36.0,Yes,Yes,Fiberoptic,No,No,No,No,No,Yes,2 Year,Yes,Electronic check,84.75,3050.15,Yes
3137-LUPIX,fe male,0,Yes,No,4.0,Yes,Yes,Fiberoptic,No,No,No,Yes,Yes,No,One Year,Yes,Mailed check,64.4,253,No
0843-WTBXE,Male,0,YES,No,53.0,Yes,Yes,fiber,No,No,No,No,Yes,No,1 Year,No,Bank transfer (automatic),85.45,,Yes
6143-JQKEA,fe male,0,no,No,10.0,Yes,No,Fiber Optic,No,No,No,No,No,No,month to month,,Credit card (automatic),,436.2,No
8676-OOQEJ,fe male,0,NO,No,4.0,No,No phone service,DSL,No,No,No,Yes,No,No,2 Year,No,Electronic check,30.5,118.4,No
5515-IDEJJ,m,0,Yes,Yes,1.0,Yes,No,Fiberoptic,No internet service,No internet service,No internet service,No internet service,No internet service,No internet service,2 Year,No,Mailed check,19.9,19.9,Yes
9701-CDXHR,Female,0,Yes,No,51.0,Yes,No,dsl,No,No,No,No,No,No,Two Year,No,Mailed check,69.15,3649.6,No
7450-NWRTR,m,1,YES,No,12.0,Yes,Yes,fiber optic,No,No,Yes,No,Yes,Yes,month to month,Yes,Electronic check,99.45,1200.15,Yes
8124-NZVGJ,f,0,y,No,6.0,No,No phone service,fiber,No,No,No,Yes,Yes,Yes,1 year,Yes,Mailed check,49.25,255.6,No
2162-FRZAA,fe male,0,n,Yes,63.0,No,No phone service,Dsl,No,Yes,Yes,Yes,No,No,1 Year,No,Bank transfer (automatic),39.35,2395.05,No
5376-DEQCP,Female,0,Yes,No,1.0,Yes,No,Dsl,No,No,No,No,No,No,month to month,Yes,Electronic check,70.6,70.6,Yes
5118-MUEYH,Female,0,No,No,48.0,Yes,Yes,Fiber Optic,No,Yes,No,Yes,Yes,Yes,One Year,Yes,Credit card (automatic),105.1,5083.55,No
9095-HFAFX,Female,0,YES,No,5.0,Yes,No,Fiber Optic,No,No,No,No,Yes,No,1 year,Yes,Credit card (automatic),81.0,389.6,Yes
5627-TVBPP,FEMALE,0,Yes,Yes,35.0,Yes,No,fiber,No internet service,No internet service,No internet service,No internet service,No internet service,No internet service,One Year,Yes,Credit card (automatic),20.1,644.5,No
2379-ENZGV,Male,0,No,No,6.0,Yes,No,Fiber Optic,No,Yes,No,No,Yes,No,1 year,Yes,Electronic check,84.85,523.5,Yes
3936-QQFLL,FEMALE,0,Yes,No,2.0,Yes,No,DSL,No internet service,No internet service,No internet service,No internet service,No internet service,No internet service,2 Year,No,Mailed check,19.75,39.3,No
2589-AYCRP,Female,0,Yes,No,50.0,Yes,No,dsl,No internet service,No internet service,No internet service,No internet service,No internet service,No internet service,2 year,No,Bank transfer (automatic),19.75,989.05,No
4067-HLYQI,FEMALE,0,YES,No,33.0,Yes,No,DSL,No,No,No,No,No,No,1 Year,Yes,Bank transfer (automatic),70.4,2406.1,No
5124-EOGYE,f,0,YES,No,31.0,Yes,No,fiber optic,No internet service,No internet service,No internet service,No internet service,No internet service,No internet service,month to month,No,Mailed check,20.45,638.55,No
5057-RKGLH,Male,0,No,Yes,9.0,Yes,No,dsl,No internet service,No internet service,No internet service,No internet service,No internet service,No internet service,1 Year,No,Mailed check,20.35,191.1,No
0292-WEGCH,f,0,Yes,Yes,54.0,Yes,Yes,Fiberoptic,No,Yes,Yes,Yes,Yes,Yes,2 Year,Yes,Electronic check,86.2,4524.05,No
8910-ICHIU,f,0,Yes,No,46.0,Yes,No,fiber optic,Yes,Yes,Yes,No,Yes,No,1 year,Yes,Credit card (automatic),95.65,4664.2,No
4097-YODCF,FEMALE,0,y,Yes,34.0,Yes,Yes,DSL,Yes,Yes,No,No,Yes,Yes,month to month,Yes,Electronic check,103.8,3470.8,No
9715-WZCLW,f,0,No,Yes,71.0,Yes,Yes,dsl,Yes,No,No,No,Yes,Yes,month to month,,Electronic check,97.2,6910.3,No
9786-YWNHU,f,0,y,Yes,63.0,Yes,No,dsl,Yes,Yes,Yes,Yes,No,No,Two Year,No,Mailed check,63.55,4014.2,No
6407-GSJNL,FEMALE,0,n,No,51.0,Yes,Yes,DSL,No internet service,No internet service,No internet service,No internet service,No internet service,No internet service,One Year,No,Bank transfer (automatic),24.95,1288,No
6005-OBZPH,Male,1,Yes,No,26.0,Yes,Yes,DSL,No,Yes,No,No,Yes,No,month to month,Yes,Electronic check,89.15,2277.65,Yes
4049-ZPALD,Female,0,n,No,,Yes,No,DSL,Yes,No,Yes,No,Yes,Yes,1 year,Yes,Bank transfer (automatic),99.0,6375.8,No
7932-WPTDS,fe male,1,Yes,No,1.0,No,No phone service,fiber,No,No,No,No,No,No,2 Year,,Electronic check,24.8,,Yes
3733-UOCWF,Female,1,Yes,No,61.0,Yes,Yes,fiber,No,Yes,No,Yes,No,No,Month-to-Month,Yes,Bank transfer (automatic),85.55,,No
6833-JMZYP,Male,0,Yes,No,15.0,Yes,No,Dsl,No,No,Yes,No,Yes,Yes,month to month,Yes,Credit card (automatic),94.0,1505.45,No
2722-VOJQL,m,0,No,No,64.0,Yes,Yes,DSL,No,Yes,No,Yes,Yes,Yes,month to month,Yes,Credit card (automatic),105.65,6903.1,Yes
1310-QRITU,Female,0,no,No,18.0,Yes,Yes,fiber,No,No,No,No,No,No,1 Year,Yes,Electronic check,50.3,913.3,No
8961-QDZZJ,Male,0,y,Yes,57.0,Yes,No,Fiberoptic,No,Yes,No,No,Yes,Yes,month to month,Yes,Electronic check,95.0,5535.8,No
9715-SBVSU,m,0,YES,Yes,14.0,Yes,No,Fiberoptic,Yes,Yes,No,No,No,Yes,1 Year,Yes,Bank transfer (automatic),61.4,,No
8490-BXHEO,Female,1,Yes,No,18.0,Yes,Yes,Fiberoptic,No,Yes,No,No,No,No,Two Year,Yes,Credit card (automatic),80.55,1411.65,No
7173-TETGO,Female,1,no,,72.0,Yes,Yes,Dsl,Yes,No,No,No,No,No,Two Year,No,Bank transfer (automatic),78.5,5602.25,No
7929-SKFGK,Male,0,YES,No,70.0,Yes,Yes,dsl,Yes,Yes,Yes,Yes,Yes,Yes,2 Year,No,Credit card (automatic),114.3,8244.3,No
2300-RQGOI,f,0,no,No,38.0,Yes,No,fiber,No internet service,No internet service,No internet service,No internet service,No internet service,No internet service,One Year,No,Mailed check,,741.5,No
3563-SVYLG,Male,0,No,Yes,68.0,Yes,No,fiber,Yes,Yes,Yes,Yes,No,No,1 year,No,Credit card (automatic),62.65,4375.8,No
5228-EXCET,Male,0,NO,No,13.0,Yes,No,dsl,No,No,No,No,No,Yes,2 year,Yes,Electronic check,80.85,1008.7,Yes
6435-VWCCY,Male,1,No,No,65.0,Yes,Yes,fiber,Yes,Yes,No,No,Yes,No,Two Year,,Credit card (automatic),92.7,5968.4,No
4998-IKFSE,Female,0,YES,No,30.0,Yes,Yes,Fiberoptic,No,No,Yes,No,Yes,Yes,1 year,No,Electronic check,100.45,3096.9,No
8630-QSGXK,fe male,0,y,No,51.0,Yes,Yes,Dsl,No,No,No,Yes,Yes,Yes,2 Year,Yes,Bank transfer (automatic),75.2,3901.25,No
2455-USLMV,FEMALE,0,Yes,No,31.0,Yes,Yes,DSL,Yes,No,Yes,No,No,No,2 Year,Yes,Credit card (automatic),84.75,2613.4,No
7394-FKDNK,f,0,YES,No,9.0,Yes,No,dsl,No,No,No,No,Yes,Yes,2 Year,No,Electronic check,89.45,853.1,Yes
9488-FVZCC,FEMALE,0,Yes,Yes,72.0,Yes,Yes,fiber,Yes,Yes,Yes,Yes,No,Yes,One Year,Yes,Bank transfer (automatic),79.5,5661.7,No
6331-LWDTQ,f,0,no,No,10.0,Yes,Yes,Fiberoptic,No,No,No,No,Yes,Yes,Month-to-Month,Yes,Credit card (automatic),,794.25,Yes
5995-WWKKG,m,0,y,No,37.0,Yes,No,Dsl,No internet service,No internet service,No internet service,No internet service,No internet service,No internet service,Month-to-Month,Yes,Electronic check,19.8,695.05,No
1597-FZREH,FEMALE,0,no,No,2.0,Yes,No,dsl,No,No,Yes,Yes,Yes,Yes,One Year,No,Electronic check,76.4,160.8,Yes
7879-CGSFV,fe male,0,NO,No,,Yes,No,dsl,Yes,Yes,No,No,Yes,Yes,Month-to-Month,Yes,Mailed check,100.9,5552.05,No
9921-EZKBY,fe male,0,NO,Yes,33.0,Yes,Yes,DSL,Yes,No,Yes,No,No,Yes,Two Year,Yes,Bank transfer (automatic),95.3,3275.15,No
7432-FFVAR,Female,0,no,Yes,46.0,Yes,No,DSL,No,No,Yes,Yes,No,Yes,Month-to-Month,No,Bank transfer (automatic),90.95,4236.6,No
7246-ZGQDF,FEMALE,0,y,Yes,1.0,Yes,No,fiber,Yes,No,No,Yes,No,No,Month-to-Month,No,Electronic check,54.5,54.5,No
7000-WCEVQ,f,1,no,,20.0,Yes,Yes,DSL,No,No,No,No,No,Yes,One Year,Yes,Mailed check,61.6,1174.35,Yes
0727-IWKVK,FEMALE,0,y,No,,Yes,No,DSL,No,Yes,Yes,No,No,No,Month-to-Month,Yes,Electronic check,79.9,741.7,Yes
5959-BELXA,FEMALE,1,Yes,,32.0,Yes,Yes,DSL,No,No,No,No,Yes,Yes,month to month,Yes,Credit card (automatic),96.15,,Yes
4456-RHSNB,Male,0,y,Yes,19.0,Yes,No,Dsl,No,No,Yes,No,No,No,1 year,Yes,Bank transfer (automatic),49.6,962.9,No
3512-IZIKN,f,0,Yes,,70.0,Yes,Yes,Fiber Optic,Yes,No,Yes,Yes,No,No,Month-to-Month,No,Credit card (automatic),65.3,4759.75,Yes
2481-SBOYW,FEMALE,0,y,Yes,61.0,Yes,Yes,DSL,No internet service,No internet service,No internet service,No internet service,No internet service,No internet service,Month-to-Month,Yes,Credit card (automatic),25.0,1498.35,No
7109-MFBYV,FEMALE,0,y,No,26.0,Yes,No,fiber,No,No,No,No,No,No,2 year,No,Electronic check,45.45,1233.15,No
1833-TCXKK,m,0,Yes,No,45.0,Yes,Yes,fiber optic,No,Yes,Yes,No,Yes,Yes,Month-to-Month,Yes,Bank transfer (automatic),107.75,4882.8,No
1832-PEUTS,Male,0,n,Yes,62.0,Yes,Yes,fiber optic,No,No,Yes,No,Yes,No,Two Year,,Credit card (automatic),89.1,5411.65,No
6141-OOXUQ,FEMALE,0,n,No,1.0,Yes,No,fiber,No internet service,No internet service,No internet service,No internet service,No internet service,No internet service,1 year,No,Mailed check,19.65,,Yes
8660-BUETV,FEMALE,0,YES,No,3.0,Yes,No,DSL,No,No,No,No,No,No,Two Year,No,Mailed check,44.75,148.05,No
0580-PIQHM,FEMALE,0,n,,41.0,Yes,Yes,Dsl,Yes,Yes,Yes,No,No,Yes,2 Year,Yes,Bank transfer (automatic),101.6,3930.55,No
5696-CEIQJ,fe male,0,YES,,,Yes,No,DSL,No,Yes,Yes,Yes,Yes,Yes,1 Year,No,Bank transfer (automatic),103.15,6895.5,No
7503-ZGUZJ,Female,0,y,No,1.0,Yes,Yes,DSL,No,No,No,No,Yes,No,Two Year,Yes,Mailed check,84.65,84.65,Yes
1696-HXOWK,m,0,y,No,71.0,Yes,Yes,fiber optic,Yes,Yes,No,No,Yes,No,1 Year,No,Mailed check,95.65,6856.95,No
3026-ATZYV,f,0,YES,Yes,37.0,Yes,No,DSL,Yes,Yes,No,No,Yes,Yes,2 year,No,Bank transfer (automatic),75.1,2658.8,No
4012-YCFAI,Female,0,n,,60.0,Yes,No,Fiber Optic,Yes,Yes,No,Yes,No,No,2 Year,,Mailed check,61.35,3766.2,No
2506-TNFCO,FEMALE,1,n,No,1.0,Yes,No,dsl,No,No,No,No,No,No,2 year,Yes,Electronic check,69.55,69.55,Yes
9970-QBCDA,fe male,0,No,No,6.0,Yes,No,fiber,No internet service,No internet service,No internet service,No internet service,No internet service,No internet service,month to month,No,Credit card (automatic),19.7,129.55,No
8718-PTMEZ,Male,0,NO,No,13.0,No,No phone service,dsl,No,Yes,No,No,No,No,Two Year,Yes,Electronic check,31.05,347.25,Yes
9496-IVVRP,fe male,0,YES,Yes,11.0,Yes,No,Fiber Optic,Yes,No,No,No,No,No,Month-to-Month,No,Bank transfer (automatic),51.0,581.7,No
2207-OBZNX,fe male,0,No,No,7.0,Yes,No,fiber,Yes,No,No,No,No,No,One Year,Yes,Mailed check,51.0,,Yes
2657-VPXTA,fe male,0,YES,Yes,10.0,Yes,No,fiber optic,No,No,No,No,Yes,Yes,1 year,Yes,Electronic check,88.85,929.45,No
6551-VLJMV,Male,0,YES,No,34.0,Yes,No,Fiberoptic,No internet service,No internet service,No internet service,No internet service,No internet service,No internet service,1 Year,,Credit card (automatic),20.05,679,No
1221-GHZEP,Female,0,NO,No,62.0,Yes,No,dsl,Yes,No,No,Yes,No,Yes,One Year,Yes,Mailed check,,3846.75,No
9289-LBQVU,m,0,y,No,64.0,Yes,Yes,Fiber Optic,No,Yes,No,Yes,No,Yes,2 year,Yes,Mailed check,70.15,4480.7,No
6142-VSJQO,Male,0,Yes,Yes,1.0,Yes,No,fiber optic,No,No,No,No,No,No,1 year,Yes,Bank transfer (automatic),44.35,44.35,Yes
3458-IDMFK,m,0,y,No,25.0,Yes,No,Fiber Optic,No internet service,No internet service,No internet service,No internet service,No internet service,No internet service,Month-to-Month,Yes,Mailed check,,499.4,No
6933-FHBZC,Female,0,Yes,No,26.0,Yes,No,fiber,No,Yes,Yes,No,No,No,2 year,Yes,Mailed check,56.05,1553.2,No
0221-NAUXK,Male,0,YES,Yes,10.0,Yes,No,Dsl,No internet service,No internet service,No internet service,No internet service,No internet service,No internet service,month to month,Yes,Bank transfer (automatic),19.95,219.5,No
9770-KXGQU,Male,0,No,No,53.0,Yes,Yes,fiber optic,Yes,Yes,Yes,No,Yes,No,One Year,No,Mailed check,98.6,,No
6437-UKHMV,Male,0,Yes,,7.0,Yes,No,DSL,No,No,No,No,Yes,No,2 year,Yes,Electronic check,79.7,586.05,Yes
6538-POCHL,FEMALE,0,n,No,33.0,Yes,No,Fiber Optic,No,Yes,Yes,No,No,No,2 Year,Yes,Credit card (automatic),79.0,2576.8,No
6726-NNFWD,Male,1,Yes,No,71.0,Yes,No,Fiber Optic,No,Yes,Yes,No,No,Yes,1 year,,Credit card (automatic),89.45,6435.25,No
3002-WQZWT,Female,0,no,No,29.0,Yes,Yes,fiber optic,No,No,No,No,No,No,month to month,Yes,Electronic check,74.2,1993.25,No
4277-UDIEF,Female,0,YES,Yes,24.0,Yes,Yes,DSL,Yes,No,No,Yes,Yes,Yes,2 year,No,Bank transfer (automatic),81.0,1923.85,No
1208-NBVFH,Female,0,YES,Yes,20.0,Yes,No,fiber optic,No,No,Yes,No,No,No,2 year,Yes,Electronic check,49.6,,No
4912-PIGUY,Male,0,No,No,1.0,Yes,Yes,Fiberoptic,No,No,No,No,Yes,No,Month-to-Month,Yes,Electronic check,84.6,,No
1114-CENIM,fe male,0,No,Yes,54.0,Yes,Yes,Fiber Optic,No,Yes,No,No,No,No,1 year,Yes,Credit card (automatic),,3092.65,Yes
6060-DRTNL,Male,1,NO,No,5.0,Yes,No,fiber,No,No,Yes,No,Yes,No,2 year,Yes,Mailed check,84.85,415.55,Yes
2725-TTRIQ,FEMALE,0,y,Yes,72.0,Yes,Yes,fiber,Yes,No,Yes,Yes,Yes,Yes,One Year,Yes,Bank transfer (automatic),84.2,5986.55,No
3374-TTZTK,f,0,n,No,52.0,Yes,No,fiber optic,Yes,Yes,Yes,Yes,Yes,Yes,One Year,Yes,Electronic check,106.3,5487,No
8990-ZXLSU,Male,0,NO,No,9.0,Yes,No,Fiber Optic,No,No,No,No,No,No,Month-to-Month,No,Electronic check,69.05,,No
2275-RBYQS,Female,0,y,No,1.0,Yes,No,Dsl,No,No,No,No,No,No,1 Year,,Mailed check,45.4,45.4,No
8473-VUVJN,Male,1,Yes,No,,Yes,Yes,DSL,No,No,No,No,No,No,Month-to-Month,Yes,Electronic check,73.65,73.65,Yes
6289-CPNLD,Female,0,NO,Yes,33.0,Yes,No,Fiberoptic,No,No,Yes,Yes,Yes,Yes,2 year,Yes,Mailed check,73.9,2405.05,Yes
5536-SLHPM,Male,0,y,,55.0,Yes,Yes,Fiberoptic,No,No,Yes,No,No,No,Two Year,Yes,Electronic check,77.75,4458.15,Yes
4419-UJMUS,Male,0,No,Yes,69.0,Yes,Yes,fiber,No,No,No,Yes,Yes,Yes,1 year,Yes,Electronic check,99.35,6856.45,No
7794-JASDG,f,0,y,No,1.0,Yes,No,Fiber Optic,Yes,No,No,No,No,No,2 Year,Yes,Mailed check,50.75,50.75,No
7609-YBPXG,m,0,n,No,54.0,Yes,Yes,Fiberoptic,Yes,No,Yes,Yes,Yes,Yes,month to month,No,Bank transfer (automatic),87.1,4735.2,No
5519-TEEUH,Male,0,no,Yes,33.0,Yes,No,fiber,No internet service,No internet service,No internet service,No internet service,No internet service,No internet service,One Year,Yes,Mailed check,20.15,682.15,No
7856-GANIL,Female,1,NO,No,45.0,Yes,Yes,fiber,No,Yes,Yes,Yes,Yes,No,1 Year,Yes,Bank transfer (automatic),98.7,4525.8,No
0804-XBFBV,Male,0,NO,Yes,11.0,No,No phone service,fiber optic,No,No,No,No,No,No,month to month,No,Electronic check,25.2,321.05,No
2676-OXPPQ,f,0,Yes,No,6.0,Yes,No,Dsl,Yes,Yes,No,No,No,No,Month-to-Month,Yes,Bank transfer (automatic),55.7,335.65,No
3703-TTEPD,Male,0,No,No,21.0,Yes,No,dsl,Yes,No,Yes,No,Yes,No,2 year,No,Bank transfer (automatic),65.35,1424.4,No
2799-TSLAG,m,0,no,Yes,65.0,Yes,Yes,Fiber Optic,No internet service,No internet service,No internet service,No internet service,No internet service,No internet service,One Year,Yes,Bank transfer (automatic),25.3,1748.55,No
0196-VULGZ,fe male,1,NO,No,6.0,Yes,Yes,fiber optic,No,No,No,No,No,Yes,Month-to-Month,,Electronic check,84.35,474.9,Yes
8837-VVWLQ,Male,0,y,No,8.0,Yes,No,fiber optic,Yes,No,No,No,Yes,No,1 Year,No,Electronic check,84.95,668.4,Yes
2696-NARTR,FEMALE,0,No,No,11.0,Yes,No,fiber,No,No,No,Yes,No,No,2 year,Yes,Electronic check,73.85,926.25,Yes
2208-NKVVH,Male,0,NO,Yes,43.0,Yes,Yes,fiber optic,No internet service,No internet service,No internet service,No internet service,No internet service,No internet service,One Year,No,Mailed check,24.25,1077.95,No
7614-QVWQL,f,0,YES,Yes,49.0,No,No phone service,DSL,No,Yes,No,No,Yes,Yes,Month-to-Month,Yes,Bank transfer (automatic),51.8,2541.25,Yes
1976-CFOCS,Male,1,NO,No,1.0,Yes,No,Fiberoptic,No,No,No,No,No,No,2 year,No,Electronic check,,46,Yes
4631-OACRM,f,1,n,No,15.0,Yes,No,fiber optic,No,No,No,No,No,Yes,2 Year,Yes,Electronic check,79.4,1156.1,Yes
7139-JZFVG,m,0,no,Yes,60.0,Yes,No,fiber,Yes,Yes,Yes,No,No,No,2 year,,Bank transfer (automatic),60.5,3694.45,No
4987-GQWPO,m,0,n,No,17.0,No,No phone service,Fiber Optic,No,No,No,No,No,No,One Year,,Credit card (automatic),25.1,382.8,No
3755-JBMNH,m,1,No,No,16.0,Yes,No,DSL,No,No,No,No,No,No,One Year,Yes,Bank transfer (automatic),71.8,,Yes
1757-TCATG,f,0,Yes,,35.0,Yes,No,fiber,No internet service,No internet service,No internet service,No internet service,No internet service,No internet service,One Year,,Bank transfer (automatic),20.05,,No
6345-ULYRW,FEMALE,1,Yes,No,44.0,Yes,Yes,fiber optic,No,Yes,No,No,No,Yes,Two Year,No,Mailed check,88.4,3912.9,Yes
4776-XSKYQ,Male,0,Yes,Yes,,No,No phone service,DSL,No,No,No,Yes,No,No,month to month,No,Credit card (automatic),30.25,368.85,No
8048-DSDFQ,Female,0,NO,No,1.0,Yes,No,dsl,No internet service,No internet service,No internet service,No internet service,No internet service,No internet service,One Year,No,Mailed check,20.2,,No
5753-QQWPW,FEMALE,0,YES,,,Yes,No,dsl,Yes,Yes,No,Yes,No,No,month to month,Yes,Electronic check,59.9,1654.7,No
6010-DDPPW,FEMALE,0,y,No,70.0,Yes,Yes,Fiberoptic,No internet service,No internet service,No internet service,No internet service,No internet service,No internet service,1 Year,No,Bank transfer (automatic),25.15,1940.85,No
1809-DMJHQ,m,0,YES,Yes,5.0,Yes,No,fiber,No,No,No,No,No,No,2 Year,No,Mailed check,46.0,221.7,Yes
6693-FRIRW,Female,0,no,No,18.0,Yes,No,Fiberoptic,No,Yes,Yes,No,Yes,Yes,month to month,No,Credit card (automatic),101.3,1794.65,No
6586-MYGKD,fe male,0,no,No,70.0,Yes,Yes,Fiberoptic,Yes,No,No,Yes,Yes,Yes,Two Year,Yes,Credit card (automatic),76.95,5289.8,No
3173-NVMPX,f,0,No,Yes,9.0,Yes,Yes,fiber,No,Yes,No,No,No,No,2 Year,Yes,Mailed check,55.3,501.2,No
0248-PGHBZ,f,1,y,No,67.0,Yes,No,fiber optic,Yes,Yes,No,Yes,Yes,No,Two Year,Yes,Bank transfer (automatic),92.45,6140.85,No
0623-GDISB,m,0,Yes,No,1.0,Yes,No,fiber optic,Yes,No,No,No,No,No,2 Year,Yes,Bank transfer (automatic),,48.45,No
2892-GESUL,Female,0,No,Yes,18.0,Yes,No,DSL,No internet service,No internet service,No internet service,No internet service,No internet service,No internet service,2 Year,No,Mailed check,19.35,,No
6923-EFPNL,FEMALE,0,y,No,4.0,Yes,Yes,Fiber Optic,No,No,No,No,No,No,1 Year,No,Credit card (automatic),51.75,201.1,Yes
7472-EQOAV,fe male,1,YES,Yes,71.0,Yes,No,dsl,Yes,Yes,Yes,No,No,No,Month-to-Month,Yes,Bank transfer (automatic),86.7,6179.35,No
9574-RKJIF,f,0,no,Yes,30.0,Yes,Yes,DSL,Yes,Yes,No,No,Yes,No,One Year,Yes,Electronic check,94.4,2838.7,Yes
2043-WVTQJ,FEMALE,0,no,No,1.0,Yes,No,DSL,Yes,No,Yes,No,No,No,One Year,No,Mailed check,,55.7,No
8034-RYTVV,m,0,n,No,55.0,Yes,Yes,Fiber Optic,Yes,No,Yes,No,No,No,1 Year,Yes,Credit card (automatic),84.25,4589.85,No
3863-QSTYI,fe male,0,no,No,59.0,Yes,No,Fiberoptic,No,No,Yes,Yes,Yes,No,One Year,Yes,Electronic check,64.65,3735.45,No
2619-WFQWU,Female,0,NO,No,1.0,Yes,No,Fiberoptic,No,No,No,No,No,No,1 Year,Yes,Mailed check,70.15,70.15,Yes
5044-LRQAQ,f,0,Yes,No,7.0,Yes,No,fiber,No,No,No,No,No,No,month to month,Yes,Bank transfer (automatic),69.2,477.55,No
1716-LSAMB,m,0,NO,Yes,45.0,Yes,No,fiber,Yes,No,No,Yes,No,No,2 Year,No,Bank transfer (automatic),54.65,2553.7,No
1333-PBMXB,f,0,y,Yes,,Yes,Yes,DSL,No internet service,No internet service,No internet service,No internet service,No internet service,No internet service,One Year,,Bank transfer (automatic),24.75,1342.15,No
6546-OPBBH,m,0,NO,Yes,51.0,Yes,Yes,fiber optic,No internet service,No internet service,No internet service,No internet service,No internet service,No internet service,month to month,Yes,Mailed check,,1216.35,No
5985-BEHZK,Female,1,YES,No,,Yes,Yes,fiber optic,No,Yes,Yes,No,Yes,Yes,2 year,No,Credit card (automatic),105.0,7578.05,No
9127-QRZMH,Female,0,No,No,,Yes,No,Fiber Optic,Yes,Yes,No,Yes,No,No,Month-to-Month,Yes,Bank transfer (automatic),59.85,2603.95,No
5919-VCZYM,f,0,No,No,2.0,Yes,No,fiber optic,No internet service,No internet service,No internet service,No internet service,No internet service,No internet service,1 year,No,Mailed check,20.05,42.7,No
9644-KVCNC,fe male,0,YES,No,66.0,Yes,Yes,dsl,No,No,Yes,No,Yes,No,2 Year,,Bank transfer (automatic),92.15,6056.9,No
2137-DQMEV,Male,0,no,Yes,68.0,No,No phone service,Dsl,Yes,Yes,No,No,Yes,No,1 Year,No,Mailed check,44.8,2983.65,No
8174-LNWMW,FEMALE,0,y,No,31.0,Yes,No,Fiber Optic,No internet service,No internet service,No internet service,No internet service,No internet service,No internet service,month to month,No,Credit card (automatic),20.9,689.35,No
9279-CJEOJ,m,1,n,No,21.0,Yes,Yes,fiber,No,No,No,No,Yes,Yes,1 year,Yes,Bank transfer (automatic),95.4,2025.1,No
7964-VEXDG,Male,0,Yes,Yes,21.0,Yes,Yes,dsl,Yes,No,No,No,No,No,1 year,No,Electronic check,80.35,1747.2,No
2404-JIBFC,f,0,Yes,Yes,55.0,Yes,Yes,Fiberoptic,Yes,No,Yes,Yes,Yes,Yes,1 Year,Yes,Bank transfer (automatic),85.1,4657.95,No
0778-NELLA,Male,0,y,No,9.0,No,No phone service,DSL,No,No,No,No,Yes,No,One Year,Yes,Credit card (automatic),34.7,296.1,Yes
8029-XYPWT,m,1,n,No,71.0,Yes,Yes,dsl,Yes,Yes,Yes,Yes,Yes,Yes,One Year,Yes,Bank transfer (automatic),115.05,8016.6,No
4614-NUVZD,Male,0,No,No,1.0,Yes,No,Fiber Optic,No,No,No,No,No,Yes,month to month,Yes,Electronic check,81.1,81.1,Yes
4632-PAOYU,Male,0,Yes,Yes,22.0,Yes,No,Fiber Optic,No internet service,No internet service,No internet service,No internet service,No internet service,No internet service,1 Year,No,Mailed check,19.95,433.5,No
3803-KMQFW,f,0,YES,Yes,1.0,Yes,No,Fiber Optic,No internet service,No internet service,No internet service,No internet service,No internet service,No internet service,1 Year,No,Mailed check,20.55,20.55,Yes
6804-GDMOI,Female,0,y,No,61.0,Yes,Yes,fiber optic,No,No,Yes,Yes,Yes,Yes,Two Year,Yes,Electronic check,106.6,6428.4,Yes
2990-OGYTD,f,0,YES,No,67.0,Yes,Yes,Dsl,No,Yes,Yes,Yes,Yes,Yes,1 year,No,Bank transfer (automatic),,5883.85,No
6646-JPPHA,m,1,Yes,No,14.0,Yes,No,Fiberoptic,Yes,Yes,No,No,No,No,2 Year,No,Electronic check,78.85,,No
9572-MTILT,FEMALE,0,Yes,No,59.0,Yes,Yes,dsl,Yes,Yes,Yes,Yes,Yes,No,Month-to-Month,Yes,Electronic check,106.75,6252.9,Yes
7658-UYUQS,m,1,y,No,21.0,Yes,No,fiber optic,No,No,Yes,No,Yes,No,2 Year,No,Bank transfer (automatic),86.55,1857.25,No
7880-XSOJX,f,0,NO,No,4.0,No,No phone service,fiber,Yes,Yes,No,Yes,No,No,month to month,No,Mailed check,42.4,,No
9611-CTWIH,Female,0,Yes,No,3.0,Yes,No,Dsl,No,No,No,No,Yes,Yes,1 Year,Yes,Electronic check,,240.45,Yes
4589-IUAJB,fe male,0,n,No,70.0,Yes,Yes,Fiberoptic,No internet service,No internet service,No internet service,No internet service,No internet service,No internet service,2 Year,No,Bank transfer (automatic),24.25,1724.15,No
0329-GTIAJ,m,0,YES,No,3.0,Yes,No,fiber optic,No,Yes,No,Yes,Yes,Yes,1 Year,Yes,Electronic check,97.9,315.3,Yes
8746-BFOAJ,Male,1,YES,No,,Yes,No,fiber,No internet service,No internet service,No internet service,No internet service,No internet service,No internet service,month to month,No,Bank transfer (automatic),20.5,429.55,No
8457-XIGKN,FEMALE,0,Yes,No,20.0,Yes,No,Fiber Optic,No internet service,No internet service,No internet service,No internet service,No internet service,No internet service,1 Year,Yes,Credit card (automatic),19.6,356.15,No
6072-NUQCB,fe male,0,y,Yes,22.0,Yes,No,DSL,No internet service,No internet service,No internet service,No internet service,No internet service,No internet service,One Year,No,Bank transfer (automatic),20.25,488.25,No
6629-CZTTH,Male,0,Yes,No,1.0,Yes,No,Fiberoptic,No,No,No,No,No,Yes,1 Year,Yes,Mailed check,55.7,55.7,Yes
8838-GPHZP,Male,0,No,No,63.0,Yes,No,fiber optic,No internet service,No internet service,No internet service,No internet service,No internet service,No internet service,2 year,Yes,Mailed check,20.6,1298.7,No
8750-QWZAJ,fe male,0,n,Yes,70.0,Yes,No,Dsl,No internet service,No internet service,No internet service,No internet service,No internet service,No internet service,2 Year,No,Bank transfer (automatic),19.8,1378.75,No
5364-EVNIB,Male,0,Yes,No,13.0,Yes,No,Fiberoptic,No,Yes,Yes,No,No,No,1 year,Yes,Electronic check,79.8,973.45,Yes
6918-UMQCG,m,0,Yes,No,5.0,Yes,No,dsl,No,No,No,No,Yes,No,1 Year,No,Electronic check,80.2,384.25,No
0675-NCDYU,m,0,no,Yes,72.0,Yes,Yes,dsl,Yes,Yes,Yes,Yes,Yes,Yes,One Year,Yes,Credit card (automatic),116.4,8543.25,No
6339-DKLMK,Male,0,n,No,13.0,No,No phone service,fiber optic,No,Yes,No,No,No,No,1 Year,Yes,Electronic check,31.65,389.95,No
1346-PJWTK,Male,0,no,No,61.0,Yes,No,DSL,No,Yes,Yes,Yes,No,Yes,One Year,,Credit card (automatic),94.15,,No
5088-QZLRL,f,0,Yes,No,1.0,Yes,No,fiber,No internet service,No internet service,No internet service,No internet service,No internet service,No internet service,2 Year,No,Electronic check,,20.65,No
8023-QHAIO,fe male,1,NO,No,,Yes,Yes,Dsl,No,No,No,Yes,No,No,One Year,Yes,Bank transfer (automatic),76.85,4275.75,No
4397-FRLTA,fe male,0,y,No,,Yes,No,fiber,No internet service,No internet service,No internet service,No internet service,No internet service,No internet service,Two Year,,Mailed check,20.15,84.5,No
3057-VJJQE,fe male,0,Yes,No,35.0,Yes,Yes,Dsl,Yes,No,No,No,No,No,Month-to-Month,No,Mailed check,55.25,1924.1,No
5087-SUURX,FEMALE,0,n,No,18.0,No,No phone service,Dsl,No,No,Yes,No,Yes,No,2 Year,,Electronic check,39.05,669.85,Yes
2302-OUZXB,Male,0,No,No,72.0,Yes,Yes,Dsl,No,Yes,Yes,No,Yes,Yes,Two Year,No,Bank transfer (automatic),82.15,5784.3,No
8133-ANHHJ,Female,1,Yes,No,49.0,Yes,Yes,dsl,Yes,Yes,Yes,Yes,No,Yes,Month-to-Month,No,Bank transfer (automatic),103.0,5166.2,No
2270-CHBFN,f,0,n,No,44.0,Yes,Yes,Dsl,Yes,Yes,Yes,Yes,No,No,Two Year,Yes,Credit card (automatic),95.1,4060.55,No
0013-EXCHZ,FEMALE,1,no,No,3.0,Yes,No,DSL,No,No,No,Yes,Yes,No,month to month,Yes,Mailed check,83.9,267.4,Yes
5982-FPVQN,Male,0,n,Yes,37.0,Yes,Yes,fiber,No,Yes,Yes,No,No,Yes,Two Year,Yes,Electronic check,95.15,3532.85,No
9107-UKCKY,FEMALE,0,Yes,No,61.0,Yes,Yes,fiber,No,Yes,Yes,No,Yes,Yes,1 Year,Yes,Electronic check,,4914.8,No
4654-ULTTN,fe male,0,Yes,No,70.0,Yes,Yes,fiber,Yes,No,Yes,Yes,No,Yes,1 Year,Yes,Credit card (automatic),74.8,5315.8,No
5550-VFRLC,f,1,Yes,No,1.0,Yes,No,Dsl,No,No,No,No,No,No,2 Year,,Electronic check,69.85,69.85,Yes
5546-BYZSM,Female,0,NO,No,41.0,Yes,No,DSL,No internet service,No internet service,No internet service,No internet service,No internet service,No internet service,Two Year,No,Electronic check,20.45,775.6,No
1492-KGETH,Male,0,NO,Yes,70.0,Yes,Yes,DSL,Yes,Yes,Yes,Yes,No,Yes,1 Year,,Bank transfer (automatic),78.35,5445.95,No
4929-BSTRX,f,0,n,No,1.0,Yes,No,Dsl,No,No,No,No,Yes,No,Month-to-Month,Yes,Mailed check,53.55,,Yes
4163-HFTUK,fe male,0,NO,No,51.0,Yes,No,fiber,No internet service,No internet service,No internet service,No internet service,No internet service,No internet service,Month-to-Month,No,Electronic check,19.1,1007.8,No
8215-NGSPE,Male,0,Yes,Yes,42.0,Yes,No,Dsl,No internet service,No internet service,No internet service,No internet service,No internet service,No internet service,month to month,No,Mailed check,20.0,833.55,No
2225-ZRGSG,m,0,no,Yes,70.0,Yes,Yes,Dsl,Yes,Yes,Yes,Yes,No,No,month to month,No,Bank transfer (automatic),93.9,6579.05,Yes
8859-YSTWS,fe male,0,Yes,,48.0,Yes,No,DSL,No internet service,No internet service,No internet service,No internet service,No internet service,No internet service,Two Year,No,Bank transfer (automatic),,1004.5,No
5271-YNWVR,f,0,No,Yes,68.0,Yes,Yes,Fiber Optic,Yes,Yes,Yes,Yes,Yes,Yes,2 Year,Yes,Electronic check,113.15,7856,Yes
7601-DHFWZ,Male,0,y,,48.0,Yes,Yes,Fiber Optic,No internet service,No internet service,No internet service,No internet service,No internet service,No internet service,Two Year,No,Credit card (automatic),24.0,1183.05,No
2657-ALMWY,FEMALE,1,YES,No,26.0,Yes,No,fiber optic,No,Yes,No,No,No,Yes,1 Year,No,Electronic check,84.95,2169.75,Yes
6330-JKLPC,Male,0,YES,No,11.0,Yes,Yes,Dsl,No,Yes,No,No,No,No,2 Year,Yes,Bank transfer (automatic),,896.9,Yes
4667-OHGKG,Male,0,Yes,No,1.0,Yes,No,fiber,No internet service,No internet service,No internet service,No internet service,No internet service,No internet service,Month-to-Month,Yes,Mailed check,19.3,,Yes
1998-VHJHK,Female,0,Yes,No,27.0,Yes,No,Fiber Optic,No internet service,No internet service,No internet service,No internet service,No internet service,No internet service,1 Year,No,Mailed check,19.15,501.35,No
1707-HABPF,fe male,1,Yes,No,46.0,Yes,No,DSL,No,Yes,Yes,No,Yes,No,1 year,Yes,Bank transfer (automatic),91.3,4126.35,No
1660-HSOOQ,Male,0,y,No,1.0,Yes,No,dsl,No,No,Yes,No,No,No,1 year,Yes,Mailed check,49.65,49.65,Yes
7253-UVNDW,m,0,YES,No,46.0,Yes,No,fiber,No,No,Yes,Yes,No,No,2 Year,No,Credit card (automatic),54.35,2460.15,Yes
0487-VVUVK,f,0,YES,Yes,25.0,Yes,No,fiber optic,No internet service,No internet service,No internet service,No internet service,No internet service,No internet service,2 Year,Yes,Mailed check,19.15,477.6,No
7228-OMTPN,Male,0,y,No,4.0,Yes,No,fiber optic,No,No,No,No,Yes,Yes,Two Year,Yes,Electronic check,88.45,370.65,Yes
5063-IUOKK,f,0,Yes,,13.0,Yes,No,Fiber Optic,No internet service,No internet service,No internet service,No internet service,No internet service,No internet service,1 year,No,Mailed check,19.75,265.75,No
4508-OEBEY,m,0,Yes,No,31.0,Yes,No,Fiber Optic,Yes,Yes,Yes,Yes,No,Yes,month to month,Yes,Credit card (automatic),75.5,2424.45,No
0027-KWYKW,m,0,y,Yes,23.0,Yes,Yes,Fiberoptic,No,No,No,No,Yes,No,One Year,Yes,Electronic check,83.75,1849.95,No
2308-STERM,FEMALE,0,no,No,2.0,Yes,No,Fiberoptic,No internet service,No internet service,No internet service,No internet service,No internet service,No internet service,1 Year,No,Mailed check,19.4,61.05,No
5982-XMDEX,m,0,no,No,65.0,Yes,Yes,fiber,No internet service,No internet service,No internet service,No internet service,No internet service,No internet service,1 year,No,Bank transfer (automatic),26.5,1698.55,No
6284-AHOOQ,f,1,YES,No,22.0,Yes,Yes,Fiberoptic,No,No,No,Yes,Yes,No,1 year,Yes,Bank transfer (automatic),90.5,1910.6,Yes
6051-PTVNS,m,0,no,Yes,55.0,Yes,No,Fiber Optic,No internet service,No internet service,No internet service,No internet service,No internet service,No internet service,2 Year,No,Credit card (automatic),19.15,998.1,No
2344-JMOGN,m,0,NO,No,9.0,Yes,No,fiber optic,No,Yes,Yes,Yes,Yes,No,month to month,Yes,Mailed check,94.85,890.6,Yes
3799-ISUZQ,m,0,Yes,Yes,7.0,Yes,No,Fiber Optic,No,No,No,No,No,No,2 Year,Yes,Bank transfer (automatic),69.95,529.5,Yes
2877-VDUER,Male,0,NO,Yes,35.0,No,No phone service,dsl,No,No,No,Yes,Yes,No,Month-to-Month,No,Mailed check,40.9,1383.6,No
9152-AMKAK,Male,0,y,No,6.0,Yes,No,DSL,Yes,No,Yes,Yes,Yes,Yes,One Year,Yes,Mailed check,80.25,493.4,No
1794-HBQTJ,FEMALE,0,y,No,1.0,Yes,No,fiber optic,Yes,No,No,No,No,No,Two Year,Yes,Credit card (automatic),48.6,48.6,Yes
9432-VOFYX,fe male,0,no,No,17.0,Yes,No,Dsl,No,No,No,No,No,No,1 year,Yes,Electronic check,70.8,1207,No
8049-WJCLQ,Female,0,NO,Yes,10.0,Yes,No,dsl,No,No,Yes,No,Yes,No,1 Year,No,Mailed check,60.2,563.5,No
6586-PSJOX,fe male,0,y,Yes,15.0,Yes,No,dsl,No,No,Yes,Yes,No,No,2 year,No,Credit card (automatic),55.2,864.55,No
2460-FPSYH,m,1,Yes,No,40.0,No,No phone service,fiber,Yes,Yes,No,No,Yes,Yes,1 Year,Yes,Electronic check,55.8,2109.35,Yes
9705-ZJBCG,FEMALE,0,Yes,,13.0,Yes,No,fiber optic,Yes,No,No,Yes,No,No,1 year,No,Bank transfer (automatic),54.15,701.05,No
4818-DRBQT,Male,0,no,No,29.0,Yes,Yes,fiber optic,No,Yes,No,No,No,No,Month-to-Month,Yes,Bank transfer (automatic),80.15,2265.25,Yes
1320-HTRDR,m,0,n,,3.0,Yes,Yes,DSL,No,No,No,No,No,No,2 year,Yes,Electronic check,75.5,220.6,Yes
6847-KJLTS,Male,1,Yes,No,58.0,Yes,Yes,fiber optic,No,No,No,Yes,Yes,Yes,2 year,Yes,Bank transfer (automatic),100.4,5749.8,No
9670-BPNXF,Male,0,Yes,No,45.0,Yes,No,DSL,Yes,Yes,No,Yes,No,No,Two Year,Yes,Credit card (automatic),62.55,2796.45,No
3913-FCUUW,Female,0,NO,Yes,72.0,Yes,Yes,dsl,Yes,Yes,Yes,Yes,No,No,One Year,Yes,Bank transfer (automatic),70.45,5165.7,No
3301-VKTGC,m,0,No,Yes,68.0,Yes,Yes,fiber optic,Yes,Yes,No,No,No,No,1 year,Yes,Bank transfer (automatic),85.5,5696.6,No
1493-AMTIE,fe male,0,Yes,No,1.0,Yes,No,Fiberoptic,No internet service,No internet service,No internet service,No internet service,No internet service,No internet service,Two Year,Yes,Bank transfer (automatic),20.2,20.2,Yes
9555-SAHUZ,fe male,0,y,Yes,38.0,Yes,No,Dsl,Yes,Yes,No,No,No,No,1 Year,No,Electronic check,54.5,2076.05,No
0816-TSPHQ,FEMALE,0,NO,No,2.0,Yes,No,DSL,No internet service,No internet service,No internet service,No internet service,No internet service,No internet service,2 Year,No,Mailed check,20.75,44.2,No
9932-WBWIK,Male,0,no,No,,Yes,No,Fiberoptic,No internet service,No internet service,No internet service,No internet service,No internet service,No internet service,month to month,No,Mailed check,20.35,215.25,No
4619-EVPHY,Male,1,NO,No,20.0,Yes,No,dsl,No,No,No,No,Yes,Yes,2 Year,Yes,Bank transfer (automatic),91.0,1859.5,No
5286-YHCVC,m,0,Yes,No,72.0,Yes,Yes,Dsl,No,Yes,Yes,No,Yes,Yes,1 year,Yes,Bank transfer (automatic),104.8,7470.1,No
6424-ELEYH,Male,0,YES,No,3.0,Yes,Yes,Fiber Optic,No,No,No,No,No,No,2 year,Yes,Credit card (automatic),74.75,229.5,Yes
4391-RESHN,Male,0,No,No,23.0,Yes,Yes,Dsl,No,No,Yes,Yes,Yes,Yes,Month-to-Month,Yes,Mailed check,,2470.1,Yes
9115-YQHGA,FEMALE,0,y,No,40.0,Yes,No,fiber optic,No,No,No,Yes,No,No,Two Year,Yes,Electronic check,51.1,2092.9,No
4462-CYWMH,FEMALE,1,Yes,No,62.0,Yes,Yes,DSL,No,Yes,No,No,No,Yes,month to month,Yes,Bank transfer (automatic),89.8,5629.55,No
8963-MQVYN,m,0,No,Yes,22.0,Yes,No,dsl,No internet service,No internet service,No internet service,No internet service,No internet service,No internet service,1 Year,,Electronic check,20.55,469.85,No
2458-EOMRE,FEMALE,0,Yes,No,11.0,Yes,No,fiber optic,Yes,No,Yes,No,No,Yes,month to month,No,Bank transfer (automatic),64.05,733.95,No
9334-GWGOW,Male,1,Yes,,7.0,Yes,Yes,Fiber Optic,No,No,No,No,No,No,2 year,Yes,Electronic check,74.85,485.25,No
6821-BUXUX,fe male,0,n,No,13.0,Yes,Yes,dsl,Yes,Yes,No,No,Yes,No,month to month,Yes,Electronic check,96.65,1244.5,Yes
5028-HTLJB,fe male,1,n,No,1.0,Yes,No,fiber,No internet service,No internet service,No internet service,No internet service,No internet service,No internet service,Two Year,No,Mailed check,20.05,20.05,Yes
9801-GDWGV,m,0,no,No,39.0,Yes,Yes,fiber,No,Yes,Yes,No,Yes,Yes,2 Year,Yes,Electronic check,103.45,3994.45,Yes
6542-LWGXJ,Female,0,No,No,3.0,No,No phone service,fiber optic,No,No,No,No,No,No,Two Year,No,Mailed check,25.0,78.25,No
5567-GZKQY,FEMALE,0,Yes,No,58.0,Yes,No,dsl,No internet service,No internet service,No internet service,No internet service,No internet service,No internet service,One Year,No,Credit card (automatic),20.3,1131.5,No
1222-LRYKO,FEMALE,0,Yes,Yes,6.0,Yes,Yes,Fiber Optic,No internet service,No internet service,No internet service,No internet service,No internet service,No internet service,2 year,No,Mailed check,26.35,184.05,No
2320-JRSDE,m,0,No,Yes,,Yes,No,dsl,No internet service,No internet service,No internet service,No internet service,No internet service,No internet service,2 year,Yes,Electronic check,19.9,19.9,Yes
2087-QAREY,FEMALE,0,NO,No,22.0,Yes,No,Fiber Optic,No,Yes,Yes,No,No,No,2 year,Yes,Mailed check,54.7,1178.75,No
0601-WZHJF,Male,0,No,No,14.0,No,No phone service,Fiberoptic,No,No,No,No,Yes,Yes,Two Year,No,Electronic check,46.35,667.7,Yes
4423-JWZJN,Male,0,y,Yes,64.0,Yes,Yes,dsl,No,No,Yes,No,No,Yes,Two Year,No,Credit card (automatic),90.25,5629.15,No
5143-WMWOG,FEMALE,0,no,No,1.0,Yes,No,Dsl,No internet service,No internet service,No internet service,No internet service,No internet service,No internet service,One Year,,Electronic check,19.95,19.95,Yes
6490-FGZAT,fe male,0,y,No,6.0,Yes,No,Fiber Optic,No internet service,No internet service,No internet service,No internet service,No internet service,No internet service,Two Year,No,Mailed check,,109.3,No
5393-RXQSZ,Male,0,y,No,1.0,Yes,No,Dsl,No,No,No,No,No,Yes,One Year,No,Electronic check,79.6,79.6,Yes
7452-FOLON,Male,0,YES,Yes,39.0,Yes,Yes,Fiber Optic,No internet service,No internet service,No internet service,No internet service,No internet service,No internet service,month to month,No,Bank transfer (automatic),25.45,958.45,No
2320-TZRRH,FEMALE,0,YES,No,20.0,Yes,No,Fiber Optic,No internet service,No internet service,No internet service,No internet service,No internet service,No internet service,Month-to-Month,No,Mailed check,19.5,403.15,No
0231-LXVAP,Female,0,no,No,1.0,Yes,No,DSL,No,No,No,Yes,No,No,month to month,Yes,Electronic check,,75.9,Yes
9444-JTXHZ,FEMALE,0,NO,No,1.0,Yes,No,DSL,No,No,Yes,No,No,No,1 Year,No,Electronic check,76.2,76.2,Yes
4942-VZZOM,Female,0,no,No,64.0,Yes,Yes,dsl,Yes,No,No,No,Yes,No,Two Year,Yes,Credit card (automatic),66.15,4392.5,No
5510-BOIUJ,Male,0,YES,Yes,1.0,Yes,No,dsl,No internet service,No internet service,No internet service,No internet service,No internet service,No internet service,Month-to-Month,,Mailed check,19.25,19.25,Yes
7502-BNYGS,f,0,Yes,No,46.0,Yes,No,DSL,No,Yes,No,No,Yes,Yes,1 year,Yes,Credit card (automatic),,3168,No
4291-HYEBC,Male,1,no,Yes,28.0,No,No phone service,Fiberoptic,No,Yes,No,No,No,Yes,2 Year,Yes,Electronic check,39.1,1096.6,No
6147-CBCRA,m,0,Yes,No,33.0,Yes,No,Fiber Optic,No internet service,No internet service,No internet service,No internet service,No internet service,No internet service,month to month,No,Mailed check,20.05,669.45,No
6047-SUHPR,Female,0,No,Yes,39.0,Yes,No,fiber,Yes,Yes,Yes,No,No,No,1 year,No,Electronic check,59.8,2343.85,No
4471-KXAUH,Male,0,YES,No,42.0,Yes,Yes,Dsl,No,No,Yes,Yes,No,No,1 year,Yes,Electronic check,84.3,3588.4,Yes
9752-ZNQUT,Male,0,YES,No,1.0,Yes,No,Fiber Optic,No,Yes,No,No,No,No,1 year,Yes,Electronic check,48.6,48.6,No
7638-QVMVY,f,0,Yes,No,7.0,Yes,No,DSL,No,No,No,No,Yes,No,month to month,Yes,Electronic check,79.0,522.95,Yes
1576-PFZIW,m,1,YES,No,,Yes,No,fiber,Yes,Yes,Yes,No,Yes,Yes,2 year,No,Credit card (automatic),105.35,7511.9,No
5666-MBJPT,FEMALE,0,Yes,No,65.0,Yes,Yes,DSL,No internet service,No internet service,No internet service,No internet service,No internet service,No internet service,2 year,Yes,Bank transfer (automatic),,1725,No
7312-XSBAT,f,0,Yes,,1.0,Yes,No,fiber optic,Yes,No,No,No,No,No,One Year,No,Electronic check,49.75,49.75,No
3096-GKWEB,FEMALE,0,NO,No,18.0,Yes,Yes,Dsl,No,No,No,No,Yes,Yes,month to month,Yes,Electronic check,94.75,1691.9,No
2371-JQHZZ,FEMALE,0,Yes,No,24.0,Yes,Yes,Fiber Optic,No,No,No,No,Yes,Yes,Two Year,Yes,Electronic check,93.0,2248.05,No
0674-GCDXG,f,0,Yes,No,63.0,Yes,Yes,Dsl,Yes,No,Yes,Yes,No,Yes,One Year,Yes,Bank transfer (automatic),71.9,4479.2,No
1121-QSIVB,m,0,no,Yes,44.0,Yes,Yes,dsl,No,Yes,No,No,Yes,Yes,Month-to-Month,Yes,Mailed check,77.55,3471.1,No
4396-KLSEH,Female,0,No,No,,Yes,No,DSL,No internet service,No internet service,No internet service,No internet service,No internet service,No internet service,1 year,Yes,Electronic check,19.85,63,No
3244-DCJWY,Male,0,y,No,1.0,Yes,No,DSL,No,No,No,No,No,No,month to month,Yes,Electronic check,70.25,70.25,Yes
2824-MYYBN,Male,0,YES,Yes,37.0,Yes,Yes,fiber,No,No,No,No,Yes,Yes,One Year,Yes,Electronic check,95.25,3314.15,No
0875-CABNR,Male,1,NO,No,10.0,Yes,No,DSL,No,No,Yes,No,No,Yes,1 year,Yes,Credit card (automatic),,865.55,Yes
6345-HOVES,fe male,0,y,No,34.0,No,No phone service,Dsl,No,No,No,No,No,No,2 Year,Yes,Bank transfer (automatic),,852.7,No
8318-LCNBW,m,0,Yes,No,35.0,No,No phone service,fiber optic,Yes,No,Yes,No,Yes,Yes,2 Year,No,Credit card (automatic),53.15,1930.9,No
6469-QJKZW,fe male,0,YES,No,4.0,Yes,No,fiber,No internet service,No internet service,No internet service,No internet service,No internet service,No internet service,Two Year,,Electronic check,20.15,91.4,No
0147-ESWWR,f,1,n,,39.0,Yes,Yes,Fiberoptic,No,No,No,Yes,Yes,Yes,month to month,Yes,Electronic check,101.25,3949.15,No
1217-VASWC,Female,1,no,No,,Yes,No,Fiberoptic,No,Yes,Yes,No,Yes,Yes,month to month,Yes,Bank transfer (automatic),100.55,4304,No
7812-FZHPE,fe male,0,Yes,Yes,17.0,Yes,Yes,Fiber Optic,No internet service,No internet service,No internet service,No internet service,No internet service,No internet service,1 year,No,Mailed check,24.1,409.9,Yes
6370-ZVHDV,fe male,0,YES,No,61.0,Yes,Yes,fiber,No internet service,No internet service,No internet service,No internet service,No internet service,No internet service,1 Year,No,Bank transfer (automatic),25.3,1554.9,No
5915-DGNVC,Female,0,no,No,,Yes,Yes,fiber optic,Yes,Yes,Yes,No,No,Yes,1 year,No,Electronic check,71.8,3472.05,No
6260-XLACS,Male,0,NO,No,4.0,Yes,No,dsl,No internet service,No internet service,No internet service,No internet service,No internet service,No internet service,Two Year,No,Mailed check,,117.8,No
3566-CAAYU,Male,0,Yes,Yes,64.0,No,No phone service,dsl,No,Yes,Yes,Yes,No,Yes,month to month,No,Electronic check,49.85,3210.35,No
4983-CCWMC,Male,0,n,No,3.0,Yes,No,Dsl,No,No,No,No,No,No,1 Year,Yes,Mailed check,69.6,207.4,No
9103-CXVOK,m,0,Yes,Yes,1.0,Yes,No,fiber optic,No internet service,No internet service,No internet service,No internet service,No internet service,No internet service,Month-to-Month,No,Electronic check,19.75,19.75,No
2896-TBNBE,Male,0,no,,40.0,Yes,No,Fiber Optic,No,Yes,Yes,No,No,No,2 year,No,Electronic check,80.8,3132.75,No
4797-AXPXK,fe male,0,no,Yes,1.0,Yes,No,fiber optic,Yes,Yes,No,Yes,No,No,1 Year,Yes,Electronic check,60.0,60,Yes
5229-PRWKT,Female,0,Yes,No,8.0,Yes,Yes,Dsl,No,No,No,No,No,Yes,1 year,Yes,Electronic check,,649.65,Yes
6982-UQZLY,m,1,NO,No,1.0,Yes,No,Fiberoptic,No internet service,No internet service,No internet service,No internet service,No internet service,No internet service,One Year,Yes,Mailed check,20.85,20.85,Yes
2522-WLNSF,Male,1,NO,,34.0,Yes,No,fiber,No,No,Yes,Yes,Yes,No,2 Year,No,Bank transfer (automatic),64.2,2106.3,No
3841-CONLJ,Female,0,y,No,1.0,No,No phone service,Fiber Optic,No,No,No,No,No,Yes,month to month,No,Electronic check,35.0,35,No
5057-LCOUI,Female,0,YES,,39.0,No,No phone service,fiber optic,No,No,Yes,No,Yes,Yes,1 Year,Yes,Electronic check,50.75,2011.4,Yes
0193-ESZXP,Male,1,No,No,58.0,Yes,No,Fiberoptic,Yes,Yes,No,Yes,Yes,Yes,Month-to-Month,Yes,Credit card (automatic),105.5,6205.5,Yes
4475-NVTLU,m,0,YES,Yes,45.0,Yes,No,DSL,No internet service,No internet service,No internet service,No internet service,No internet service,No internet service,Two Year,No,Electronic check,19.2,903.7,No
4369-HTUIF,fe male,1,y,No,6.0,Yes,No,DSL,Yes,No,No,No,Yes,No,1 Year,Yes,Bank transfer (automatic),85.15,503.6,Yes
9386-LDCZR,Male,0,YES,No,43.0,Yes,No,fiber,Yes,Yes,Yes,Yes,No,No,One Year,Yes,Credit card (automatic),90.65,3882.3,No
9585-KKMFD,f,0,no,Yes,41.0,Yes,No,fiber,No internet service,No internet service,No internet service,No internet service,No internet service,No internet service,Two Year,Yes,Mailed check,,879.8,No
5399-ZIMKF,fe male,0,y,No,5.0,Yes,No,dsl,No,Yes,No,No,No,No,Month-to-Month,Yes,Electronic check,74.65,383.65,No
0336-KXKFK,f,0,YES,No,72.0,No,No phone service,fiber,Yes,No,Yes,Yes,Yes,Yes,Two Year,Yes,Credit card (automatic),61.2,4390.25,No
5619-XZZKR,m,0,no,No,,Yes,No,Fiber Optic,No internet service,No internet service,No internet service,No internet service,No internet service,No internet service,1 Year,No,Mailed check,19.95,68.2,No
3948-FVVRP,m,0,n,Yes,9.0,Yes,No,DSL,No,Yes,No,Yes,No,No,month to month,No,Mailed check,54.8,452.8,No
5327-XOKKY,Male,1,no,No,72.0,Yes,Yes,Fiberoptic,No,No,Yes,No,Yes,Yes,Two Year,Yes,Credit card (automatic),73.45,5329,No
0983-TATYJ,Male,0,Yes,No,33.0,Yes,No,fiber optic,No,No,No,Yes,No,No,1 year,Yes,Mailed check,51.45,1758.9,No
1813-JYWTO,Male,0,No,No,72.0,Yes,Yes,fiber optic,Yes,No,No,No,No,No,One Year,No,Bank transfer (automatic),80.45,5737.6,No
0156-FVPTA,FEMALE,0,n,No,22.0,Yes,No,dsl,Yes,No,No,Yes,No,No,month to month,Yes,Electronic check,54.2,1152.7,Yes
1984-FCOWB,Male,0,YES,No,70.0,Yes,Yes,Fiberoptic,No,Yes,Yes,Yes,Yes,Yes,2 year,Yes,Electronic check,109.5,7674.55,Yes
0654-HMSHN,FEMALE,0,No,Yes,21.0,Yes,Yes,fiber,No,Yes,Yes,No,Yes,Yes,2 year,No,Electronic check,104.4,2157.95,Yes
6719-OXYBR,FEMALE,0,Yes,No,15.0,Yes,No,dsl,No,No,Yes,No,Yes,No,One Year,No,Electronic check,85.3,1219.85,No
3312-ZWLGF,Male,1,No,No,29.0,Yes,Yes,DSL,No,No,No,Yes,No,No,2 year,Yes,Electronic check,79.3,2414.55,No
6476-YHMGA,Male,0,YES,Yes,15.0,Yes,No,Fiberoptic,No,Yes,Yes,Yes,Yes,Yes,2 Year,No,Bank transfer (automatic),76.5,1155.6,No
5287-QWLKY,f,1,NO,Yes,71.0,Yes,Yes,Fiberoptic,Yes,Yes,No,No,Yes,Yes,2 year,Yes,Credit card (automatic),105.1,7548.1,Yes
0795-XCCTE,FEMALE,1,NO,No,,Yes,Yes,fiber,No internet service,No internet service,No internet service,No internet service,No internet service,No internet service,2 Year,No,Bank transfer (automatic),25.4,1809.35,No
0168-XZKBB,fe male,0,n,No,19.0,Yes,Yes,dsl,No,No,No,No,Yes,No,2 year,Yes,Electronic check,86.85,1564.4,No
3785-NRHYR,FEMALE,0,NO,,1.0,Yes,No,fiber,No internet service,No internet service,No internet service,No internet service,No internet service,No internet service,One Year,No,Mailed check,,19.65,No
5196-SGOAK,Male,0,n,No,1.0,Yes,No,Fiber Optic,No,Yes,No,No,No,No,2 year,Yes,Electronic check,75.7,75.7,Yes
4537-DKTAL,f,0,n,No,2.0,Yes,No,fiber optic,No,No,No,No,No,No,Month-to-Month,No,Electronic check,,84.4,No
7072-MBHEV,fe male,1,No,Yes,11.0,Yes,Yes,Fiber Optic,No,No,Yes,No,No,No,2 Year,Yes,Credit card (automatic),78.1,864.85,No
5602-BVFMK,m,0,No,,12.0,Yes,No,dsl,No internet service,No internet service,No internet service,No internet service,No internet service,No internet service,2 Year,No,Mailed check,,228.75,No
6297-NOOPG,Female,0,no,No,,Yes,Yes,Fiberoptic,No,Yes,Yes,Yes,Yes,Yes,One Year,Yes,Electronic check,110.5,7752.05,No
1891-UAWWU,FEMALE,1,No,No,20.0,Yes,Yes,Fiber Optic,No,No,Yes,No,Yes,No,1 Year,No,Electronic check,90.8,1951,Yes
8204-TIFGJ,FEMALE,0,no,No,23.0,Yes,No,fiber optic,No internet service,No internet service,No internet service,No internet service,No internet service,No internet service,2 year,Yes,Bank transfer (automatic),20.3,470.6,No
8050-DVOJX,Male,1,No,No,49.0,Yes,Yes,fiber,Yes,Yes,Yes,Yes,No,Yes,1 year,No,Credit card (automatic),,4060.9,No
6108-OQZDQ,Male,0,y,Yes,4.0,Yes,Yes,Fiber Optic,No,Yes,No,No,Yes,Yes,1 Year,Yes,Electronic check,97.95,384.5,Yes
0363-QJVFX,FEMALE,0,NO,No,32.0,Yes,Yes,fiber optic,Yes,Yes,No,Yes,Yes,Yes,One Year,Yes,Credit card (automatic),108.15,3432.9,Yes
8903-XEBGX,m,0,n,Yes,2.0,Yes,No,dsl,No,No,No,No,No,Yes,1 Year,Yes,Electronic check,,108.65,No
8169-SAEJD,m,1,No,No,69.0,No,No phone service,DSL,Yes,Yes,No,No,Yes,Yes,1 year,No,Credit card (automatic),56.55,3952.65,No
9840-DVNDC,m,0,n,No,6.0,Yes,No,DSL,No,No,No,No,Yes,No,1 Year,Yes,Credit card (automatic),80.5,,Yes
1089-XZWHH,fe male,0,Yes,Yes,24.0,Yes,No,fiber optic,No internet service,No internet service,No internet service,No internet service,No internet service,No internet service,2 year,Yes,Mailed check,19.7,494.05,No
2325-WINES,m,0,NO,No,32.0,Yes,Yes,DSL,No,Yes,Yes,No,Yes,Yes,1 year,Yes,Credit card (automatic),104.05,3416.85,No
6064-ZATLR,Male,0,No,No,27.0,Yes,No,Fiberoptic,Yes,Yes,No,No,No,No,month to month,No,Bank transfer (automatic),,1498.65,No
3096-JRDSO,Male,1,Yes,No,27.0,Yes,Yes,Fiber Optic,Yes,No,No,Yes,Yes,Yes,2 Year,Yes,Bank transfer (automatic),104.3,2867.75,Yes
7824-PANSQ,Male,0,n,No,58.0,Yes,Yes,Dsl,No,No,No,Yes,No,No,One Year,No,Bank transfer (automatic),80.65,4807.35,No
8042-JVNFH,f,0,y,No,1.0,Yes,No,DSL,No,No,No,No,No,No,Month-to-Month,Yes,Mailed check,71.35,71.35,Yes
9648-BCHKM,fe male,0,n,Yes,18.0,Yes,Yes,DSL,No internet service,No internet service,No internet service,No internet service,No internet service,No internet service,Month-to-Month,Yes,Credit card (automatic),24.65,471.35,No
2888-ADFAO,fe male,0,YES,Yes,47.0,Yes,No,Fiber Optic,No internet service,No internet service,No internet service,No internet service,No internet service,No internet service,month to month,Yes,Bank transfer (automatic),21.3,1041.8,No
8707-HOEDG,f,0,n,Yes,70.0,Yes,Yes,Dsl,No,Yes,Yes,Yes,Yes,Yes,One Year,Yes,Electronic check,110.2,7689.8,No
3374-LXDEV,f,0,Yes,No,13.0,Yes,Yes,fiber optic,No,Yes,Yes,Yes,No,No,1 year,No,Electronic check,89.4,1132.35,Yes
4072-IPYLT,f,0,NO,Yes,36.0,Yes,No,fiber optic,Yes,No,No,No,No,No,1 year,No,Credit card (automatic),51.05,1815,No
7167-PCEYD,Female,0,YES,No,67.0,Yes,No,fiber,No internet service,No internet service,No internet service,No internet service,No internet service,No internet service,Month-to-Month,Yes,Mailed check,19.8,1311.3,No
4936-YPJNK,Male,0,No,,10.0,Yes,No,DSL,No internet service,No internet service,No internet service,No internet service,No internet service,No internet service,1 year,Yes,Mailed check,19.9,199.45,No
1580-BMCMR,FEMALE,1,No,No,19.0,Yes,No,dsl,Yes,No,No,No,No,Yes,Month-to-Month,Yes,Electronic check,87.3,1637.3,No
4817-KEQSP,FEMALE,0,YES,Yes,71.0,Yes,No,dsl,No internet service,No internet service,No internet service,No internet service,No internet service,No internet service,Two Year,No,Bank transfer (automatic),19.85,1326.35,No
6408-WHTEF,m,0,y,Yes,72.0,Yes,Yes,fiber optic,Yes,Yes,Yes,Yes,Yes,Yes,month to month,Yes,Mailed check,89.4,,No
9251-AWQGT,Male,0,Yes,Yes,48.0,Yes,No,fiber optic,No internet service,No internet service,No internet service,No internet service,No internet service,No internet service,month to month,No,Mailed check,20.0,935.9,No
8749-CLJXC,Female,0,no,No,1.0,Yes,No,fiber optic,No internet service,No internet service,No internet service,No internet service,No internet service,No internet service,One Year,No,Mailed check,20.05,20.05,No
7989-VCQOH,fe male,0,y,Yes,18.0,Yes,No,fiber optic,Yes,No,Yes,Yes,Yes,Yes,1 Year,No,Electronic check,83.25,1611.15,No
5049-GLYVG,FEMALE,0,No,No,1.0,Yes,No,fiber,No internet service,No internet service,No internet service,No internet service,No internet service,No internet service,1 Year,No,Mailed check,20.6,20.6,Yes
4199-QHJNM,FEMALE,1,YES,No,67.0,Yes,Yes,Fiberoptic,No,Yes,No,Yes,Yes,Yes,Two Year,No,Bank transfer (automatic),102.9,6989.7,No
8882-TLVRW,m,0,Yes,,69.0,No,No phone service,Fiber Optic,Yes,No,Yes,Yes,No,No,Month-to-Month,No,Mailed check,,2779.5,No
5883-GTGVD,m,0,YES,No,19.0,Yes,Yes,DSL,No,Yes,No,No,Yes,Yes,1 Year,Yes,Electronic check,,1931.75,Yes
5135-GRQJV,Female,1,Yes,No,72.0,Yes,Yes,fiber optic,Yes,Yes,Yes,Yes,Yes,Yes,2 year,Yes,Mailed check,114.5,8331.95,No
2384-OVPSA,FEMALE,1,NO,No,38.0,Yes,No,fiber,No internet service,No internet service,No internet service,No internet service,No internet service,No internet service,Two Year,No,Mailed check,20.2,735.9,No
1371-WEPDS,fe male,1,n,No,40.0,Yes,No,fiber optic,No,No,No,No,No,Yes,Two Year,No,Electronic check,55.8,2283.3,No
3580-GICBM,fe male,0,No,Yes,61.0,Yes,Yes,fiber optic,No internet service,No internet service,No internet service,No internet service,No internet service,No internet service,2 year,Yes,Mailed check,24.2,1445.2,No
4817-QRJSX,f,0,no,No,10.0,Yes,Yes,fiber optic,No,Yes,No,No,No,No,One Year,Yes,Credit card (automatic),81.0,818.05,Yes
9730-DRTMJ,fe male,0,Yes,No,32.0,Yes,Yes,fiber,Yes,No,No,Yes,Yes,No,1 Year,Yes,Credit card (automatic),72.8,2333.05,No
4686-UXDML,Male,0,y,No,21.0,Yes,Yes,fiber,No,Yes,No,No,Yes,Yes,One Year,Yes,Credit card (automatic),99.85,1992.55,No
3349-ANQNH,m,1,YES,No,59.0,Yes,Yes,dsl,No,No,Yes,No,Yes,Yes,2 Year,Yes,Electronic check,99.5,5890,No
2398-YPMUR,fe male,1,No,No,13.0,Yes,No,Fiberoptic,No,No,No,No,No,No,1 Year,Yes,Electronic check,70.15,916.75,Yes
0932-YIXYU,Male,0,no,No,47.0,Yes,No,dsl,No internet service,No internet service,No internet service,No internet service,No internet service,No internet service,1 Year,No,Credit card (automatic),20.25,1029.8,No
7480-SPLEF,m,0,y,Yes,69.0,Yes,Yes,Dsl,No internet service,No internet service,No internet service,No internet service,No internet service,No internet service,1 year,Yes,Bank transfer (automatic),26.0,1796.55,No
7636-XUHWW,m,0,NO,No,2.0,Yes,No,fiber,No internet service,No internet service,No internet service,No internet service,No internet service,No internet service,1 year,Yes,Credit card (automatic),19.9,,No
1431-CYWMH,Male,0,no,Yes,22.0,Yes,No,DSL,No internet service,No internet service,No internet service,No internet service,No internet service,No internet service,2 Year,No,Bank transfer (automatic),19.05,454.05,No
5937-EORGB,Male,1,YES,No,15.0,Yes,Yes,Fiber Optic,Yes,No,Yes,No,Yes,No,2 year,Yes,Electronic check,96.5,1392.25,No
6349-JDHQP,FEMALE,0,n,No,53.0,Yes,No,DSL,No internet service,No internet service,No internet service,No internet service,No internet service,No internet service,1 Year,No,Credit card (automatic),19.85,1049.6,No
5539-HIVAK,Female,1,Yes,No,28.0,Yes,Yes,Fiber Optic,No internet service,No internet service,No internet service,No internet service,No internet service,No internet service,2 Year,No,Mailed check,25.7,734.6,No
5847-MXBEO,Male,0,y,No,22.0,Yes,No,dsl,No internet service,No internet service,No internet service,No internet service,No internet service,No internet service,Two Year,No,Mailed check,,475.1,No
9985-MWVIX,fe male,0,NO,,1.0,Yes,No,fiber,No,No,No,No,No,No,1 year,Yes,Mailed check,70.15,70.15,Yes
4583-PARNH,Male,1,No,,16.0,Yes,No,dsl,No,No,Yes,Yes,No,Yes,1 Year,Yes,Electronic check,91.55,1540.05,No
1116-FRYVH,Female,0,Yes,Yes,48.0,No,No phone service,DSL,Yes,Yes,No,Yes,No,No,1 year,No,Mailed check,39.4,1978.65,No
1421-HCERK,fe male,1,n,No,30.0,Yes,Yes,fiber,Yes,Yes,Yes,Yes,Yes,No,1 year,Yes,Bank transfer (automatic),105.7,3181.8,No
9633-XQABV,f,0,Yes,No,3.0,Yes,No,Dsl,No,No,No,No,No,No,1 Year,,Electronic check,70.25,229.7,No
0716-BQNDX,m,1,YES,No,57.0,Yes,Yes,Fiberoptic,Yes,No,No,Yes,No,Yes,Two Year,No,Electronic check,93.75,5625.55,No
1265-XTECC,f,1,NO,,68.0,Yes,Yes,dsl,Yes,Yes,No,No,No,Yes,2 Year,Yes,Credit card (automatic),96.55,6581.9,Yes
1183-CANVH,Male,0,No,No,23.0,Yes,No,fiber optic,No,No,No,Yes,Yes,No,Two Year,No,Bank transfer (automatic),60.0,1347.15,No
1972-XMUWV,FEMALE,0,NO,No,65.0,Yes,No,DSL,No,No,No,Yes,Yes,No,Two Year,Yes,Credit card (automatic),59.8,,No
8679-LZBMD,FEMALE,0,YES,No,44.0,Yes,No,Fiberoptic,No,No,No,No,Yes,Yes,Two Year,Yes,Bank transfer (automatic),90.65,3974.15,No
3407-JMJQQ,f,0,n,Yes,71.0,Yes,Yes,Dsl,Yes,Yes,Yes,No,Yes,Yes,month to month,Yes,Bank transfer (automatic),109.0,7661.8,No
6252-DFGTK,m,0,n,No,37.0,Yes,Yes,Fiber Optic,Yes,No,Yes,Yes,No,No,Month-to-Month,No,Credit card (automatic),68.1,2479.25,No
1539-LNKHM,f,0,no,No,12.0,Yes,No,Dsl,No internet service,No internet service,No internet service,No internet service,No internet service,No internet service,One Year,No,Mailed check,,266.6,No
8645-KOMJQ,Male,0,No,Yes,69.0,Yes,Yes,Dsl,No,Yes,Yes,Yes,Yes,Yes,Month-to-Month,Yes,Bank transfer (automatic),81.95,5601.4,No
0289-IVARM,m,0,no,No,35.0,Yes,No,fiber optic,Yes,Yes,Yes,No,No,No,2 Year,No,Electronic check,60.55,1982.6,No
9761-XUJWD,m,0,no,No,5.0,Yes,No,Fiberoptic,No,Yes,No,Yes,No,Yes,1 year,Yes,Bank transfer (automatic),65.6,339.9,No
4057-FKCZK,fe male,0,YES,Yes,58.0,Yes,Yes,dsl,No,No,No,No,Yes,No,month to month,No,Bank transfer (automatic),82.5,4828.05,No
4291-TPNFG,Female,0,n,No,72.0,Yes,Yes,Fiber Optic,Yes,Yes,Yes,Yes,No,Yes,One Year,Yes,Bank transfer (automatic),82.3,5980.55,No
6087-YPWHO,fe male,0,n,No,72.0,Yes,Yes,fiber optic,Yes,Yes,Yes,Yes,No,No,Month-to-Month,No,Mailed check,68.15,4808.7,No
3090-QFUVD,f,0,Yes,No,1.0,Yes,No,Fiberoptic,No internet service,No internet service,No internet service,No internet service,No internet service,No internet service,1 Year,No,Credit card (automatic),20.3,20.3,No
2237-ZFSMY,Male,0,no,No,,Yes,No,Dsl,Yes,No,Yes,Yes,Yes,No,Two Year,Yes,Electronic check,95.55,3692.85,Yes
1722-LDZJS,Female,0,NO,Yes,53.0,Yes,No,Dsl,No internet service,No internet service,No internet service,No internet service,No internet service,No internet service,Two Year,No,Credit card (automatic),20.2,1068.15,No
1818-ESQMW,Female,0,no,,27.0,Yes,No,Fiber Optic,No,No,Yes,Yes,No,Yes,Two Year,Yes,Electronic check,89.2,2383.6,No
4871-JTKJF,fe male,1,No,No,1.0,Yes,No,dsl,No,No,No,No,No,No,1 Year,Yes,Electronic check,69.65,69.65,Yes
1415-YFWLT,Male,1,Yes,No,1.0,Yes,No,Fiber Optic,No,No,No,No,Yes,Yes,1 year,Yes,Electronic check,89.3,89.3,Yes
7401-RUBNK,f,0,Yes,No,18.0,Yes,No,Dsl,Yes,No,No,No,No,No,Two Year,No,Electronic check,,1438.05,No
0506-YLVKJ,Female,0,Yes,Yes,46.0,Yes,No,Fiber Optic,No internet service,No internet service,No internet service,No internet service,No internet service,No internet service,1 year,Yes,Mailed check,20.2,917.45,No
8661-BOYNW,Male,0,Yes,No,72.0,Yes,Yes,fiber,Yes,No,Yes,Yes,Yes,Yes,Two Year,,Credit card (automatic),84.4,6096.45,No
6711-VTNRE,FEMALE,0,YES,No,36.0,Yes,No,DSL,No,No,Yes,Yes,No,Yes,1 Year,Yes,Electronic check,87.55,3078.1,Yes
4815-GBTCD,Female,0,Yes,No,4.0,No,No phone service,dsl,No,No,No,No,No,No,month to month,Yes,Electronic check,25.15,99.95,No
2805-AUFQN,Female,0,y,No,25.0,Yes,No,Fiber Optic,No internet service,No internet service,No internet service,No internet service,No internet service,No internet service,month to month,No,Credit card (automatic),19.8,475.2,No
0980-PVMRC,Male,0,NO,Yes,40.0,No,No phone service,Fiberoptic,No,Yes,No,No,Yes,Yes,Two Year,Yes,Electronic check,50.85,2036.55,No
7233-DRTRF,f,0,Yes,No,63.0,Yes,Yes,DSL,No,Yes,Yes,No,Yes,Yes,2 Year,Yes,Electronic check,102.4,6444.05,No
3500-RMZLT,Male,1,NO,No,15.0,Yes,No,Fiberoptic,Yes,No,Yes,Yes,No,Yes,Month-to-Month,Yes,Mailed check,96.3,1426.75,Yes
3873-NFTGI,f,0,Yes,No,14.0,Yes,Yes,fiber,No,Yes,No,No,No,No,2 Year,Yes,Credit card (automatic),55.5,767.55,No
1162-ECVII,Male,1,Yes,No,72.0,Yes,Yes,fiber,No,Yes,Yes,Yes,Yes,Yes,2 year,Yes,Bank transfer (automatic),,7932.5,No
7048-GXDAY,fe male,0,YES,,,Yes,Yes,dsl,Yes,Yes,No,No,Yes,Yes,2 year,Yes,Electronic check,106.4,4040.65,No
8571-ZCMCX,FEMALE,0,NO,Yes,47.0,No,No phone service,fiber,Yes,Yes,Yes,No,Yes,Yes,One Year,Yes,Credit card (automatic),60.0,2768.65,No
1169-WCVAK,f,0,y,No,19.0,Yes,Yes,fiber optic,Yes,Yes,No,Yes,No,No,2 Year,Yes,Credit card (automatic),88.8,1672.35,No
4548-SDBKE,FEMALE,0,No,No,5.0,Yes,Yes,dsl,No,No,No,No,Yes,No,month to month,Yes,Electronic check,85.2,474.8,Yes
8066-POXGX,Male,0,y,No,13.0,No,No phone service,Fiber Optic,No,No,No,No,No,Yes,1 year,Yes,Electronic check,35.1,,Yes
7129-CAKJW,m,0,no,No,17.0,Yes,Yes,fiber optic,No,No,Yes,No,No,No,2 year,No,Bank transfer (automatic),,1345.65,No
8695-ARGXZ,Female,1,Yes,No,34.0,Yes,Yes,DSL,No,No,No,No,No,No,One Year,Yes,Electronic check,75.55,2425.4,No
3570-YUEKJ,f,0,NO,No,42.0,Yes,No,Dsl,No,Yes,No,No,No,No,2 Year,Yes,Electronic check,49.55,2077.95,No
4143-OOBWZ,fe male,0,no,No,5.0,Yes,Yes,fiber optic,No,Yes,No,No,No,No,month to month,Yes,Electronic check,81.3,416.3,Yes
1555-HAPSU,Female,0,n,Yes,71.0,Yes,Yes,Dsl,No internet service,No internet service,No internet service,No internet service,No internet service,No internet service,One Year,No,Credit card (automatic),23.9,,No
1697-NVVGY,Male,1,n,No,19.0,Yes,No,dsl,Yes,No,Yes,No,Yes,No,One Year,No,Bank transfer (automatic),66.4,1286.05,No
7854-EKTJL,Male,0,YES,Yes,2.0,Yes,No,DSL,No internet service,No internet service,No internet service,No internet service,No internet service,No internet service,Two Year,Yes,Electronic check,19.6,35.85,Yes
8464-EETCQ,Male,0,y,No,57.0,Yes,No,DSL,No internet service,No internet service,No internet service,No internet service,No internet service,No internet service,month to month,No,Credit card (automatic),18.8,1094.35,No
2419-FSORS,f,0,n,No,72.0,Yes,Yes,dsl,No,Yes,Yes,Yes,Yes,Yes,month to month,Yes,Electronic check,108.4,7719.5,No
8132-YPVBX,FEMALE,0,Yes,No,6.0,Yes,No,Fiber Optic,No,Yes,No,No,No,Yes,month to month,Yes,Mailed check,85.95,514.6,No
9102-IAYHT,f,0,Yes,Yes,17.0,Yes,Yes,dsl,No,No,No,No,No,Yes,Month-to-Month,Yes,Electronic check,85.45,1451.6,Yes
6754-LZUKA,m,0,y,No,61.0,Yes,Yes,Dsl,No,Yes,Yes,No,Yes,Yes,Two Year,,Bank transfer (automatic),80.9,4932.5,No
3422-LYEPQ,FEMALE,0,n,Yes,1.0,Yes,No,Fiber Optic,No,No,No,No,No,No,Two Year,Yes,Electronic check,71.0,71,Yes
8099-MZPUJ,m,0,n,Yes,48.0,Yes,Yes,Dsl,Yes,Yes,Yes,Yes,Yes,Yes,One Year,No,Credit card (automatic),111.8,5443.65,No
0787-LHDYT,fe male,0,Yes,No,16.0,Yes,No,Fiberoptic,No internet service,No internet service,No internet service,No internet service,No internet service,No internet service,Month-to-Month,Yes,Credit card (automatic),20.6,330.25,No
2642-DTVCO,fe male,1,No,No,,Yes,Yes,fiber,No,No,No,No,No,Yes,One Year,Yes,Electronic check,85.05,746.5,Yes
0374-IOEGQ,FEMALE,0,Yes,No,3.0,Yes,No,DSL,No,No,No,No,No,No,One Year,No,Electronic check,44.6,122.7,No
4361-JEIVL,f,0,Yes,Yes,1.0,Yes,No,Fiberoptic,No,No,No,No,No,No,Two Year,Yes,Electronic check,44.4,44.4,Yes
3197-NNYNB,f,0,Yes,No,65.0,Yes,Yes,fiber optic,No,Yes,Yes,No,Yes,Yes,1 Year,No,Credit card (automatic),105.1,6631.85,No
3396-DKDEL,Male,0,YES,Yes,70.0,Yes,Yes,Dsl,Yes,Yes,Yes,Yes,Yes,Yes,One Year,Yes,Credit card (automatic),115.15,8250,No
1752-OZXFY,Male,0,no,No,60.0,Yes,No,Dsl,Yes,No,No,No,Yes,No,2 Year,Yes,Mailed check,59.8,3561.15,No
9066-QRSDU,FEMALE,0,no,No,69.0,Yes,Yes,DSL,No internet service,No internet service,No internet service,No internet service,No internet service,No internet service,Two Year,Yes,Electronic check,26.3,,No
9112-WSNPU,m,1,Yes,No,35.0,Yes,No,Dsl,No,No,No,No,No,No,2 year,No,Electronic check,70.55,2419,No
9867-NNXLC,Male,0,y,No,22.0,Yes,No,dsl,No internet service,No internet service,No internet service,No internet service,No internet service,No internet service,Two Year,Yes,Mailed check,20.05,470.2,No
5321-NTRKC,fe male,0,Yes,Yes,66.0,Yes,Yes,Dsl,No,Yes,Yes,No,Yes,Yes,Two Year,No,Bank transfer (automatic),79.85,5234.95,No
1363-TXLSL,FEMALE,1,Yes,No,1.0,Yes,No,DSL,No,No,No,No,No,No,1 Year,Yes,Electronic check,70.3,70.3,Yes
9507-EXLTT,Male,0,No,No,1.0,Yes,No,Fiberoptic,No,No,No,No,Yes,No,Two Year,Yes,Bank transfer (automatic),79.35,79.35,Yes
3161-GETRM,Male,0,Yes,Yes,34.0,Yes,Yes,fiber,No,No,Yes,No,No,Yes,Month-to-Month,Yes,Credit card (automatic),90.05,3097,No
0402-OAMEN,Female,0,Yes,Yes,72.0,Yes,Yes,fiber,No internet service,No internet service,No internet service,No internet service,No internet service,No internet service,Month-to-Month,No,Bank transfer (automatic),24.45,1709.1,No
6933-VLYFX,f,0,YES,,31.0,No,No phone service,Fiberoptic,Yes,No,Yes,Yes,Yes,Yes,1 year,No,Electronic check,59.95,1848.8,No
6754-WKSHP,Male,0,n,Yes,30.0,Yes,Yes,Fiberoptic,No internet service,No internet service,No internet service,No internet service,No internet service,No internet service,month to month,,Bank transfer (automatic),25.35,,No
9846-GKXAS,Male,0,Yes,No,9.0,Yes,No,Fiber Optic,No,No,No,No,Yes,Yes,One Year,Yes,Bank transfer (automatic),90.8,809.75,Yes
6017-PPLPX,Female,0,n,Yes,,Yes,No,DSL,No,No,No,No,No,No,One Year,Yes,Electronic check,70.45,1470.95,Yes
4976-LNFVV,fe male,1,n,No,19.0,No,No phone service,fiber,No,Yes,Yes,No,No,No,month to month,Yes,Credit card (automatic),34.3,577.15,No
5055-MGMGF,m,0,YES,,65.0,Yes,Yes,Fiber Optic,Yes,No,Yes,No,Yes,Yes,2 Year,Yes,Electronic check,,6914.95,No
4641-FROLU,Female,0,no,Yes,30.0,Yes,No,fiber optic,No internet service,No internet service,No internet service,No internet service,No internet service,No internet service,2 year,,Mailed check,19.3,602.9,No
2862-JVEOY,fe male,0,YES,,6.0,Yes,No,DSL,No internet service,No internet service,No internet service,No internet service,No internet service,No internet service,month to month,No,Mailed check,19.15,,No
2969-QWUBZ,FEMALE,0,NO,No,2.0,No,No phone service,Fiber Optic,No,Yes,No,No,Yes,Yes,Month-to-Month,No,Electronic check,51.4,96.8,No
9822-BIIGN,FEMALE,0,No,Yes,53.0,Yes,Yes,Fiberoptic,Yes,No,No,Yes,No,Yes,Two Year,No,Electronic check,71.85,3827.9,No
2077-MPJQO,fe male,1,Yes,No,7.0,Yes,Yes,Dsl,No,No,No,No,No,No,Two Year,Yes,Electronic check,75.4,533.05,No
1534-OULXE,fe male,0,Yes,Yes,61.0,Yes,No,dsl,Yes,No,No,No,No,No,1 Year,Yes,Bank transfer (automatic),,2961.4,No
7136-RVDTZ,f,1,Yes,No,,No,No phone service,fiber,No,No,No,No,Yes,Yes,2 Year,Yes,Electronic check,45.25,3264.45,Yes
2971-SGAFL,fe male,0,n,No,13.0,Yes,Yes,Dsl,Yes,No,Yes,No,Yes,Yes,month to month,Yes,Electronic check,78.75,995.35,No
1480-IVEVR,fe male,1,Yes,No,35.0,Yes,Yes,fiber optic,No,No,Yes,No,No,No,month to month,Yes,Bank transfer (automatic),81.6,2815.25,No
2905-KFQUV,Female,0,YES,No,2.0,Yes,No,fiber optic,No,No,No,No,No,No,1 Year,Yes,Credit card (automatic),70.4,154.8,No
4581-SSPWD,FEMALE,0,No,No,3.0,Yes,Yes,DSL,No,No,No,No,No,No,Two Year,Yes,Electronic check,,246.3,Yes
3370-HXOPH,f,0,y,No,3.0,Yes,Yes,dsl,No,No,No,No,No,No,Two Year,No,Electronic check,76.1,257.6,No
9391-YZEJW,FEMALE,0,NO,No,62.0,Yes,Yes,Fiber Optic,No,No,No,No,Yes,Yes,Month-to-Month,Yes,Bank transfer (automatic),94.0,5757.2,No
9958-MEKUC,fe male,0,NO,Yes,72.0,Yes,Yes,Fiber Optic,Yes,Yes,Yes,Yes,No,Yes,1 Year,No,Credit card (automatic),103.95,7517.7,No
0281-CNTZX,Male,0,y,No,63.0,Yes,No,DSL,No internet service,No internet service,No internet service,No internet service,No internet service,No internet service,2 Year,,Bank transfer (automatic),19.95,1234.8,No
6927-WTFIV,Male,1,n,No,20.0,Yes,No,fiber optic,No,No,No,No,No,No,1 Year,No,Credit card (automatic),71.3,1389.2,Yes
4118-CEVPF,f,1,n,No,35.0,Yes,Yes,fiber optic,Yes,Yes,Yes,Yes,Yes,Yes,1 year,Yes,Bank transfer (automatic),110.8,3836.3,No
3398-ZOUAA,m,1,Yes,No,21.0,Yes,No,fiber,No,No,No,No,No,No,Two Year,Yes,Electronic check,69.1,1474.75,Yes
9114-VEPUF,FEMALE,0,Yes,No,62.0,Yes,Yes,Fiberoptic,Yes,Yes,No,No,No,Yes,One Year,No,Electronic check,96.1,,No
7876-BEUTG,m,0,Yes,No,15.0,Yes,Yes,Fiber Optic,No,No,No,No,No,No,1 Year,Yes,Mailed check,48.8,720.1,No
2338-BQEZT,Male,0,YES,No,55.0,Yes,No,Fiberoptic,Yes,No,No,No,No,No,2 Year,Yes,Credit card (automatic),50.55,2832.75,No
9873-MNDKV,fe male,0,No,No,11.0,Yes,No,DSL,No,No,No,No,No,No,1 year,Yes,Mailed check,44.65,472.25,No
0378-NHQXU,Male,0,NO,Yes,17.0,Yes,Yes,Fiberoptic,No,No,Yes,No,Yes,No,month to month,No,Electronic check,88.25,1460.65,Yes
8241-JUIQO,f,0,NO,No,61.0,Yes,No,dsl,No internet service,No internet service,No internet service,No internet service,No internet service,No internet service,1 Year,No,Bank transfer (automatic),19.45,1336.35,No
2194-IIQOF,f,0,NO,No,71.0,Yes,Yes,fiber optic,Yes,Yes,Yes,Yes,Yes,Yes,1 Year,,Credit card (automatic),89.3,6388.65,No
4512-ZUIYL,FEMALE,0,Yes,No,,Yes,No,Fiber Optic,No,No,No,No,No,No,2 Year,No,Bank transfer (automatic),70.0,153.05,Yes
9631-RXVJM,fe male,0,No,No,35.0,Yes,No,dsl,No internet service,No internet service,No internet service,No internet service,No internet service,No internet service,Month-to-Month,No,Mailed check,19.25,677.9,No
9584-EXCDZ,m,0,YES,No,17.0,Yes,No,Dsl,No,No,No,No,No,No,2 Year,No,Bank transfer (automatic),,1165.6,No
7969-AULMZ,fe male,0,YES,No,21.0,Yes,Yes,Dsl,No,No,No,No,Yes,Yes,Month-to-Month,Yes,Electronic check,97.35,2119.5,Yes
5093-FEGLU,fe male,0,no,No,47.0,Yes,No,Fiber Optic,No internet service,No internet service,No internet service,No internet service,No internet service,No internet service,month to month,No,Bank transfer (automatic),19.65,921.55,No
2621-UDNLU,Male,0,No,No,3.0,Yes,No,Dsl,No internet service,No internet service,No internet service,No internet service,No internet service,No internet service,One Year,No,Mailed check,20.85,72,No
7526-IVLYU,m,0,NO,No,3.0,Yes,No,fiber,No internet service,No internet service,No internet service,No internet service,No internet service,No internet service,2 Year,Yes,Mailed check,19.65,68.35,No
2428-HYUNX,m,1,y,No,44.0,Yes,No,DSL,No internet service,No internet service,No internet service,No internet service,No internet service,No internet service,2 Year,Yes,Credit card (automatic),19.35,847.25,No
9214-EKVXR,Female,0,no,No,1.0,Yes,No,Dsl,No,No,No,No,No,No,Month-to-Month,Yes,Mailed check,44.0,44,No
3410-MHHUM,fe male,0,y,Yes,44.0,Yes,Yes,dsl,No,Yes,Yes,No,No,Yes,One Year,No,Electronic check,94.4,4295.35,No
0568-ONFPC,f,0,Yes,Yes,5.0,Yes,Yes,Fiberoptic,No internet service,No internet service,No internet service,No internet service,No internet service,No internet service,Two Year,Yes,Bank transfer (automatic),25.9,135,Yes
0733-VUNUW,Male,0,Yes,No,24.0,Yes,Yes,DSL,Yes,No,No,No,No,No,Two Year,Yes,Bank transfer (automatic),55.65,,Yes
4550-EVXNY,Male,0,Yes,Yes,1.0,Yes,No,DSL,No,No,No,No,No,No,One Year,Yes,Electronic check,69.65,69.65,Yes
2122-YWVYA,fe male,0,n,No,18.0,Yes,No,Fiber Optic,Yes,No,No,No,No,No,1 year,Yes,Electronic check,75.4,1380.4,No
2968-SSGAA,Female,0,y,,10.0,Yes,Yes,Fiberoptic,No,No,Yes,No,Yes,Yes,1 Year,Yes,Electronic check,100.6,1060.2,Yes
2296-DKZFP,fe male,0,Yes,No,65.0,Yes,No,dsl,Yes,Yes,Yes,No,No,Yes,1 year,No,Bank transfer (automatic),71.0,4386.2,No
4844-JJWUY,m,1,Yes,No,1.0,Yes,No,DSL,No,Yes,No,No,No,Yes,2 year,,Electronic check,86.0,86,Yes
6777-TGHTM,fe male,0,YES,No,53.0,Yes,Yes,dsl,Yes,No,Yes,No,Yes,Yes,One Year,Yes,Credit card (automatic),106.95,5785.5,Yes
8909-BOLNL,fe male,0,y,No,3.0,Yes,No,Fiberoptic,No internet service,No internet service,No internet service,No internet service,No internet service,No internet service,2 year,No,Mailed check,21.2,52.05,No
6603-YRDCJ,m,0,no,,33.0,Yes,No,fiber,Yes,Yes,No,Yes,No,No,2 Year,Yes,Mailed check,61.05,2018.4,No
3538-WZPHD,Male,0,NO,No,,No,No phone service,fiber optic,No,Yes,No,No,No,No,month to month,Yes,Electronic check,29.6,79.45,Yes
3229-USWAR,FEMALE,0,No,No,34.0,Yes,No,Fiber Optic,Yes,No,Yes,Yes,Yes,Yes,Month-to-Month,Yes,Bank transfer (automatic),79.95,2727.3,No
2138-VFAPZ,Female,0,Yes,Yes,14.0,Yes,No,DSL,No internet service,No internet service,No internet service,No internet service,No internet service,No internet service,2 year,Yes,Mailed check,19.7,263.65,No
6131-JLWZM,Male,0,NO,,13.0,Yes,No,Fiberoptic,No internet service,No internet service,No internet service,No internet service,No internet service,No internet service,One Year,Yes,Mailed check,20.3,275.4,No
4785-QRJHC,Female,1,NO,No,46.0,No,No phone service,Dsl,No,Yes,Yes,Yes,Yes,Yes,1 year,Yes,Bank transfer (automatic),59.9,,Yes
0269-XFESX,Male,0,y,Yes,23.0,Yes,Yes,dsl,No internet service,No internet service,No internet service,No internet service,No internet service,No internet service,Month-to-Month,No,Mailed check,24.35,538.5,No
1709-EJDOX,Male,0,Yes,Yes,,Yes,No,DSL,No internet service,No internet service,No internet service,No internet service,No internet service,No internet service,One Year,No,Mailed check,19.75,948.9,No
4316-XCSLJ,fe male,0,Yes,,17.0,Yes,No,fiber,Yes,No,No,No,No,No,2 Year,Yes,Mailed check,50.3,,No
8610-WFCJF,f,0,No,Yes,49.0,Yes,Yes,Fiberoptic,No,No,No,No,Yes,Yes,Two Year,Yes,Electronic check,95.6,4783.5,Yes
9693-XMUOB,fe male,1,no,No,59.0,No,No phone service,fiber optic,No,Yes,No,No,Yes,Yes,month to month,Yes,Electronic check,,2997.45,No
0383-CLDDA,m,0,Yes,No,69.0,Yes,Yes,Dsl,Yes,No,Yes,Yes,Yes,Yes,1 Year,Yes,Credit card (automatic),85.35,5897.4,No
4905-JEFDW,Male,0,YES,,11.0,No,No phone service,fiber optic,No,No,Yes,No,Yes,No,1 Year,Yes,Electronic check,41.6,470.6,Yes
2709-UQGNP,Female,0,Yes,No,10.0,Yes,No,fiber optic,Yes,No,No,No,No,No,1 Year,Yes,Mailed check,51.65,524.5,No
3549-ZTMNH,f,0,NO,Yes,12.0,Yes,Yes,dsl,No internet service,No internet service,No internet service,No internet service,No internet service,No internet service,Two Year,Yes,Bank transfer (automatic),24.0,269.65,No
7881-INRLC,fe male,0,n,No,45.0,Yes,Yes,DSL,No,Yes,No,No,Yes,Yes,2 Year,Yes,Credit card (automatic),100.85,4740,Yes
8033-ATFAS,FEMALE,0,Yes,Yes,39.0,Yes,No,DSL,No,No,Yes,No,Yes,No,Month-to-Month,Yes,Mailed check,59.85,2341.5,No
1635-NZATJ,FEMALE,1,Yes,No,71.0,Yes,Yes,Dsl,No internet service,No internet service,No internet service,No internet service,No internet service,No internet service,month to month,No,Credit card (automatic),25.45,,No
0562-HKHML,Male,0,YES,Yes,71.0,Yes,Yes,Dsl,No internet service,No internet service,No internet service,No internet service,No internet service,No internet service,One Year,No,Credit card (automatic),23.9,1626.4,No
8277-RVRSV,Male,0,NO,,,Yes,Yes,Dsl,No internet service,No internet service,No internet service,No internet service,No internet service,No internet service,month to month,No,Credit card (automatic),24.15,800.3,No
9943-VSZUV,Male,1,n,No,67.0,Yes,Yes,fiber,No,No,No,No,No,No,Month-to-Month,Yes,Mailed check,75.7,5060.85,No
0117-LFRMW,m,0,No,Yes,37.0,No,No phone service,DSL,Yes,Yes,Yes,No,No,No,1 year,No,Bank transfer (automatic),40.2,1448.8,Yes
6172-FECYY,m,0,No,Yes,49.0,Yes,Yes,Dsl,No,No,No,No,Yes,No,2 Year,,Electronic check,84.5,4254.85,Yes
7054-ENNGU,f,0,no,No,9.0,Yes,No,DSL,No,Yes,No,No,No,No,month to month,No,Mailed check,50.85,466.6,No
1455-HFBXA,fe male,0,y,No,52.0,Yes,Yes,fiber,Yes,No,Yes,Yes,No,No,month to month,Yes,Credit card (automatic),91.6,4627.8,No
9402-CXWPL,m,0,y,No,70.0,Yes,Yes,Fiber Optic,No,Yes,No,No,Yes,Yes,Month-to-Month,No,Electronic check,98.9,6838.6,No
1628-BIZYP,m,0,NO,No,1.0,Yes,No,dsl,No,Yes,No,No,No,Yes,Two Year,,Electronic check,85.0,85,No
1965-AKTSX,f,1,YES,No,14.0,Yes,Yes,fiber,No,Yes,No,No,No,No,2 Year,Yes,Electronic check,78.95,1101.85,Yes
0082-LDZUE,Male,0,Yes,No,1.0,Yes,No,Fiber Optic,No,No,No,No,No,No,Two Year,,Mailed check,44.3,44.3,No
4786-UKSNZ,FEMALE,0,YES,No,1.0,Yes,No,Fiberoptic,No internet service,No internet service,No internet service,No internet service,No internet service,No internet service,One Year,No,Mailed check,20.2,20.2,Yes
5343-SGUBI,Female,0,NO,No,52.0,Yes,Yes,fiber optic,No,Yes,No,No,No,No,One Year,Yes,Mailed check,80.2,4297.6,No
0856-NAOES,Male,0,y,No,6.0,Yes,No,DSL,No,No,Yes,No,Yes,No,2 year,No,Mailed check,,414.1,No
1976-AZZPJ,FEMALE,0,Yes,,7.0,No,No phone service,Fiber Optic,Yes,Yes,No,No,No,No,Two Year,No,Mailed check,34.2,,No
7248-VZQLC,FEMALE,1,Yes,No,47.0,Yes,Yes,DSL,No,Yes,Yes,No,No,No,Two Year,Yes,Bank transfer (automatic),85.2,3969.35,Yes
6156-UZDLF,f,0,Yes,No,26.0,Yes,No,DSL,Yes,No,Yes,Yes,No,No,One Year,Yes,Credit card (automatic),87.15,2274.1,No
3099-OONVS,Male,0,NO,Yes,25.0,Yes,No,Fiber Optic,Yes,No,No,Yes,No,No,1 year,No,Electronic check,54.3,1296.8,No
9500-WBGRP,Male,0,y,No,69.0,Yes,No,fiber,No internet service,No internet service,No internet service,No internet service,No internet service,No internet service,month to month,Yes,Mailed check,19.1,1268.85,No
5183-KLYEM,m,0,No,No,72.0,Yes,Yes,DSL,Yes,Yes,Yes,Yes,Yes,Yes,One Year,Yes,Credit card (automatic),112.75,8192.6,No
5144-PQCDZ,FEMALE,0,no,No,4.0,Yes,No,DSL,No internet service,No internet service,No internet service,No internet service,No internet service,No internet service,2 year,Yes,Mailed check,19.95,59.25,No
8514-VZHEB,Male,0,No,Yes,59.0,Yes,No,DSL,No internet service,No internet service,No internet service,No internet service,No internet service,No internet service,2 Year,No,Mailed check,19.5,1147.85,No
6625-IUTTT,fe male,0,no,No,67.0,Yes,No,dsl,Yes,No,Yes,No,No,Yes,2 Year,No,Bank transfer (automatic),,4361.55,No
9355-NPPFS,Female,1,NO,No,26.0,Yes,No,Fiber Optic,No,No,No,No,No,Yes,2 Year,Yes,Electronic check,78.8,2006.1,No
0068-FIGTF,Male,0,No,No,27.0,Yes,No,Dsl,No,Yes,Yes,Yes,Yes,Yes,month to month,No,Mailed check,78.2,2078.95,No
5965-GGPRW,Male,0,n,,72.0,Yes,Yes,fiber optic,Yes,No,Yes,No,Yes,Yes,Two Year,No,Bank transfer (automatic),,7609.75,No
8035-PWSEV,FEMALE,0,y,No,6.0,Yes,No,Fiberoptic,No,No,Yes,Yes,No,Yes,2 Year,Yes,Electronic check,89.25,487.05,No
2236-HILPA,FEMALE,0,Yes,Yes,62.0,Yes,No,Dsl,No internet service,No internet service,No internet service,No internet service,No internet service,No internet service,2 year,No,Credit card (automatic),20.65,1218.45,No
1840-BIUOG,Male,0,YES,No,20.0,Yes,Yes,Fiber Optic,No,Yes,No,Yes,Yes,No,2 Year,Yes,Electronic check,68.7,,No
1356-MKYSK,f,0,no,No,6.0,Yes,No,fiber,Yes,No,Yes,Yes,Yes,Yes,1 Year,No,Credit card (automatic),78.65,,No
6080-LNESI,m,0,n,No,51.0,Yes,Yes,fiber,No internet service,No internet service,No internet service,No internet service,No internet service,No internet service,2 year,No,Mailed check,24.75,1234.6,No
1830-IPXVJ,Male,0,No,Yes,61.0,Yes,No,DSL,No internet service,No internet service,No internet service,No internet service,No internet service,No internet service,1 Year,,Credit card (automatic),19.75,1311.6,No
5828-DWPIL,Male,1,no,No,62.0,Yes,Yes,Fiber Optic,Yes,Yes,Yes,No,No,No,month to month,Yes,Electronic check,89.1,5618.3,No
8398-TBIYD,Female,0,NO,No,72.0,Yes,Yes,fiber optic,Yes,No,No,Yes,No,No,1 Year,Yes,Bank transfer (automatic),84.7,6185.15,No
0011-IGKFF,fe male,1,no,No,13.0,Yes,No,fiber,No,Yes,Yes,No,Yes,Yes,1 Year,Yes,Electronic check,98.0,1237.85,Yes
4192-GORJT,Male,0,No,No,5.0,Yes,No,Fiberoptic,No,No,Yes,No,Yes,Yes,1 Year,Yes,Electronic check,94.45,498.1,Yes
6496-SLWHQ,Female,1,No,No,3.0,Yes,Yes,dsl,No,Yes,Yes,No,Yes,Yes,1 Year,Yes,Electronic check,105.0,294.45,Yes
9912-GVSEQ,Female,1,YES,No,26.0,Yes,Yes,fiber,No,Yes,Yes,No,No,Yes,Month-to-Month,Yes,Electronic check,93.85,2381.55,Yes
2931-FSOHN,Male,1,n,No,13.0,Yes,No,fiber optic,No,Yes,No,No,Yes,No,1 Year,Yes,Electronic check,59.9,788.35,No
9418-RUKPH,FEMALE,0,Yes,Yes,38.0,Yes,No,dsl,No internet service,No internet service,No internet service,No internet service,No internet service,No internet service,1 Year,Yes,Mailed check,19.95,756.4,No
5383-MMTWC,Male,1,NO,No,8.0,Yes,Yes,Fiberoptic,No,No,No,No,No,Yes,Month-to-Month,Yes,Electronic check,84.0,613.4,Yes
9971-ZWPBF,fe male,1,Yes,Yes,34.0,Yes,Yes,DSL,No,Yes,Yes,Yes,Yes,Yes,2 Year,Yes,Electronic check,108.9,3625.2,No
4712-AUQZO,Male,0,y,No,18.0,No,No phone service,fiber,Yes,No,Yes,No,No,No,1 Year,,Mailed check,33.6,550.35,No
9711-FJTBX,Male,0,No,Yes,56.0,Yes,No,Dsl,No,Yes,Yes,Yes,No,No,1 Year,Yes,Mailed check,85.85,4793.8,No
2908-ZTPNF,f,0,n,,36.0,No,No phone service,Dsl,No,Yes,No,Yes,No,No,1 Year,Yes,Bank transfer (automatic),,1267.2,No
7240-ETPTR,FEMALE,0,YES,No,9.0,No,No phone service,Fiber Optic,No,No,Yes,No,Yes,Yes,2 Year,Yes,Electronic check,48.75,442.2,Yes
2202-CUYXZ,FEMALE,0,Yes,No,1.0,Yes,No,Fiberoptic,No,No,Yes,No,Yes,No,month to month,Yes,Electronic check,84.85,84.85,Yes
5995-OIGLP,f,0,No,,12.0,Yes,No,Dsl,Yes,No,No,Yes,No,No,1 year,No,Mailed check,56.65,654.85,Yes
8421-WZOOW,Male,1,YES,Yes,57.0,Yes,No,dsl,No,Yes,Yes,Yes,Yes,No,2 year,Yes,Credit card (automatic),95.3,5567.45,No
6261-RCVNS,f,0,y,No,42.0,Yes,No,Fiberoptic,Yes,Yes,Yes,Yes,No,Yes,month to month,No,Credit card (automatic),73.9,3160.55,Yes
7951-QKZPL,Male,0,NO,,33.0,Yes,Yes,Fiberoptic,No internet service,No internet service,No internet service,No internet service,No internet service,No internet service,2 Year,Yes,Mailed check,24.5,740.3,Yes
1414-YADCW,FEMALE,0,no,No,70.0,Yes,No,fiber optic,Yes,Yes,No,Yes,No,No,Month-to-Month,No,Bank transfer (automatic),84.6,5706.2,No
8756-RDDLT,fe male,0,No,No,68.0,No,No phone service,Fiberoptic,No,Yes,No,Yes,No,Yes,1 Year,No,Electronic check,,3085.35,No
2862-PFNIK,FEMALE,0,n,Yes,1.0,No,No phone service,Fiber Optic,No,No,No,No,No,No,1 year,Yes,Electronic check,24.7,24.7,No
5816-QVHRX,Male,0,No,No,37.0,Yes,Yes,Fiberoptic,No,No,No,Yes,Yes,Yes,One Year,No,Credit card (automatic),100.3,3541.4,No
4430-YHXGG,fe male,0,NO,Yes,4.0,Yes,Yes,fiber,No internet service,No internet service,No internet service,No internet service,No internet service,No internet service,1 Year,Yes,Mailed check,25.45,84.2,No
6888-SBYAI,m,0,NO,No,,Yes,No,Dsl,Yes,No,No,No,No,No,1 year,Yes,Mailed check,50.7,50.7,No
7395-XWZOY,m,0,y,No,20.0,No,No phone service,Fiberoptic,Yes,Yes,Yes,Yes,Yes,No,2 year,Yes,Credit card (automatic),55.0,,No
7169-YWAMK,fe male,0,NO,Yes,72.0,Yes,No,Dsl,Yes,Yes,No,Yes,Yes,No,month to month,No,Bank transfer (automatic),68.4,4855.35,No
3640-PHQXK,m,0,y,No,31.0,Yes,Yes,Fiberoptic,No,No,Yes,No,No,Yes,2 year,Yes,Electronic check,89.9,2806.9,Yes
6877-LGWXO,fe male,1,y,No,18.0,Yes,No,Dsl,No,No,No,No,No,Yes,Two Year,No,Electronic check,78.55,1422.65,Yes
6859-RKMZJ,m,0,NO,No,11.0,Yes,No,DSL,No,No,No,No,Yes,No,month to month,Yes,Bank transfer (automatic),55.05,608.15,No
2729-VNVAP,Female,0,n,,,Yes,No,dsl,No internet service,No internet service,No internet service,No internet service,No internet service,No internet service,1 Year,No,Credit card (automatic),19.8,641.35,No
2957-JIRMN,f,1,YES,No,62.0,Yes,Yes,DSL,No,No,No,No,Yes,No,1 year,No,Electronic check,84.45,4959.15,No
2049-BAFNW,FEMALE,0,y,No,1.0,No,No phone service,Fiberoptic,No,No,Yes,Yes,No,No,One Year,No,Mailed check,35.9,35.9,No
3842-QTGDL,fe male,0,NO,No,16.0,Yes,No,dsl,Yes,Yes,No,No,No,No,1 Year,No,Bank transfer (automatic),80.75,1321.3,No
7163-OCEQI,Male,0,Yes,Yes,22.0,Yes,Yes,DSL,No,No,Yes,Yes,Yes,Yes,Month-to-Month,Yes,Mailed check,,1663.75,No
9782-LGXMC,FEMALE,0,Yes,Yes,49.0,Yes,No,fiber optic,Yes,No,Yes,Yes,No,No,One Year,No,Bank transfer (automatic),61.75,3024.15,No
5975-BAICR,f,0,no,Yes,36.0,Yes,No,fiber optic,Yes,No,Yes,No,No,Yes,month to month,Yes,Credit card (automatic),63.7,2188.5,No
8019-ENHXU,Male,0,YES,No,42.0,Yes,Yes,dsl,No,Yes,Yes,Yes,No,Yes,month to month,Yes,Electronic check,99.45,4138.05,Yes
5167-GBFRE,Male,1,y,No,4.0,No,No phone service,Fiber Optic,No,No,No,No,No,No,month to month,Yes,Bank transfer (automatic),25.2,102.5,Yes
9033-EOXWV,m,0,Yes,No,12.0,Yes,Yes,dsl,No,No,No,Yes,Yes,Yes,Two Year,No,Mailed check,74.05,872.65,Yes
4673-KKSLS,FEMALE,0,Yes,No,31.0,Yes,No,fiber optic,Yes,No,Yes,Yes,No,No,2 year,No,Electronic check,87.6,2724.25,No
4853-OITSN,f,0,Yes,No,5.0,Yes,Yes,Dsl,Yes,No,No,No,No,Yes,2 Year,Yes,Electronic check,89.15,413.25,No
9800-OUIGR,Male,0,Yes,Yes,66.0,Yes,No,dsl,No internet service,No internet service,No internet service,No internet service,No internet service,No internet service,2 year,No,Credit card (automatic),20.0,1374.2,No
1324-NLTJE,FEMALE,1,NO,No,15.0,Yes,Yes,fiber,No,No,No,Yes,No,No,One Year,No,Credit card (automatic),55.0,757.1,Yes
2324-EFHVG,fe male,0,y,No,64.0,Yes,Yes,dsl,No,Yes,Yes,No,Yes,Yes,2 Year,Yes,Bank transfer (automatic),104.4,6692.65,No
7094-MSZAO,FEMALE,0,No,Yes,10.0,Yes,No,Fiber Optic,No internet service,No internet service,No internet service,No internet service,No internet service,No internet service,1 year,Yes,Credit card (automatic),20.05,218.5,No
1522-VVDMG,Male,0,Yes,Yes,7.0,Yes,No,Fiber Optic,No,Yes,No,Yes,Yes,No,2 Year,Yes,Electronic check,89.75,608.8,Yes
6907-CQGPN,Female,0,Yes,No,29.0,No,No phone service,DSL,No,Yes,No,Yes,No,No,Month-to-Month,No,Electronic check,34.3,1004.75,No
0780-XNZFN,f,0,n,No,57.0,Yes,No,DSL,No internet service,No internet service,No internet service,No internet service,No internet service,No internet service,Two Year,No,Bank transfer (automatic),20.65,1125.6,No
0239-OXEXL,fe male,0,Yes,No,46.0,Yes,Yes,fiber optic,Yes,Yes,No,No,No,No,2 Year,No,Mailed check,84.25,3847.6,No
2675-IJRGJ,fe male,0,no,No,53.0,Yes,No,DSL,No internet service,No internet service,No internet service,No internet service,No internet service,No internet service,2 Year,,Bank transfer (automatic),19.65,,No
7049-GKVZY,Male,0,No,No,17.0,Yes,No,fiber,Yes,Yes,No,Yes,Yes,Yes,Two Year,No,Credit card (automatic),79.85,1387.35,No
8577-QSOCG,Male,0,n,Yes,38.0,Yes,No,Dsl,No internet service,No internet service,No internet service,No internet service,No internet service,No internet service,Two Year,Yes,Mailed check,20.2,746.05,No
3721-CNZHX,FEMALE,0,No,No,15.0,Yes,No,DSL,No internet service,No internet service,No internet service,No internet service,No internet service,No internet service,1 year,No,Mailed check,,304.6,No
0212-ISBBF,Female,0,NO,No,22.0,No,No phone service,fiber optic,No,Yes,No,No,Yes,Yes,Two Year,Yes,Electronic check,50.35,1098.85,No
9185-TQCVP,Male,0,NO,,14.0,Yes,Yes,DSL,No,No,No,No,No,Yes,One Year,Yes,Electronic check,85.15,,Yes
3585-YNADK,Female,0,No,No,57.0,Yes,Yes,Fiberoptic,No,Yes,Yes,Yes,Yes,No,One Year,No,Bank transfer (automatic),74.6,4368.95,No
5271-DBYSJ,Male,1,no,No,11.0,Yes,No,DSL,No,No,No,No,No,Yes,2 year,Yes,Credit card (automatic),,827.7,No
1099-GODLO,Male,0,no,Yes,1.0,Yes,No,fiber optic,No internet service,No internet service,No internet service,No internet service,No internet service,No internet service,2 year,No,Mailed check,20.35,20.35,No
6828-HMKWP,FEMALE,0,NO,,12.0,Yes,No,DSL,No internet service,No internet service,No internet service,No internet service,No internet service,No internet service,Two Year,No,Bank transfer (automatic),21.05,262.05,No
5567-WSELE,FEMALE,1,NO,No,3.0,Yes,Yes,Fiber Optic,No,No,No,No,Yes,Yes,Month-to-Month,Yes,Electronic check,94.6,279.55,Yes
1472-TNCWL,m,0,no,Yes,36.0,Yes,No,dsl,No,Yes,No,No,Yes,Yes,1 Year,Yes,Electronic check,,3512.5,No
8063-RJYNF,Female,0,no,No,16.0,Yes,No,Fiber Optic,Yes,No,No,No,Yes,Yes,1 Year,Yes,Electronic check,94.25,1483.25,Yes
0687-ZVTHB,f,0,Yes,Yes,65.0,Yes,Yes,Dsl,Yes,Yes,Yes,No,No,Yes,1 year,No,Credit card (automatic),72.45,4653.85,Yes
2080-GKCWQ,Male,0,no,No,,Yes,No,fiber,No,Yes,No,No,No,No,1 Year,No,Electronic check,74.95,151.75,No
9661-ACXBS,Male,0,NO,No,42.0,Yes,Yes,Fiberoptic,Yes,No,Yes,No,Yes,Yes,Month-to-Month,Yes,Electronic check,105.2,4400.75,Yes
2193-SFWQW,fe male,0,YES,Yes,72.0,Yes,No,Fiberoptic,Yes,Yes,Yes,Yes,Yes,Yes,One Year,No,Bank transfer (automatic),,8033.1,No
5656-JAMLX,f,0,Yes,No,62.0,Yes,No,Fiber Optic,No internet service,No internet service,No internet service,No internet service,No internet service,No internet service,Two Year,No,Bank transfer (automatic),19.85,1253.65,No
3462-BJQQA,m,0,no,No,6.0,Yes,Yes,DSL,No,Yes,No,No,Yes,No,Month-to-Month,Yes,Electronic check,89.75,552.65,No
0442-TDYUO,FEMALE,0,NO,No,48.0,Yes,No,fiber optic,No internet service,No internet service,No internet service,No internet service,No internet service,No internet service,1 Year,Yes,Mailed check,20.05,1036,No
6733-LRIZX,f,0,y,No,35.0,Yes,Yes,fiber,Yes,No,Yes,Yes,Yes,Yes,One Year,Yes,Electronic check,108.95,4025.5,No
9503-XJUME,FEMALE,0,no,Yes,52.0,Yes,No,Fiberoptic,No internet service,No internet service,No internet service,No internet service,No internet service,No internet service,1 year,No,Credit card (automatic),19.65,,No
4367-NHWMM,fe male,0,n,No,1.0,No,No phone service,dsl,No,No,No,No,No,No,One Year,Yes,Mailed check,24.9,24.9,No
3727-RJMEO,fe male,0,Yes,No,6.0,Yes,Yes,Dsl,No,No,No,No,Yes,No,2 Year,Yes,Electronic check,82.85,460.25,Yes
3779-OSWCF,fe male,0,n,No,71.0,Yes,Yes,fiber,Yes,Yes,Yes,Yes,Yes,Yes,Two Year,No,Credit card (automatic),93.2,6506.15,No
6736-DHUQI,FEMALE,0,No,Yes,67.0,Yes,No,Fiber Optic,Yes,Yes,Yes,No,No,No,1 year,No,Bank transfer (automatic),84.8,5598.3,No
3915-ODIYG,m,1,n,No,60.0,Yes,Yes,dsl,Yes,Yes,No,No,No,Yes,2 year,Yes,Electronic check,71.75,4374.55,No
1360-RCYRT,f,0,n,Yes,23.0,No,No phone service,Fiberoptic,No,No,No,Yes,No,No,Two Year,Yes,Bank transfer (automatic),30.35,678.75,No
2724-FJDYW,Male,0,n,,39.0,No,No phone service,fiber,No,No,Yes,Yes,Yes,Yes,2 Year,No,Bank transfer (automatic),54.85,2191.7,No
4451-RWASJ,FEMALE,0,No,Yes,15.0,Yes,No,dsl,No internet service,No internet service,No internet service,No internet service,No internet service,No internet service,Month-to-Month,Yes,Mailed check,19.5,239.75,No
6646-VRFOL,Female,1,YES,No,53.0,Yes,Yes,Fiber Optic,No,Yes,Yes,No,Yes,Yes,Two Year,Yes,Electronic check,,5485.5,Yes
3460-TJBWI,fe male,0,YES,Yes,24.0,Yes,Yes,fiber,No internet service,No internet service,No internet service,No internet service,No internet service,No internet service,month to month,No,Mailed check,24.2,609.05,No
5917-HBSDW,Male,0,Yes,Yes,37.0,Yes,No,fiber optic,No internet service,No internet service,No internet service,No internet service,No internet service,No internet service,Month-to-Month,No,Electronic check,19.35,,No
5685-IIXLY,Female,0,NO,Yes,5.0,Yes,No,Dsl,No,Yes,No,No,No,Yes,2 year,Yes,Electronic check,,404.2,Yes
5671-UUNXD,Female,1,y,No,50.0,Yes,Yes,Fiber Optic,No,No,No,Yes,Yes,Yes,One Year,Yes,Electronic check,100.65,5189.75,No
0956-ACVZC,Male,0,y,,54.0,Yes,No,Fiberoptic,No,No,Yes,No,Yes,Yes,2 Year,Yes,Credit card (automatic),94.1,5060.9,No
2325-NBPZG,Female,0,n,No,3.0,Yes,No,Fiberoptic,Yes,No,No,No,No,No,One Year,Yes,Electronic check,74.55,233.65,No
4250-ZBWLV,fe male,0,no,No,68.0,Yes,Yes,Fiberoptic,No,Yes,Yes,Yes,Yes,Yes,1 year,,Electronic check,108.45,7176.55,Yes
4482-FTFFX,Male,0,no,No,5.0,Yes,No,DSL,No,No,Yes,Yes,No,No,One Year,No,Electronic check,56.15,291.45,No
8859-DZTGQ,m,0,Yes,No,33.0,Yes,No,fiber,No internet service,No internet service,No internet service,No internet service,No internet service,No internet service,month to month,No,Mailed check,20.35,689.75,No
0440-MOGPM,f,0,Yes,No,41.0,Yes,Yes,Dsl,No,Yes,Yes,No,Yes,Yes,1 year,Yes,Electronic check,80.55,3263.9,No
0020-JDNXP,Male,0,y,Yes,34.0,No,No phone service,fiber,Yes,No,Yes,Yes,Yes,Yes,Month-to-Month,No,Mailed check,61.25,1993.2,No
3752-CQSJI,Male,0,Yes,Yes,,Yes,No,fiber optic,No internet service,No internet service,No internet service,No internet service,No internet service,No internet service,Two Year,Yes,Mailed check,20.45,254.5,No
5025-GOOKI,Male,0,n,No,20.0,Yes,No,DSL,No internet service,No internet service,No internet service,No internet service,No internet service,No internet service,month to month,Yes,Credit card (automatic),18.9,347.65,No
4698-KVLLG,fe male,1,No,No,,Yes,No,Fiberoptic,No internet service,No internet service,No internet service,No internet service,No internet service,No internet service,2 year,No,Credit card (automatic),19.6,967.9,No
5095-AESKG,Male,0,YES,No,3.0,Yes,Yes,fiber optic,No,Yes,No,No,No,Yes,2 Year,,Credit card (automatic),91.5,242.95,Yes
2887-JPYLU,Female,0,n,Yes,41.0,Yes,No,Dsl,No,No,No,No,No,No,1 Year,No,Bank transfer (automatic),45.2,1841.9,No
4770-QAZXN,Male,0,No,No,13.0,Yes,No,DSL,No internet service,No internet service,No internet service,No internet service,No internet service,No internet service,2 year,No,Credit card (automatic),19.45,232.1,No
4896-CPRPF,Male,0,n,Yes,35.0,Yes,Yes,fiber optic,No internet service,No internet service,No internet service,No internet service,No internet service,No internet service,Month-to-Month,No,Bank transfer (automatic),25.45,809.25,No
1871-MOWRM,Male,0,Yes,No,12.0,Yes,No,fiber optic,Yes,No,No,Yes,No,No,1 Year,No,Bank transfer (automatic),80.85,866.45,Yes
9714-EDSUC,fe male,0,no,No,4.0,Yes,No,fiber,Yes,Yes,No,Yes,No,Yes,2 year,Yes,Mailed check,94.9,360.55,No
2027-OAQQC,f,0,n,No,43.0,No,No phone service,Dsl,No,No,Yes,No,Yes,Yes,2 year,Yes,Bank transfer (automatic),49.05,2076.2,Yes
0282-NVSJS,Female,1,No,Yes,12.0,No,No phone service,Fiberoptic,No,No,No,Yes,No,No,1 year,Yes,Mailed check,29.3,355.9,No
9090-SGQXL,FEMALE,1,n,No,68.0,Yes,Yes,Dsl,No,Yes,Yes,No,Yes,Yes,Two Year,Yes,Electronic check,,7299.65,Yes
6595-YGXIT,m,1,Yes,No,25.0,Yes,Yes,DSL,No,Yes,No,No,Yes,No,month to month,Yes,Electronic check,88.95,2291.2,Yes
7353-YOWFP,FEMALE,0,Yes,No,7.0,Yes,No,Fiber Optic,No internet service,No internet service,No internet service,No internet service,No internet service,No internet service,2 year,No,Mailed check,20.25,129.15,No
9835-ZIITK,Male,1,Yes,No,66.0,Yes,Yes,Fiber Optic,No,Yes,Yes,Yes,Yes,Yes,month to month,Yes,Electronic check,110.85,7491.75,Yes
8008-ESFLK,Male,0,y,No,53.0,Yes,No,dsl,Yes,Yes,Yes,Yes,Yes,Yes,1 Year,No,Electronic check,110.5,5835.5,No
7537-CBQUZ,Male,1,Yes,No,63.0,Yes,Yes,Dsl,Yes,Yes,Yes,No,Yes,Yes,1 year,Yes,Bank transfer (automatic),109.4,7031.45,No
1555-DJEQW,Male,0,n,Yes,70.0,Yes,Yes,Dsl,Yes,Yes,Yes,Yes,Yes,Yes,One Year,Yes,Bank transfer (automatic),114.2,7723.9,Yes
5649-TJHOV,f,1,y,No,27.0,No,No phone service,Dsl,No,No,No,No,No,Yes,2 year,No,Bank transfer (automatic),36.5,,Yes
0519-XUZJU,fe male,0,y,No,1.0,Yes,No,Fiber Optic,No,No,No,No,No,No,2 Year,No,Mailed check,70.75,70.75,Yes
3363-EWLGO,Female,0,YES,No,5.0,Yes,No,Fiber Optic,No internet service,No internet service,No internet service,No internet service,No internet service,No internet service,1 year,No,Mailed check,19.95,109.6,No
4750-UKWJK,f,1,YES,No,37.0,Yes,No,Dsl,No internet service,No internet service,No internet service,No internet service,No internet service,No internet service,2 Year,No,Mailed check,19.6,727.8,No
6338-AVWCY,fe male,0,No,No,3.0,No,No phone service,dsl,No,No,Yes,No,Yes,No,2 Year,Yes,Mailed check,40.15,130.75,Yes
1689-YQBYY,m,0,Yes,Yes,,Yes,Yes,dsl,No,No,No,No,No,No,month to month,Yes,Electronic check,76.6,893,No
4487-ZYJZK,f,0,n,Yes,38.0,Yes,No,dsl,No internet service,No internet service,No internet service,No internet service,No internet service,No internet service,1 year,No,Credit card (automatic),19.6,763.1,No
2959-FENLU,m,0,Yes,No,9.0,Yes,No,DSL,No,No,Yes,No,No,Yes,Two Year,Yes,Credit card (automatic),85.3,781.4,No
0708-LGSMF,Male,0,NO,No,,Yes,Yes,fiber optic,Yes,No,No,No,No,Yes,1 Year,Yes,Electronic check,65.85,902.25,No
9253-QXKBE,fe male,1,No,No,29.0,Yes,Yes,fiber optic,No,No,No,No,Yes,Yes,1 Year,Yes,Electronic check,94.45,2653.65,Yes
7634-HLQJR,f,0,NO,Yes,47.0,Yes,No,DSL,No internet service,No internet service,No internet service,No internet service,No internet service,No internet service,2 year,,Credit card (automatic),20.05,1016.7,No
0487-RPVUM,FEMALE,0,n,No,61.0,Yes,Yes,fiber optic,Yes,No,Yes,Yes,Yes,No,Two Year,No,Bank transfer (automatic),99.4,5943.65,No
4079-ULGFR,Male,0,n,No,16.0,Yes,No,fiber optic,No internet service,No internet service,No internet service,No internet service,No internet service,No internet service,One Year,No,Mailed check,20.0,275.7,No
2516-XSJKX,m,0,no,Yes,41.0,Yes,No,Dsl,Yes,Yes,No,Yes,Yes,Yes,2 Year,,Electronic check,78.45,3126.45,No
0057-QBUQH,fe male,0,No,Yes,43.0,Yes,Yes,Dsl,No internet service,No internet service,No internet service,No internet service,No internet service,No internet service,2 Year,Yes,Electronic check,25.1,,No
9445-SZLCH,f,0,No,Yes,36.0,Yes,Yes,DSL,No,Yes,Yes,No,Yes,No,Two Year,Yes,Bank transfer (automatic),97.35,3457.9,Yes
6599-SFQVE,Male,0,Yes,No,6.0,Yes,No,dsl,No,No,No,No,No,Yes,Month-to-Month,,Electronic check,55.0,340.4,No
8331-ZXFOE,fe male,0,no,No,58.0,Yes,Yes,Fiber Optic,Yes,Yes,Yes,Yes,No,No,2 Year,Yes,Credit card (automatic),71.1,4299.2,No
4003-FUSHP,m,0,no,No,19.0,Yes,No,fiber,No,No,No,Yes,Yes,No,1 year,Yes,Credit card (automatic),61.55,1093.2,No
0356-ERHVT,FEMALE,0,No,No,11.0,Yes,No,fiber,No,No,No,No,No,No,2 Year,Yes,Bank transfer (automatic),45.9,521.9,No
7325-ENZFI,Female,0,Yes,No,39.0,No,No phone service,Dsl,Yes,Yes,No,Yes,No,No,1 year,Yes,Bank transfer (automatic),40.3,1630.4,No
4884-ZTHVF,FEMALE,1,NO,No,8.0,Yes,No,fiber,No,Yes,No,No,Yes,No,Two Year,Yes,Electronic check,87.1,713.6,No
3920-HIHMQ,FEMALE,0,No,Yes,26.0,Yes,Yes,DSL,No,No,No,No,No,No,1 Year,Yes,Mailed check,,1265.65,No
3055-OYMSE,Female,1,Yes,No,53.0,Yes,No,Fiber Optic,No,Yes,No,No,No,No,1 year,Yes,Credit card (automatic),73.8,,No
0613-WUXUM,m,0,YES,Yes,70.0,Yes,No,Fiberoptic,No internet service,No internet service,No internet service,No internet service,No internet service,No internet service,month to month,Yes,Mailed check,19.2,1401.4,No
7568-PODML,Male,0,n,No,,No,No phone service,Fiber Optic,No,No,No,No,Yes,Yes,1 Year,Yes,Mailed check,45.3,45.3,Yes
4458-KVRBJ,Female,0,YES,No,59.0,Yes,Yes,DSL,No internet service,No internet service,No internet service,No internet service,No internet service,No internet service,1 Year,No,Mailed check,25.0,,No
5349-IECLD,fe male,0,y,No,2.0,Yes,No,fiber,No,No,Yes,No,Yes,Yes,One Year,No,Electronic check,94.95,178.1,Yes
1397-XKKWR,Female,0,No,No,,No,No phone service,fiber optic,Yes,No,Yes,No,No,No,month to month,No,Mailed check,35.3,264.8,No
3945-GFWQL,FEMALE,0,no,,12.0,Yes,No,fiber,No,No,No,No,No,No,Two Year,Yes,Electronic check,44.55,480.6,Yes
8097-OMULG,Male,0,Yes,Yes,59.0,Yes,No,Fiber Optic,No,Yes,Yes,Yes,Yes,Yes,2 Year,,Credit card (automatic),76.75,4541.9,No
6013-BHCAW,Female,0,YES,Yes,61.0,Yes,Yes,fiber,No,No,Yes,Yes,Yes,Yes,Two Year,Yes,Bank transfer (automatic),81.0,4976.15,No
0401-WDBXM,Female,0,NO,,72.0,Yes,Yes,fiber optic,Yes,No,Yes,No,Yes,Yes,2 year,Yes,Bank transfer (automatic),105.55,,No
3387-PLKUI,Male,0,Yes,Yes,13.0,Yes,No,Fiber Optic,No internet service,No internet service,No internet service,No internet service,No internet service,No internet service,2 Year,No,Mailed check,18.8,251.25,No
6096-EGVTU,Female,0,n,Yes,64.0,Yes,Yes,dsl,No internet service,No internet service,No internet service,No internet service,No internet service,No internet service,2 Year,No,Mailed check,24.9,1595.5,No
3797-VTIDR,Male,0,NO,No,1.0,No,No phone service,Dsl,No,No,No,No,No,No,One Year,Yes,Electronic check,23.45,23.45,Yes
5081-NWSUP,Female,0,y,No,10.0,Yes,No,fiber,No,Yes,No,Yes,No,Yes,2 year,No,Mailed check,64.9,685.55,No
2580-ATZSQ,f,0,No,Yes,65.0,Yes,No,DSL,Yes,Yes,Yes,No,No,No,2 Year,No,Bank transfer (automatic),61.35,3874.1,No
8085-MSNLK,m,0,No,No,62.0,Yes,Yes,Fiber Optic,Yes,Yes,Yes,Yes,Yes,Yes,2 year,No,Mailed check,113.95,6891.4,No
9691-HKOVS,fe male,0,Yes,No,55.0,Yes,Yes,Fiberoptic,Yes,Yes,Yes,Yes,Yes,Yes,Two Year,Yes,Electronic check,90.15,4916.95,No
9881-VCZEP,fe male,0,no,No,25.0,Yes,Yes,fiber,No,Yes,No,No,No,No,1 Year,No,Electronic check,54.1,1373,No
9526-BIHHD,fe male,0,n,No,1.0,No,No phone service,fiber optic,Yes,No,No,No,No,No,2 Year,No,Mailed check,29.7,29.7,Yes
8757-TFHHJ,Male,0,no,No,1.0,Yes,No,dsl,Yes,No,No,No,No,No,2 year,Yes,Credit card (automatic),49.8,49.8,No
4523-WXCEF,m,0,Yes,No,59.0,Yes,Yes,DSL,No,Yes,No,No,Yes,Yes,Month-to-Month,No,Electronic check,101.1,6039.9,Yes
1468-DEFNC,Male,1,y,Yes,64.0,Yes,Yes,fiber optic,No internet service,No internet service,No internet service,No internet service,No internet service,No internet service,One Year,Yes,Bank transfer (automatic),,1548.65,No
5119-KEPFY,fe male,0,Yes,No,36.0,Yes,Yes,fiber optic,No,No,No,No,Yes,Yes,Month-to-Month,Yes,Bank transfer (automatic),95.0,3440.25,No
8364-TRMMK,f,0,YES,No,3.0,Yes,Yes,dsl,No,No,No,No,No,No,1 year,,Mailed check,50.65,151.3,Yes
0916-KNFAJ,Male,0,Yes,No,61.0,Yes,Yes,fiber,Yes,No,Yes,No,No,Yes,1 Year,Yes,Mailed check,69.9,4226.7,No
8319-QBEHW,Male,0,y,Yes,26.0,No,No phone service,Fiber Optic,No,Yes,No,No,Yes,No,month to month,Yes,Bank transfer (automatic),,1023.75,No
3063-QFSZL,f,0,No,No,1.0,Yes,No,DSL,No,No,No,No,No,Yes,Month-to-Month,Yes,Electronic check,55.4,55.4,Yes
8775-LHDJH,FEMALE,1,y,No,1.0,Yes,Yes,dsl,No,Yes,No,No,Yes,No,1 Year,Yes,Electronic check,90.6,90.6,Yes
9625-QNLUX,Female,0,y,Yes,68.0,Yes,No,Fiber Optic,Yes,Yes,Yes,No,Yes,Yes,month to month,Yes,Credit card (automatic),103.25,7074.4,No
3097-NQYSN,m,1,YES,No,2.0,Yes,Yes,fiber,No,No,No,No,Yes,No,One Year,Yes,Mailed check,86.85,156.35,Yes
4024-CSNBY,Male,0,no,No,72.0,Yes,Yes,dsl,Yes,Yes,Yes,Yes,No,No,2 year,Yes,Bank transfer (automatic),94.25,6849.75,No
7110-BDTWG,m,0,y,No,,No,No phone service,Fiber Optic,No,No,Yes,Yes,No,Yes,2 year,Yes,Electronic check,47.05,3263.6,No
7493-GVFIO,Male,0,n,No,57.0,Yes,No,Dsl,No internet service,No internet service,No internet service,No internet service,No internet service,No internet service,Month-to-Month,No,Credit card (automatic),20.55,1252.85,No
0690-SRQID,Female,0,no,No,4.0,Yes,No,Dsl,No internet service,No internet service,No internet service,No internet service,No internet service,No internet service,1 Year,Yes,Mailed check,19.65,67.55,No
9605-WGJVW,fe male,1,no,No,1.0,Yes,No,Fiber Optic,No,No,No,No,No,No,month to month,Yes,Electronic check,70.2,70.2,No
9114-DPSIA,Male,0,NO,Yes,72.0,Yes,Yes,Fiberoptic,Yes,Yes,Yes,Yes,No,Yes,2 year,No,Credit card (automatic),81.0,5750,No
4700-UBQMV,FEMALE,0,YES,Yes,21.0,Yes,Yes,fiber optic,Yes,No,No,No,Yes,Yes,Two Year,Yes,Bank transfer (automatic),75.9,1549.75,No
7711-GQBZC,Female,0,YES,Yes,71.0,Yes,Yes,dsl,No internet service,No internet service,No internet service,No internet service,No internet service,No internet service,2 Year,No,Bank transfer (automatic),24.7,1810.55,No
3565-UNOCC,Male,1,n,No,,Yes,Yes,Fiber Optic,No,No,Yes,No,Yes,Yes,month to month,Yes,Bank transfer (automatic),99.05,2952.85,Yes
4627-MIHJH,Male,1,no,No,69.0,Yes,Yes,Dsl,Yes,No,Yes,Yes,Yes,Yes,2 Year,No,Credit card (automatic),110.25,7467.55,No
9795-NREXC,FEMALE,0,n,No,64.0,Yes,Yes,Fiberoptic,Yes,No,Yes,Yes,Yes,Yes,Month-to-Month,Yes,Credit card (automatic),85.0,5484.4,No
8573-CGOCC,Female,0,y,No,16.0,Yes,No,Dsl,No internet service,No internet service,No internet service,No internet service,No internet service,No internet service,Two Year,No,Credit card (automatic),19.75,294.9,No
7356-AYNJP,Male,0,Yes,No,4.0,Yes,Yes,DSL,No internet service,No internet service,No internet service,No internet service,No internet service,No internet service,2 year,No,Electronic check,23.9,97.5,No
9249-FXSCK,FEMALE,0,Yes,No,52.0,Yes,Yes,fiber,Yes,Yes,No,Yes,Yes,Yes,2 Year,Yes,Credit card (automatic),111.25,5916.45,Yes
5493-SDRDQ,Male,0,no,No,2.0,Yes,No,fiber,Yes,No,Yes,No,No,No,1 Year,Yes,Mailed check,55.1,113.35,Yes
6286-SUUWT,Male,0,No,No,1.0,Yes,No,dsl,No internet service,No internet service,No internet service,No internet service,No internet service,No internet service,One Year,No,Mailed check,19.95,19.95,No
4819-HJPIW,FEMALE,0,YES,No,18.0,No,No phone service,Dsl,No,No,No,No,No,No,2 year,,Mailed check,25.15,476.8,No
8654-DHAOW,Male,0,no,No,2.0,Yes,Yes,Fiberoptic,No,Yes,No,No,No,No,1 Year,No,Mailed check,54.15,101.65,No
5438-QMDDL,Female,0,no,No,19.0,Yes,No,fiber,No,Yes,No,No,No,Yes,Two Year,Yes,Mailed check,59.8,1130.85,No
9812-GHVRI,Female,0,no,No,40.0,Yes,Yes,fiber optic,No,No,No,No,No,Yes,month to month,No,Bank transfer (automatic),,3532.25,No
5553-AOINX,f,1,Yes,,66.0,Yes,Yes,Dsl,No,Yes,Yes,No,Yes,Yes,2 year,Yes,Electronic check,104.9,6891.45,No
1228-ZLNBX,Female,0,NO,No,21.0,Yes,Yes,fiber optic,No,No,No,No,No,No,2 Year,No,Mailed check,75.3,1570.7,No
4226-KKDON,Male,0,n,No,8.0,Yes,No,fiber optic,No,Yes,No,Yes,Yes,No,Month-to-Month,Yes,Electronic check,66.65,520.95,No
3831-YCPUO,FEMALE,0,y,Yes,72.0,Yes,No,DSL,Yes,Yes,Yes,Yes,Yes,Yes,2 Year,Yes,Credit card (automatic),109.5,7854.9,No
7445-WMRBW,Male,0,Yes,No,48.0,Yes,Yes,DSL,No,Yes,Yes,Yes,Yes,No,2 Year,Yes,Bank transfer (automatic),73.85,3581.4,No
3308-DGHKL,Male,0,n,,69.0,Yes,No,DSL,No internet service,No internet service,No internet service,No internet service,No internet service,No internet service,Month-to-Month,Yes,Bank transfer (automatic),19.3,1447.9,No
9924-JPRMC,Female,0,Yes,No,72.0,Yes,Yes,Fiber Optic,Yes,Yes,Yes,Yes,Yes,Yes,1 Year,Yes,Electronic check,118.2,8547.15,No
0080-EMYVY,Male,0,YES,No,14.0,Yes,No,fiber,No,Yes,No,No,No,No,Two Year,,Credit card (automatic),51.45,,No
6218-KNUBD,Male,0,n,No,6.0,Yes,No,Fiberoptic,No,Yes,No,No,Yes,No,Month-to-Month,No,Electronic check,59.45,357.6,No
7337-CINUD,FEMALE,0,No,Yes,,Yes,No,Fiber Optic,No internet service,No internet service,No internet service,No internet service,No internet service,No internet service,One Year,No,Bank transfer (automatic),19.5,159.35,No
7609-NRNCA,m,0,No,No,17.0,Yes,No,fiber optic,No internet service,No internet service,No internet service,No internet service,No internet service,No internet service,Month-to-Month,No,Mailed check,19.55,280.85,No
0623-EJQEG,Female,0,Yes,No,65.0,Yes,Yes,Fiberoptic,Yes,No,No,Yes,No,Yes,Month-to-Month,No,Electronic check,93.55,,No
7153-CHRBV,fe male,0,NO,Yes,57.0,Yes,No,fiber optic,Yes,No,Yes,Yes,No,No,1 year,Yes,Mailed check,59.3,3274.35,No
0871-URUWO,FEMALE,0,No,No,13.0,Yes,Yes,Dsl,No,No,Yes,No,Yes,Yes,One Year,Yes,Credit card (automatic),102.25,1359,Yes
9190-MFJLN,fe male,1,n,No,19.0,Yes,No,Fiberoptic,No,No,Yes,No,Yes,Yes,Month-to-Month,Yes,Credit card (automatic),,1777.9,Yes
6198-PNNSZ,m,0,y,No,56.0,Yes,Yes,Fiber Optic,Yes,Yes,Yes,No,Yes,Yes,2 Year,No,Bank transfer (automatic),109.8,6109.65,No
3317-VLGQT,f,0,y,No,14.0,Yes,No,DSL,No,No,No,No,No,Yes,One Year,Yes,Electronic check,78.1,1122.4,No
4132-POCZS,Male,0,Yes,No,52.0,No,No phone service,Fiber Optic,Yes,No,No,No,No,Yes,1 year,Yes,Electronic check,39.9,2020.9,No
5614-DNZCE,m,0,NO,No,58.0,Yes,No,Fiber Optic,Yes,Yes,Yes,Yes,No,No,Month-to-Month,Yes,Credit card (automatic),64.9,3795.45,No
1095-JUDTC,m,1,n,No,,Yes,Yes,Fiber Optic,No,Yes,No,Yes,Yes,No,Month-to-Month,Yes,Electronic check,95.05,4504.55,Yes
3896-RCYYE,Male,0,NO,No,67.0,No,No phone service,Dsl,No,No,Yes,Yes,Yes,Yes,2 year,Yes,Credit card (automatic),53.4,3579.15,No
9638-JIQYA,fe male,0,Yes,No,2.0,No,No phone service,fiber optic,No,No,No,No,No,No,Month-to-Month,Yes,Credit card (automatic),24.9,49.7,No
3258-SANFR,Male,1,n,No,6.0,Yes,No,fiber optic,No,No,No,No,No,No,month to month,,Credit card (automatic),44.7,276.5,No
3726-TBHQT,Male,0,no,Yes,71.0,Yes,Yes,DSL,Yes,Yes,Yes,Yes,Yes,Yes,month to month,Yes,Bank transfer (automatic),114.0,8175.9,No
3190-ITQXP,FEMALE,0,Yes,,,Yes,No,Fiberoptic,No internet service,No internet service,No internet service,No internet service,No internet service,No internet service,Month-to-Month,No,Bank transfer (automatic),20.25,890.35,No
0870-VEMYL,m,0,NO,No,5.0,Yes,No,dsl,Yes,No,No,Yes,No,No,2 Year,No,Credit card (automatic),53.85,259.8,Yes
4833-QTJNO,f,1,y,No,67.0,Yes,Yes,Fiberoptic,Yes,Yes,No,No,No,No,month to month,No,Bank transfer (automatic),83.85,5588.8,No
3039-MJSLN,fe male,0,no,Yes,3.0,Yes,No,Fiberoptic,No internet service,No internet service,No internet service,No internet service,No internet service,No internet service,2 year,No,Bank transfer (automatic),20.2,50.6,No
0178-CIIKR,f,0,No,No,3.0,Yes,No,fiber optic,No internet service,No internet service,No internet service,No internet service,No internet service,No internet service,1 year,No,Mailed check,19.95,58,No
5385-SUIRI,f,1,Yes,No,52.0,Yes,Yes,fiber,Yes,No,Yes,No,Yes,Yes,One Year,Yes,Electronic check,104.2,5568.35,Yes
3982-XWFZQ,Female,0,NO,No,42.0,Yes,Yes,Dsl,No,No,No,No,No,No,1 year,Yes,Electronic check,50.25,2203.65,Yes
5774-QPLTF,fe male,0,n,Yes,50.0,Yes,No,dsl,No internet service,No internet service,No internet service,No internet service,No internet service,No internet service,2 Year,Yes,Mailed check,20.35,938.95,No
2322-VCZHZ,Male,1,YES,No,23.0,Yes,No,Dsl,Yes,Yes,No,No,No,Yes,Month-to-Month,Yes,Electronic check,90.0,2024.1,No
5010-IPEAQ,Male,0,no,Yes,67.0,No,No phone service,Dsl,Yes,Yes,Yes,Yes,Yes,No,2 year,No,Credit card (automatic),54.2,3623.95,No
4009-ALQFH,FEMALE,0,Yes,No,25.0,Yes,No,fiber,No,Yes,Yes,No,Yes,Yes,Two Year,Yes,Electronic check,99.5,2369.05,Yes
6383-ZTSIW,f,1,y,No,39.0,Yes,No,dsl,Yes,Yes,No,No,Yes,Yes,Two Year,No,Mailed check,99.1,3877.95,No
8990-YOZLV,FEMALE,0,YES,No,69.0,Yes,Yes,Fiber Optic,Yes,Yes,No,Yes,No,No,One Year,Yes,Mailed check,66.9,4577.9,No
3069-SSVSN,f,0,n,No,1.0,No,No phone service,DSL,No,No,No,No,No,No,month to month,No,Mailed check,25.85,25.85,No
5222-IMUKT,f,0,y,No,32.0,Yes,No,Fiberoptic,No,No,No,No,Yes,Yes,1 Year,No,Electronic check,91.05,2871.5,No
3627-FCRDW,Female,0,YES,No,9.0,Yes,No,Dsl,No,No,No,No,No,No,Two Year,No,Electronic check,71.0,672.55,Yes
7562-GSUHK,Female,0,no,No,16.0,Yes,No,dsl,No,Yes,Yes,No,No,Yes,Two Year,Yes,Credit card (automatic),93.2,1573.7,Yes
6685-XSHHU,fe male,0,No,Yes,60.0,Yes,No,fiber optic,No internet service,No internet service,No internet service,No internet service,No internet service,No internet service,1 Year,Yes,Bank transfer (automatic),20.95,1270.55,No
8901-UPRHR,f,0,YES,Yes,72.0,Yes,Yes,Fiber Optic,No,Yes,Yes,Yes,Yes,Yes,1 year,Yes,Bank transfer (automatic),109.2,7711.45,No
4903-UYAVB,Male,0,n,No,5.0,Yes,No,Dsl,No internet service,No internet service,No internet service,No internet service,No internet service,No internet service,1 Year,No,Mailed check,19.35,,Yes
0118-JPNOY,Female,1,YES,No,26.0,Yes,No,fiber optic,Yes,No,No,No,Yes,No,One Year,Yes,Credit card (automatic),,2193.65,No
6776-TLWOI,m,0,No,No,3.0,Yes,No,fiber optic,No internet service,No internet service,No internet service,No internet service,No internet service,No internet service,1 Year,,Mailed check,19.85,64.55,Yes
3845-FXCYS,Female,0,No,No,2.0,Yes,No,DSL,No internet service,No internet service,No internet service,No internet service,No internet service,No internet service,1 Year,Yes,Electronic check,19.65,31.2,No
5857-XRECV,Male,0,Yes,,2.0,Yes,No,Dsl,No internet service,No internet service,No internet service,No internet service,No internet service,No internet service,month to month,,Bank transfer (automatic),20.5,38.25,No
0725-CXOTM,fe male,0,NO,No,36.0,Yes,Yes,DSL,Yes,No,Yes,Yes,Yes,Yes,One Year,Yes,Credit card (automatic),89.65,3348.1,No
4343-EJVQB,Male,0,no,No,7.0,Yes,No,dsl,Yes,No,No,No,No,No,month to month,No,Mailed check,74.35,533.6,No
9000-PLFUZ,fe male,1,y,No,60.0,No,No phone service,fiber optic,No,Yes,No,No,Yes,Yes,1 Year,Yes,Credit card (automatic),49.45,2907.55,No
3427-GGZZI,Male,0,y,No,19.0,Yes,Yes,Dsl,No,Yes,No,No,No,Yes,1 Year,Yes,Electronic check,89.1,1620.8,No
7779-ORAEL,Male,1,n,No,45.0,Yes,Yes,fiber,Yes,No,Yes,Yes,No,Yes,1 Year,No,Credit card (automatic),75.15,3480.35,No
0644-OQMDK,FEMALE,1,NO,No,4.0,Yes,No,Dsl,No,No,No,No,No,No,Two Year,Yes,Electronic check,70.65,,No
4077-CROMM,Male,0,Yes,Yes,31.0,Yes,Yes,Fiber Optic,No,No,Yes,Yes,Yes,Yes,2 Year,Yes,Electronic check,104.2,3243.45,Yes
3154-CFSZG,fe male,0,Yes,Yes,47.0,Yes,No,Dsl,Yes,No,Yes,No,No,Yes,2 Year,No,Electronic check,90.05,4137.2,No
2868-MZAGQ,Female,0,Yes,No,1.0,Yes,No,Fiber Optic,No,No,No,No,No,Yes,2 year,Yes,Electronic check,79.25,,Yes
4847-QNOKA,fe male,0,No,No,1.0,Yes,No,dsl,No,No,No,No,No,No,One Year,Yes,Bank transfer (automatic),44.9,44.9,Yes
2220-IAHLS,Female,0,No,No,1.0,Yes,No,DSL,No internet service,No internet service,No internet service,No internet service,No internet service,No internet service,1 year,No,Credit card (automatic),19.4,19.4,No
1658-XUHBX,fe male,1,n,Yes,59.0,Yes,Yes,DSL,No,No,Yes,No,No,Yes,2 Year,Yes,Credit card (automatic),88.75,5348.65,No
6379-RXJRQ,Male,0,No,No,,Yes,No,DSL,No,No,No,No,No,No,month to month,Yes,Electronic check,70.1,659.65,Yes
2378-HTWFW,Male,1,Yes,,35.0,Yes,Yes,DSL,Yes,No,No,No,No,Yes,One Year,,Credit card (automatic),91.0,3180.5,No
8650-RHRKE,Male,0,NO,No,4.0,No,No phone service,Fiberoptic,No,No,Yes,No,No,No,month to month,Yes,Electronic check,29.65,118.5,Yes
4377-VDHYI,fe male,0,No,Yes,32.0,Yes,No,Fiberoptic,Yes,Yes,No,No,No,Yes,month to month,Yes,Electronic check,90.8,3023.85,No
0475-RIJEP,FEMALE,0,YES,No,43.0,Yes,Yes,fiber,No,Yes,No,No,No,No,Month-to-Month,Yes,Electronic check,77.85,3365.85,Yes
1260-TTRXI,f,0,YES,No,4.0,Yes,No,fiber optic,No,No,No,No,No,Yes,Two Year,No,Electronic check,54.3,195.3,Yes
3719-TDVQB,fe male,1,YES,No,54.0,Yes,No,Fiber Optic,No internet service,No internet service,No internet service,No internet service,No internet service,No internet service,Month-to-Month,Yes,Mailed check,18.95,,No
6328-ZPBGN,Male,1,Yes,No,,Yes,Yes,Fiberoptic,No,No,No,No,Yes,Yes,2 year,Yes,Bank transfer (automatic),95.15,997.65,Yes
0201-MIBOL,Male,1,n,No,66.0,Yes,Yes,Fiberoptic,Yes,No,No,No,Yes,Yes,month to month,Yes,Bank transfer (automatic),102.4,6471.85,No
4937-QPZPO,Male,0,n,Yes,,Yes,Yes,DSL,No,No,Yes,No,Yes,Yes,One Year,Yes,Electronic check,99.9,6241.35,No
2925-VDZHY,f,0,Yes,Yes,72.0,Yes,Yes,fiber,Yes,Yes,Yes,Yes,Yes,Yes,One Year,No,Credit card (automatic),88.7,6501.35,No
6981-TDRFT,m,0,Yes,Yes,,No,No phone service,dsl,No,No,Yes,Yes,Yes,Yes,2 year,Yes,Electronic check,54.3,2317.1,No
3413-CSSTH,FEMALE,0,no,No,41.0,Yes,Yes,Dsl,No,No,Yes,No,No,No,1 Year,Yes,Bank transfer (automatic),55.7,2237.55,No
8033-VCZGH,Male,0,No,No,50.0,Yes,Yes,Dsl,Yes,No,Yes,No,Yes,Yes,Two Year,Yes,Electronic check,103.95,5231.3,No
4789-KWMXN,Male,0,no,No,47.0,Yes,Yes,fiber,Yes,No,Yes,Yes,Yes,Yes,2 year,Yes,Credit card (automatic),110.85,5275.8,Yes
0224-NIJLP,Male,0,Yes,Yes,8.0,Yes,No,Fiberoptic,No internet service,No internet service,No internet service,No internet service,No internet service,No internet service,1 Year,No,Mailed check,20.15,165.5,No
7542-CYDDM,FEMALE,0,y,,18.0,Yes,No,Fiber Optic,No internet service,No internet service,No internet service,No internet service,No internet service,No internet service,2 Year,No,Mailed check,20.05,358.5,No
4718-WXBGI,Male,0,Yes,Yes,72.0,Yes,Yes,Fiberoptic,Yes,Yes,Yes,Yes,Yes,Yes,Two Year,Yes,Credit card (automatic),91.95,6614.9,No
2867-UIMSS,Male,0,No,No,1.0,Yes,No,Dsl,No,No,No,No,No,Yes,2 year,No,Electronic check,80.5,80.5,Yes
8495-PRWFH,FEMALE,1,no,No,42.0,Yes,Yes,Fiberoptic,No,No,Yes,No,No,No,2 Year,No,Electronic check,55.65,2421.75,No
0439-IFYUN,Female,1,NO,No,18.0,Yes,No,DSL,No,Yes,No,No,No,No,Month-to-Month,Yes,Electronic check,,1294.6,No
5716-LIBJC,Female,0,n,Yes,13.0,Yes,Yes,fiber optic,No,Yes,Yes,No,Yes,Yes,Two Year,Yes,Credit card (automatic),104.15,1299.1,No
2868-LLSKM,Male,0,NO,Yes,,Yes,Yes,Fiberoptic,No,Yes,No,Yes,No,No,One Year,Yes,Bank transfer (automatic),83.65,5733.4,No
8111-RKSPX,Male,0,Yes,No,4.0,Yes,Yes,dsl,No,No,No,No,No,No,Two Year,Yes,Bank transfer (automatic),72.2,305.55,Yes
2988-QRAJY,Male,0,no,No,,Yes,Yes,Fiberoptic,Yes,Yes,Yes,No,Yes,Yes,Two Year,Yes,Credit card (automatic),110.05,7430.75,No
1585-MQSSU,f,0,Yes,No,17.0,Yes,No,Dsl,No,No,No,Yes,No,No,Two Year,No,Mailed check,51.5,900.5,Yes
0071-NDAFP,Male,0,Yes,Yes,25.0,Yes,Yes,dsl,No internet service,No internet service,No internet service,No internet service,No internet service,No internet service,month to month,No,Credit card (automatic),25.5,630.6,No
2856-NNASM,Female,1,n,No,43.0,Yes,No,fiber,No,No,No,No,Yes,Yes,1 Year,Yes,Mailed check,89.55,3856.75,Yes
7328-ZJAJO,Male,0,Yes,Yes,59.0,Yes,No,Fiber Optic,No internet service,No internet service,No internet service,No internet service,No internet service,No internet service,Month-to-Month,No,Credit card (automatic),19.5,1222.65,No
6458-CYIDZ,f,1,YES,No,5.0,Yes,No,dsl,Yes,Yes,No,No,No,No,2 year,No,Electronic check,80.7,374.8,No
8559-CIZFV,fe male,0,YES,Yes,21.0,Yes,Yes,DSL,Yes,Yes,No,Yes,Yes,No,1 year,No,Mailed check,77.5,1625,Yes
1090-PYKCI,Male,0,no,Yes,69.0,Yes,Yes,Fiber Optic,Yes,Yes,Yes,Yes,Yes,No,2 Year,Yes,Credit card (automatic),105.1,7234.8,No
3058-WQDRE,fe male,0,No,No,13.0,No,No phone service,Dsl,No,No,No,No,No,No,1 year,,Bank transfer (automatic),,331.85,No
7547-EKNFS,m,0,NO,No,42.0,Yes,Yes,fiber,No,Yes,Yes,No,Yes,No,month to month,Yes,Bank transfer (automatic),95.25,3959.35,Yes
2279-AXJJK,Male,0,n,No,,Yes,Yes,fiber,No,Yes,No,Yes,No,Yes,month to month,Yes,Credit card (automatic),95.65,5088.4,No
6769-DYBQN,fe male,1,Yes,No,,Yes,No,Fiberoptic,Yes,No,No,No,No,Yes,Month-to-Month,No,Electronic check,85.0,3969.4,Yes
0909-SELIE,Male,0,NO,No,61.0,Yes,Yes,fiber,Yes,Yes,Yes,Yes,No,Yes,2 year,Yes,Bank transfer (automatic),80.8,4860.85,No
3417-TSCIC,Female,0,Yes,No,29.0,No,No phone service,dsl,No,No,No,No,No,No,One Year,Yes,Mailed check,24.85,788.05,No
1042-HFUCW,f,0,NO,Yes,25.0,Yes,No,DSL,No,Yes,No,Yes,No,No,2 Year,,Credit card (automatic),54.75,1266.35,No
4439-JMPMT,Male,0,n,Yes,5.0,Yes,No,dsl,No,No,No,Yes,Yes,No,2 year,Yes,Electronic check,,470.95,Yes
6537-OTKMY,Female,0,Yes,No,15.0,No,No phone service,Fiber Optic,No,No,Yes,No,Yes,Yes,month to month,No,Electronic check,50.75,688.2,No
8999-EXMNO,Male,0,no,Yes,19.0,Yes,No,fiber optic,No internet service,No internet service,No internet service,No internet service,No internet service,No internet service,Month-to-Month,No,Mailed check,20.15,387.7,No
6725-TPKJO,m,0,NO,No,44.0,Yes,No,Dsl,No internet service,No internet service,No internet service,No internet service,No internet service,No internet service,Two Year,No,Mailed check,20.05,845.25,No
2446-BEGGB,FEMALE,1,YES,No,6.0,Yes,Yes,Fiber Optic,No,Yes,No,No,Yes,Yes,Month-to-Month,Yes,Electronic check,98.25,560.6,Yes
7162-WPHPM,f,0,YES,Yes,58.0,Yes,Yes,fiber optic,Yes,Yes,Yes,Yes,No,No,1 year,No,Credit card (automatic),71.6,4230.25,No
1599-MMYRQ,Male,0,no,Yes,62.0,Yes,No,Dsl,Yes,Yes,No,No,No,No,2 Year,Yes,Credit card (automatic),81.45,4983.05,No
8821-KVZKQ,f,0,y,Yes,70.0,No,No phone service,Dsl,No,Yes,Yes,Yes,Yes,Yes,2 year,Yes,Bank transfer (automatic),58.4,4113.15,No
1496-GGSUK,Male,1,no,No,1.0,No,No phone service,Fiber Optic,No,No,No,No,No,No,2 year,Yes,Mailed check,25.7,25.7,Yes
6434-TTGJP,fe male,0,n,Yes,10.0,No,No phone service,Fiberoptic,Yes,Yes,Yes,Yes,No,Yes,2 Year,No,Credit card (automatic),53.7,521,No
0042-JVWOJ,fe male,0,Yes,No,26.0,Yes,No,Fiber Optic,No internet service,No internet service,No internet service,No internet service,No internet service,No internet service,1 Year,Yes,Bank transfer (automatic),19.6,471.85,No
0130-SXOUN,Female,0,Yes,No,66.0,Yes,Yes,DSL,No,Yes,No,No,No,Yes,Month-to-Month,No,Credit card (automatic),89.4,5976.9,No
2575-GFSOE,Male,0,y,Yes,,Yes,No,DSL,No,No,No,No,No,No,1 Year,,Electronic check,69.0,506.9,Yes
2330-PQGDQ,Male,0,n,Yes,51.0,Yes,Yes,DSL,No,Yes,No,Yes,No,No,month to month,No,Bank transfer (automatic),84.2,,No
1452-UZOSF,Male,0,Yes,,,Yes,Yes,Fiberoptic,Yes,Yes,Yes,Yes,Yes,No,2 Year,,Credit card (automatic),106.1,7548.6,No
2097-YVPKN,m,0,n,No,65.0,Yes,Yes,DSL,No internet service,No internet service,No internet service,No internet service,No internet service,No internet service,One Year,No,Mailed check,25.75,1654.75,No
2842-JTCCU,Male,0,n,No,2.0,Yes,No,fiber optic,No,No,No,No,No,No,One Year,No,Bank transfer (automatic),46.05,80.35,Yes
8597-CTXVJ,Male,0,no,Yes,,Yes,Yes,Fiber Optic,Yes,Yes,No,Yes,No,No,Two Year,No,Bank transfer (automatic),64.95,4551.5,No
6631-HMANX,f,0,NO,No,72.0,Yes,Yes,fiber,No,Yes,Yes,Yes,Yes,Yes,2 Year,Yes,Credit card (automatic),85.45,6227.5,No
9962-BFPDU,fe male,0,no,Yes,1.0,Yes,No,fiber,No internet service,No internet service,No internet service,No internet service,No internet service,No internet service,Two Year,No,Mailed check,20.05,20.05,No
3296-SILRA,Male,1,YES,No,1.0,Yes,No,fiber,No,Yes,No,No,No,No,2 year,Yes,Mailed check,76.4,76.4,Yes
9681-OXGVC,FEMALE,0,no,No,5.0,Yes,Yes,Fiber Optic,No,No,Yes,No,Yes,Yes,2 year,Yes,Electronic check,100.5,514,Yes
6394-HHHZM,Male,0,NO,No,3.0,Yes,No,DSL,No internet service,No internet service,No internet service,No internet service,No internet service,No internet service,1 Year,No,Mailed check,20.7,57.5,No
5995-LFTLE,m,0,no,No,58.0,Yes,Yes,DSL,No internet service,No internet service,No internet service,No internet service,No internet service,No internet service,1 year,Yes,Credit card (automatic),,1474.35,No
5180-UCIIQ,m,1,no,Yes,22.0,No,No phone service,Fiber Optic,Yes,No,No,No,No,Yes,1 Year,No,Mailed check,40.05,880.2,Yes
1932-UEDCX,m,1,Yes,No,33.0,Yes,Yes,Fiberoptic,No,Yes,No,No,Yes,Yes,month to month,Yes,Bank transfer (automatic),100.6,3270.25,No
7153-OANIO,FEMALE,0,no,,1.0,Yes,No,Fiberoptic,No,No,No,No,No,No,1 Year,No,Electronic check,,69.95,Yes
5188-HGMLP,Male,1,n,,54.0,Yes,Yes,dsl,No,No,No,No,No,No,One Year,No,Bank transfer (automatic),74.0,3919.15,No
0665-XHDJU,Male,0,YES,No,72.0,Yes,Yes,fiber optic,No,Yes,No,No,Yes,Yes,1 Year,Yes,Electronic check,99.4,7285.7,No
6521-YYTYI,FEMALE,0,YES,Yes,1.0,Yes,Yes,DSL,No,No,No,No,Yes,Yes,2 Year,Yes,Electronic check,93.3,93.3,Yes
8878-HMWBV,fe male,0,No,No,3.0,Yes,No,dsl,No,No,Yes,No,No,No,1 Year,Yes,Electronic check,49.15,169.05,Yes
8265-HKSOW,m,0,Yes,Yes,72.0,Yes,Yes,fiber,Yes,Yes,Yes,Yes,No,Yes,Month-to-Month,No,Credit card (automatic),107.45,7658.3,No
3544-FBCAS,Male,0,y,Yes,72.0,Yes,Yes,Fiber Optic,Yes,Yes,Yes,No,Yes,Yes,month to month,Yes,Credit card (automatic),83.6,5959.3,No
5331-RGMTT,Male,1,NO,No,54.0,Yes,Yes,dsl,No,No,Yes,No,Yes,Yes,1 year,Yes,Credit card (automatic),99.05,5295.7,No
4759-PXTAN,Female,0,y,No,59.0,Yes,Yes,Dsl,No,Yes,No,Yes,Yes,Yes,One Year,Yes,Electronic check,80.1,4693.2,No
7054-DMVAS,fe male,0,Yes,No,54.0,Yes,No,fiber optic,Yes,Yes,No,No,Yes,No,1 year,Yes,Bank transfer (automatic),65.3,3512.9,No
3428-MMGUB,f,0,Yes,No,60.0,Yes,Yes,fiber,No,No,Yes,No,Yes,No,Month-to-Month,Yes,Electronic check,89.55,5231.2,No
6549-BTYPG,f,0,YES,No,60.0,No,No phone service,fiber,No,Yes,Yes,Yes,Yes,Yes,Two Year,No,Credit card (automatic),60.8,3603.45,No
7823-JSOAG,f,0,n,No,3.0,Yes,Yes,dsl,No,No,No,No,No,No,2 year,,Electronic check,74.5,217.45,No
3705-RHRFR,Male,0,YES,No,69.0,Yes,Yes,fiber optic,Yes,No,No,No,Yes,Yes,month to month,No,Bank transfer (automatic),,6875.35,No
9374-YOLBJ,f,0,No,Yes,1.0,Yes,No,DSL,No internet service,No internet service,No internet service,No internet service,No internet service,No internet service,2 Year,No,Electronic check,19.25,19.25,No
9074-KGVOX,Female,0,No,Yes,50.0,No,No phone service,fiber optic,Yes,No,No,No,Yes,No,2 year,Yes,Credit card (automatic),39.45,2021.35,No
6128-DAFVY,f,0,No,No,56.0,No,No phone service,fiber optic,No,No,No,No,Yes,Yes,One Year,Yes,Credit card (automatic),44.85,2564.95,No
9933-QRGTX,m,0,YES,No,60.0,Yes,No,Fiber Optic,Yes,No,No,Yes,Yes,Yes,month to month,Yes,Electronic check,97.2,5611.75,No
4476-OSWTN,FEMALE,1,no,No,69.0,Yes,Yes,DSL,Yes,No,Yes,Yes,Yes,Yes,One Year,,Mailed check,110.55,7610.1,No
3751-KTZEL,f,0,y,No,1.0,No,No phone service,fiber,No,No,No,No,No,Yes,One Year,No,Mailed check,35.05,35.05,Yes
1977-STDKI,m,1,NO,No,1.0,Yes,No,Dsl,No,Yes,No,No,No,No,2 year,Yes,Electronic check,73.0,73,Yes
5066-GFJMM,Male,0,No,No,3.0,Yes,No,Fiber Optic,No internet service,No internet service,No internet service,No internet service,No internet service,No internet service,2 Year,Yes,Mailed check,19.9,,No
2661-GKBTK,fe male,0,n,Yes,60.0,Yes,No,Fiber Optic,No,Yes,No,Yes,Yes,Yes,Month-to-Month,No,Bank transfer (automatic),76.95,4543.95,No
0458-HEUZG,fe male,0,NO,No,13.0,No,No phone service,Dsl,No,No,Yes,Yes,No,No,One Year,No,Mailed check,35.4,450.4,No
7268-WNTCP,Male,0,Yes,Yes,62.0,Yes,No,fiber,No internet service,No internet service,No internet service,No internet service,No internet service,No internet service,Month-to-Month,No,Bank transfer (automatic),20.45,1297.35,No
0824-VWDPO,Female,0,YES,,45.0,Yes,Yes,Fiber Optic,Yes,Yes,No,No,No,Yes,2 Year,No,Bank transfer (automatic),96.75,4442.75,No
8409-WQJUX,m,0,Yes,No,25.0,No,No phone service,fiber,No,No,Yes,Yes,Yes,Yes,2 year,No,Electronic check,54.2,1423.15,No
2578-JQPHZ,FEMALE,0,NO,No,44.0,Yes,No,dsl,No,No,Yes,Yes,Yes,Yes,2 Year,No,Bank transfer (automatic),100.1,4378.35,No
3278-FSIXX,Male,0,no,No,2.0,Yes,No,dsl,No,No,No,No,No,No,Two Year,Yes,Mailed check,45.25,74.2,No
5813-UECBU,FEMALE,1,YES,No,,Yes,Yes,DSL,No,Yes,Yes,No,No,No,2 year,Yes,Credit card (automatic),83.85,2716.3,Yes
0328-GRPMV,FEMALE,0,y,No,1.0,Yes,No,DSL,No,No,No,No,No,No,Two Year,Yes,Electronic check,70.1,70.1,Yes
9746-UGFAC,Male,0,n,No,,Yes,No,Fiberoptic,No internet service,No internet service,No internet service,No internet service,No internet service,No internet service,One Year,,Bank transfer (automatic),20.85,450.65,No
2946-KIQSP,Female,0,Yes,No,35.0,No,No phone service,Dsl,No,No,Yes,Yes,No,No,1 Year,Yes,Mailed check,33.45,1175.85,No
0625-AFOHS,m,0,Yes,Yes,29.0,Yes,No,Dsl,No internet service,No internet service,No internet service,No internet service,No internet service,No internet service,One Year,No,Mailed check,20.2,558.8,No
6726-WEXXK,Female,1,Yes,No,27.0,Yes,Yes,DSL,Yes,No,Yes,No,No,No,One Year,Yes,Electronic check,85.9,2220.1,No
4636-OLWOE,FEMALE,0,y,Yes,54.0,Yes,No,Dsl,No,Yes,Yes,Yes,No,No,2 Year,Yes,Electronic check,61.0,3283.05,No
4342-HENTK,Female,1,y,No,2.0,Yes,No,fiber optic,No,No,No,No,No,No,2 Year,Yes,Electronic check,70.65,142.35,Yes
4685-ERGHK,fe male,0,YES,No,57.0,Yes,Yes,dsl,No,No,No,No,Yes,No,Month-to-Month,Yes,Electronic check,86.9,4939.25,No
0885-HMGPY,Male,0,YES,No,62.0,Yes,Yes,Fiberoptic,Yes,Yes,Yes,Yes,No,No,One Year,No,Bank transfer (automatic),69.4,4237.5,No
5003-OKNNK,m,0,y,Yes,15.0,Yes,No,Fiber Optic,No internet service,No internet service,No internet service,No internet service,No internet service,No internet service,2 Year,No,Credit card (automatic),20.35,335.95,No
4195-SMMNX,Male,0,YES,No,,Yes,No,Fiber Optic,No internet service,No internet service,No internet service,No internet service,No internet service,No internet service,One Year,No,Mailed check,20.35,33.2,Yes
7208-PSIHR,f,0,y,No,70.0,Yes,Yes,fiber optic,No,No,Yes,Yes,Yes,Yes,month to month,Yes,Bank transfer (automatic),104.3,7188.5,No
4012-ZTHBR,f,0,n,Yes,21.0,Yes,No,DSL,No,No,No,No,No,No,1 Year,Yes,Electronic check,44.95,926.25,No
0489-WMEMG,fe male,0,Yes,Yes,23.0,Yes,No,Dsl,No,No,No,Yes,No,No,1 year,Yes,Electronic check,49.45,1119.35,No
7435-ZNUYY,m,0,y,No,6.0,Yes,No,fiber,No internet service,No internet service,No internet service,No internet service,No internet service,No internet service,1 Year,No,Mailed check,20.6,116.6,No
1354-YZFNB,FEMALE,0,no,Yes,4.0,Yes,No,fiber optic,No internet service,No internet service,No internet service,No internet service,No internet service,No internet service,1 Year,No,Credit card (automatic),19.55,68.8,No
6956-SMUCM,FEMALE,0,n,No,3.0,Yes,No,Dsl,Yes,No,Yes,No,Yes,Yes,1 Year,Yes,Credit card (automatic),99.0,287.4,Yes
2985-FMWYF,Female,0,Yes,No,23.0,Yes,Yes,Fiberoptic,No,No,No,No,Yes,Yes,Two Year,Yes,Electronic check,93.5,2341.55,No
2812-ENYMO,Female,0,YES,No,26.0,No,No phone service,Fiberoptic,Yes,No,No,Yes,Yes,Yes,Two Year,No,Credit card (automatic),54.55,1362.85,No
2717-HVIZY,FEMALE,0,Yes,Yes,8.0,Yes,No,Fiberoptic,No internet service,No internet service,No internet service,No internet service,No internet service,No internet service,month to month,No,Mailed check,20.05,163.6,No
3223-WZWJM,FEMALE,0,n,No,26.0,Yes,Yes,Dsl,No,No,No,No,No,Yes,1 Year,Yes,Electronic check,83.95,2254.2,Yes
3422-GALYP,Male,0,YES,No,2.0,Yes,Yes,Fiberoptic,No,Yes,No,No,No,No,2 Year,Yes,Electronic check,,145.15,No
9053-JZFKV,m,0,Yes,No,67.0,Yes,Yes,fiber optic,Yes,Yes,Yes,Yes,Yes,Yes,month to month,No,Credit card (automatic),116.2,7752.3,Yes
2530-ENDWQ,fe male,0,y,No,71.0,Yes,Yes,Dsl,No,No,No,No,Yes,Yes,Two Year,,Bank transfer (automatic),93.7,6585.35,Yes
2890-WFBHU,FEMALE,0,YES,No,59.0,Yes,Yes,Dsl,Yes,Yes,Yes,Yes,No,Yes,One Year,No,Credit card (automatic),79.85,4786.1,No
0327-WFZSY,FEMALE,0,y,Yes,39.0,Yes,Yes,Fiberoptic,No,No,Yes,No,Yes,Yes,1 year,No,Electronic check,100.0,3835.55,No
7977-HXJKU,f,0,Yes,Yes,21.0,Yes,No,fiber optic,No internet service,No internet service,No internet service,No internet service,No internet service,No internet service,1 Year,,Mailed check,19.6,397,No
6615-ZGEDR,f,0,NO,No,1.0,Yes,No,fiber optic,No internet service,No internet service,No internet service,No internet service,No internet service,No internet service,1 year,,Mailed check,19.7,19.7,Yes
7033-CLAMM,Female,0,y,Yes,48.0,Yes,No,fiber optic,No internet service,No internet service,No internet service,No internet service,No internet service,No internet service,Two Year,No,Bank transfer (automatic),20.2,1027.25,No
4023-RTIQM,Female,1,n,No,31.0,No,No phone service,Dsl,Yes,Yes,Yes,No,No,Yes,Month-to-Month,Yes,Credit card (automatic),50.4,1580.1,No
0864-FVJNJ,m,0,y,Yes,64.0,Yes,Yes,fiber,Yes,Yes,Yes,Yes,Yes,Yes,1 year,No,Electronic check,113.35,7222.75,No
7356-IWLFW,fe male,0,no,Yes,46.0,Yes,Yes,Fiberoptic,No,Yes,No,No,No,No,1 year,Yes,Bank transfer (automatic),80.0,3769.7,No
9541-PWTWO,fe male,0,no,,52.0,Yes,Yes,dsl,No,No,Yes,Yes,Yes,Yes,1 year,Yes,Bank transfer (automatic),80.95,4233.95,No
3967-VQOGC,fe male,0,No,Yes,67.0,Yes,Yes,fiber,No internet service,No internet service,No internet service,No internet service,No internet service,No internet service,2 year,Yes,Mailed check,24.9,1680.25,No
7872-RDDLZ,m,1,Yes,No,67.0,Yes,Yes,dsl,No,Yes,No,No,No,No,2 year,No,Electronic check,54.9,3725.5,No
9250-WYPLL,m,0,Yes,No,5.0,Yes,Yes,Fiber Optic,No,No,No,No,No,No,Month-to-Month,,Electronic check,,413.65,Yes
6308-CQRBU,Male,0,Yes,No,71.0,Yes,Yes,Dsl,No,Yes,Yes,Yes,Yes,Yes,One Year,No,Electronic check,109.25,7707.7,No
2754-XBHTB,fe male,0,No,,9.0,Yes,No,Fiberoptic,No,No,No,No,Yes,No,One Year,Yes,Bank transfer (automatic),77.65,714.15,Yes
1597-LHYNC,m,1,No,No,26.0,Yes,Yes,Dsl,Yes,Yes,No,No,No,Yes,1 Year,Yes,Electronic check,95.0,2497.2,Yes
0186-CAERR,Female,0,Yes,No,71.0,Yes,Yes,fiber optic,Yes,Yes,Yes,Yes,Yes,Yes,One Year,Yes,Bank transfer (automatic),116.3,8309.55,No
3043-SUDUA,Female,0,Yes,No,32.0,Yes,No,fiber,No internet service,No internet service,No internet service,No internet service,No internet service,No internet service,Two Year,,Bank transfer (automatic),19.9,601.55,No
5442-BHQNG,Male,0,NO,No,2.0,Yes,No,dsl,No,No,No,No,No,No,Month-to-Month,No,Electronic check,70.35,139.25,No
2169-RRLFW,Female,0,y,No,71.0,Yes,Yes,fiber,No internet service,No internet service,No internet service,No internet service,No internet service,No internet service,Month-to-Month,No,Credit card (automatic),25.6,1888.25,No
5872-OEQNH,m,0,y,No,60.0,No,No phone service,dsl,Yes,No,Yes,No,No,Yes,One Year,Yes,Electronic check,44.45,2773.9,No
3162-KKZXO,f,1,no,No,55.0,Yes,Yes,fiber,No,No,Yes,No,Yes,Yes,2 Year,Yes,Electronic check,100.15,5409.75,No
7055-VKGDA,m,0,NO,No,54.0,Yes,No,fiber,Yes,Yes,No,Yes,Yes,Yes,month to month,Yes,Credit card (automatic),105.4,5643.4,Yes
0754-UKWQP,m,0,YES,No,,Yes,No,Fiber Optic,No,No,Yes,No,Yes,Yes,2 Year,Yes,Electronic check,95.85,197.7,Yes
8873-GLDMH,FEMALE,0,Yes,No,6.0,Yes,Yes,fiber optic,No,No,No,No,No,No,Month-to-Month,Yes,Mailed check,73.85,401.3,No
5696-JVVQY,Male,0,No,Yes,48.0,Yes,No,Fiberoptic,Yes,Yes,Yes,No,No,Yes,Two Year,Yes,Credit card (automatic),70.1,3238.4,No
8946-BFWSG,Male,0,YES,Yes,63.0,Yes,Yes,Dsl,No internet service,No internet service,No internet service,No internet service,No internet service,No internet service,Two Year,No,Mailed check,25.25,1573.05,No
7493-TPUWZ,Male,0,Yes,No,1.0,Yes,Yes,fiber,No,Yes,No,No,No,No,2 Year,Yes,Electronic check,79.15,79.15,Yes
0547-HURJB,m,0,Yes,Yes,12.0,Yes,No,DSL,No internet service,No internet service,No internet service,No internet service,No internet service,No internet service,month to month,No,Credit card (automatic),21.05,235.8,No
8904-OPDCK,f,1,YES,No,54.0,No,No phone service,Fiber Optic,No,No,No,No,No,No,2 Year,Yes,Bank transfer (automatic),24.95,1364.75,No
8845-LWKGE,Male,0,n,Yes,30.0,Yes,No,Dsl,No,No,Yes,Yes,Yes,No,1 year,Yes,Electronic check,64.5,1985.15,No
1577-HKTFG,m,0,No,,30.0,Yes,No,DSL,No internet service,No internet service,No internet service,No internet service,No internet service,No internet service,2 year,No,Bank transfer (automatic),19.65,655.85,Yes
8752-STIVR,Male,0,YES,No,4.0,Yes,No,fiber,No,No,No,No,Yes,No,Two Year,Yes,Electronic check,79.0,,Yes
0691-NIKRI,FEMALE,0,NO,No,40.0,Yes,Yes,fiber optic,No,No,Yes,Yes,Yes,Yes,1 Year,Yes,Credit card (automatic),105.95,4335.2,No
5022-JNQEQ,Female,0,Yes,Yes,9.0,Yes,No,fiber optic,No,No,No,Yes,No,No,Two Year,Yes,Electronic check,75.85,647.5,No
4558-FANTW,Male,0,No,Yes,17.0,Yes,No,Fiber Optic,Yes,No,No,Yes,Yes,No,Month-to-Month,No,Electronic check,91.85,1574.45,Yes
3249-VHRIP,Female,0,no,No,62.0,No,No phone service,Fiberoptic,No,Yes,Yes,No,No,Yes,month to month,Yes,Credit card (automatic),43.6,2748.7,No
3736-BLEPA,FEMALE,0,YES,No,28.0,Yes,No,Fiberoptic,No,Yes,No,Yes,Yes,No,2 Year,Yes,Bank transfer (automatic),91.25,2483.65,No
4701-LKOZD,FEMALE,0,no,No,,Yes,Yes,dsl,Yes,Yes,Yes,Yes,Yes,Yes,1 year,No,Credit card (automatic),89.75,6367.2,No
6603-QWSPR,Male,0,n,No,46.0,Yes,No,Dsl,No,Yes,Yes,Yes,Yes,Yes,1 year,Yes,Bank transfer (automatic),104.4,4904.2,No
9921-QFQUL,Male,0,Yes,No,,Yes,Yes,DSL,No,No,Yes,No,No,Yes,2 Year,No,Mailed check,90.15,2044.95,No
1929-ZCBHE,FEMALE,0,YES,Yes,47.0,No,No phone service,Dsl,Yes,No,Yes,Yes,No,No,Two Year,No,Electronic check,40.3,1794.8,No
4378-MYPGO,f,0,no,Yes,68.0,Yes,No,Fiber Optic,Yes,Yes,Yes,No,Yes,Yes,1 year,Yes,Bank transfer (automatic),105.25,7173.15,No
8651-ENBZX,m,1,YES,No,60.0,Yes,Yes,Dsl,No,No,Yes,Yes,Yes,Yes,2 Year,Yes,Electronic check,106.0,6441.4,Yes
4129-LYCOI,f,0,Yes,Yes,67.0,Yes,Yes,Fiberoptic,No,Yes,No,Yes,Yes,Yes,2 Year,,Electronic check,,7039.05,No
7798-JVXYM,FEMALE,0,no,No,14.0,Yes,No,DSL,No,No,No,Yes,Yes,Yes,One Year,Yes,Electronic check,69.65,921.4,No
8647-SDTWQ,FEMALE,0,Yes,Yes,57.0,Yes,Yes,fiber,No,No,No,No,No,No,1 year,Yes,Electronic check,74.3,4018.35,No
2696-ECXKC,FEMALE,0,y,Yes,55.0,Yes,Yes,Fiber Optic,Yes,No,No,No,Yes,Yes,One Year,No,Mailed check,,5448.6,No
2081-KJSQF,Female,0,y,No,1.0,Yes,No,fiber,No internet service,No internet service,No internet service,No internet service,No internet service,No internet service,month to month,Yes,Mailed check,20.25,20.25,No
7623-TRNQN,Female,0,n,Yes,1.0,Yes,No,Fiber Optic,No,No,No,Yes,No,No,1 year,Yes,Mailed check,49.9,49.9,Yes
3323-CPBWR,m,0,y,No,23.0,Yes,Yes,fiber optic,No,No,Yes,Yes,Yes,No,month to month,Yes,Credit card (automatic),96.9,2085.45,No
9330-IJWIO,Female,0,no,,13.0,Yes,Yes,fiber,Yes,No,No,No,Yes,Yes,Two Year,Yes,Electronic check,100.35,1358.85,Yes
3384-CTMSF,fe male,0,NO,No,47.0,Yes,Yes,Fiber Optic,No,Yes,Yes,No,Yes,Yes,2 Year,Yes,Electronic check,104.1,5135.15,No
0902-RFHOF,FEMALE,0,NO,No,38.0,Yes,No,Fiber Optic,No internet service,No internet service,No internet service,No internet service,No internet service,No internet service,1 Year,No,Mailed check,20.1,730.1,No
9286-DOJGF,f,1,y,No,38.0,Yes,Yes,fiber,No,No,No,No,No,No,2 Year,Yes,Bank transfer (automatic),74.95,2869.85,Yes
6048-QBXKL,FEMALE,1,n,No,2.0,Yes,Yes,Dsl,No,Yes,No,No,No,No,Month-to-Month,Yes,Credit card (automatic),56.55,118.25,No
9661-MHUMO,fe male,1,y,Yes,1.0,Yes,No,Dsl,No,No,No,Yes,No,No,1 year,Yes,Credit card (automatic),49.25,49.25,Yes
7718-RXDGG,fe male,0,Yes,No,15.0,Yes,No,Dsl,No,No,No,No,No,No,1 Year,Yes,Bank transfer (automatic),68.6,1108.6,No
1025-FALIX,FEMALE,0,YES,No,26.0,Yes,No,fiber,No,No,No,No,No,No,2 year,Yes,Credit card (automatic),69.05,1815.65,No
3451-VAWLI,FEMALE,0,YES,Yes,35.0,Yes,No,fiber optic,No internet service,No internet service,No internet service,No internet service,No internet service,No internet service,1 year,No,Credit card (automatic),19.7,730.4,No
3407-QGWLG,f,0,YES,Yes,3.0,Yes,No,Fiberoptic,No internet service,No internet service,No internet service,No internet service,No internet service,No internet service,month to month,Yes,Mailed check,20.05,75.45,No
1842-EZJMK,f,0,Yes,Yes,50.0,Yes,Yes,fiber,No,Yes,No,Yes,Yes,Yes,Month-to-Month,No,Electronic check,103.7,5071.05,Yes
2347-WKKAE,FEMALE,0,NO,No,42.0,Yes,Yes,dsl,Yes,No,Yes,No,No,Yes,2 year,Yes,Electronic check,94.4,4014.6,No
8735-DCXNF,m,0,NO,No,10.0,Yes,No,Dsl,Yes,No,No,Yes,No,No,Month-to-Month,Yes,Credit card (automatic),54.95,568.85,No
3214-IYUUQ,f,0,Yes,No,61.0,Yes,No,DSL,Yes,Yes,No,Yes,No,Yes,Two Year,No,Bank transfer (automatic),,5860.7,No
1936-UAFEH,Male,0,NO,No,68.0,Yes,Yes,fiber optic,Yes,Yes,No,Yes,Yes,Yes,2 year,,Credit card (automatic),110.25,7279.35,No
3587-PMCOY,Male,0,YES,No,10.0,Yes,No,fiber optic,Yes,No,Yes,No,Yes,Yes,Month-to-Month,Yes,Electronic check,98.9,1064.95,No
8079-XRJRS,m,0,n,No,,Yes,Yes,DSL,Yes,Yes,Yes,No,No,No,2 Year,No,Electronic check,89.75,5769.6,Yes
1027-LKKQQ,Male,0,NO,Yes,72.0,Yes,No,dsl,Yes,No,Yes,Yes,Yes,Yes,2 year,Yes,Bank transfer (automatic),80.45,,No
7148-XZPHA,fe male,0,NO,Yes,55.0,Yes,No,DSL,No,Yes,No,Yes,No,No,One Year,No,Electronic check,79.4,4238.45,No
8073-IJDCM,m,0,no,No,1.0,Yes,No,Fiber Optic,No internet service,No internet service,No internet service,No internet service,No internet service,No internet service,1 Year,Yes,Mailed check,20.3,20.3,Yes
5309-TAIKL,FEMALE,0,y,No,7.0,Yes,No,Fiber Optic,No,No,Yes,Yes,No,Yes,Two Year,No,Bank transfer (automatic),62.8,418.3,No
6856-RAURS,m,0,y,No,,Yes,Yes,Fiber Optic,No,No,No,No,No,No,1 Year,Yes,Mailed check,74.9,136.05,No
8778-LMWTJ,FEMALE,0,Yes,No,9.0,Yes,No,dsl,Yes,No,No,No,No,No,One Year,Yes,Electronic check,74.85,708.2,No
9717-IOAAF,fe male,0,n,Yes,27.0,Yes,Yes,Fiberoptic,No internet service,No internet service,No internet service,No internet service,No internet service,No internet service,2 Year,Yes,Credit card (automatic),25.85,788.55,No
8884-ADFVN,f,1,YES,No,7.0,Yes,Yes,DSL,No,No,Yes,No,Yes,Yes,2 year,Yes,Electronic check,101.95,700.85,Yes
2845-KDHVX,f,0,YES,No,64.0,Yes,No,Fiber Optic,No,Yes,Yes,Yes,No,Yes,Month-to-Month,Yes,Mailed check,,4378.8,No
0848-SOMKO,Female,0,y,No,70.0,No,No phone service,Dsl,Yes,No,Yes,Yes,No,Yes,month to month,No,Bank transfer (automatic),48.4,3442.8,No
2720-WGKHP,Female,1,Yes,No,2.0,Yes,Yes,Fiberoptic,No,No,No,No,Yes,Yes,Month-to-Month,Yes,Electronic check,94.0,181.7,Yes
6734-FQAJX,f,1,Yes,No,67.0,Yes,No,Dsl,Yes,Yes,No,Yes,Yes,Yes,month to month,Yes,Electronic check,105.05,7171.7,No
2869-ADAWR,FEMALE,0,NO,No,45.0,Yes,Yes,DSL,No,Yes,No,No,Yes,No,month to month,Yes,Credit card (automatic),89.3,4016.85,Yes
1535-VTJOQ,Male,0,Yes,No,24.0,Yes,Yes,Fiberoptic,No internet service,No internet service,No internet service,No internet service,No internet service,No internet service,month to month,No,Credit card (automatic),25.15,553,No
6368-TZZDT,f,0,YES,Yes,4.0,Yes,No,dsl,No internet service,No internet service,No internet service,No internet service,No internet service,No internet service,2 year,No,Credit card (automatic),19.5,96.85,No
0943-ZQPXH,fe male,0,Yes,Yes,44.0,Yes,No,fiber,No,No,Yes,No,Yes,Yes,1 Year,Yes,Bank transfer (automatic),92.95,4122.9,No
1293-BSEUN,m,0,No,Yes,72.0,Yes,No,fiber,No internet service,No internet service,No internet service,No internet service,No internet service,No internet service,2 year,Yes,Mailed check,,1482.3,No
9894-EZEWG,Male,0,No,No,1.0,Yes,No,Fiberoptic,No,Yes,No,No,No,No,month to month,Yes,Credit card (automatic),74.3,74.3,Yes
1302-TPUBN,f,0,Yes,No,66.0,Yes,No,fiber optic,No internet service,No internet service,No internet service,No internet service,No internet service,No internet service,One Year,No,Bank transfer (automatic),,1240.8,No
7851-FLGGQ,fe male,0,Yes,No,1.0,No,No phone service,Fiberoptic,No,Yes,No,Yes,No,Yes,month to month,Yes,Mailed check,44.65,44.65,Yes
0637-UBJRP,Male,0,n,Yes,13.0,Yes,No,dsl,Yes,No,No,No,No,Yes,Month-to-Month,No,Electronic check,84.05,1095.3,Yes
0940-OUQEC,Male,0,No,No,10.0,Yes,Yes,Fiberoptic,No,Yes,No,No,No,No,Month-to-Month,Yes,Bank transfer (automatic),80.7,788.8,Yes
2378-VTKDH,Female,1,YES,No,65.0,Yes,Yes,Fiberoptic,No,Yes,Yes,No,Yes,Yes,One Year,Yes,Electronic check,104.35,6578.55,No
0927-CNGRH,m,0,y,Yes,1.0,Yes,No,fiber optic,No internet service,No internet service,No internet service,No internet service,No internet service,No internet service,One Year,No,Mailed check,19.55,19.55,No
8608-OZTLB,Female,0,y,Yes,38.0,Yes,No,Fiber Optic,Yes,Yes,Yes,Yes,Yes,No,month to month,No,Electronic check,,2802.3,No
2335-GSODA,Male,0,No,Yes,23.0,No,No phone service,dsl,Yes,No,Yes,Yes,No,No,1 Year,No,Mailed check,40.1,857.75,No
1952-DVVSW,FEMALE,0,YES,,10.0,Yes,No,fiber optic,No internet service,No internet service,No internet service,No internet service,No internet service,No internet service,One Year,No,Mailed check,20.1,184.4,No
0702-PGIBZ,Male,0,No,Yes,4.0,Yes,Yes,fiber,No,Yes,No,No,Yes,Yes,1 Year,Yes,Electronic check,101.7,364.55,Yes
6656-GULJQ,f,0,No,Yes,72.0,Yes,Yes,Fiber Optic,Yes,No,Yes,Yes,Yes,Yes,One Year,Yes,Credit card (automatic),83.55,6093.3,No
9853-JFZDU,m,0,n,No,35.0,Yes,No,fiber optic,No,Yes,No,Yes,No,No,Two Year,No,Electronic check,56.85,1861.1,No
1963-VAUKV,Female,0,no,No,1.0,Yes,No,Fiber Optic,No internet service,No internet service,No internet service,No internet service,No internet service,No internet service,month to month,No,Mailed check,20.4,20.4,Yes
3777-XROBG,Female,0,No,Yes,58.0,Yes,No,fiber,No internet service,No internet service,No internet service,No internet service,No internet service,No internet service,1 Year,No,Credit card (automatic),19.55,1079.65,No
6994-FGRHH,Male,0,No,Yes,70.0,Yes,No,Dsl,No,Yes,Yes,Yes,Yes,Yes,2 year,Yes,Electronic check,106.15,7475.1,No
4000-VGMQP,m,0,No,Yes,38.0,Yes,Yes,dsl,No,Yes,Yes,No,Yes,Yes,month to month,No,Credit card (automatic),78.95,2862.55,No
3999-WRNGR,f,0,NO,Yes,60.0,No,No phone service,DSL,No,Yes,No,No,Yes,Yes,Month-to-Month,Yes,Electronic check,49.75,,No
3466-RITXD,f,0,no,No,26.0,Yes,Yes,Fiberoptic,Yes,Yes,No,No,Yes,No,One Year,Yes,Credit card (automatic),92.4,2349.8,No
2680-XKKNJ,Male,0,YES,No,8.0,Yes,No,Fiberoptic,Yes,Yes,No,Yes,No,No,One Year,,Bank transfer (automatic),58.2,469.25,No
3058-HJCUY,Male,0,Yes,Yes,41.0,Yes,Yes,Dsl,No,No,Yes,Yes,Yes,Yes,One Year,Yes,Electronic check,102.6,4213.35,Yes
2974-GGUXS,FEMALE,1,n,No,36.0,Yes,Yes,dsl,No,Yes,No,No,Yes,No,month to month,Yes,Credit card (automatic),91.95,3301.05,No
7994-XIRTR,Male,1,y,No,54.0,Yes,No,DSL,No,No,Yes,Yes,No,Yes,1 Year,No,Bank transfer (automatic),,3529.95,No
3259-FDWOY,f,0,Yes,Yes,71.0,Yes,Yes,fiber optic,No,Yes,Yes,No,Yes,Yes,Two Year,Yes,Bank transfer (automatic),106.0,7723.7,Yes
2101-RANCD,fe male,0,No,No,55.0,Yes,Yes,Fiberoptic,No,No,No,No,No,No,1 year,Yes,Electronic check,73.1,4144.9,No
7921-BEPCI,Female,0,Yes,No,72.0,Yes,Yes,Fiberoptic,Yes,Yes,No,No,No,No,1 year,No,Bank transfer (automatic),59.75,4265,No
0807-ZABDG,m,0,Yes,Yes,3.0,Yes,No,dsl,Yes,No,No,Yes,No,No,month to month,Yes,Mailed check,55.1,154.65,Yes
8510-TMWYB,Male,0,y,Yes,54.0,Yes,Yes,DSL,No,Yes,Yes,No,No,No,Two Year,Yes,Bank transfer (automatic),59.8,3246.45,No
3258-ZKPAI,Female,0,Yes,Yes,,Yes,Yes,Fiberoptic,Yes,Yes,Yes,Yes,Yes,Yes,2 Year,Yes,Bank transfer (automatic),116.6,8337.45,No
1428-IEDPR,Male,0,Yes,No,52.0,Yes,Yes,Dsl,Yes,No,Yes,Yes,Yes,Yes,2 year,Yes,Electronic check,109.3,,No
5298-GSTLM,Male,1,Yes,No,60.0,Yes,Yes,Dsl,Yes,No,No,No,Yes,Yes,1 year,,Bank transfer (automatic),101.4,6176.6,No
4450-YOOHP,Female,0,y,No,39.0,No,No phone service,Fiberoptic,No,No,Yes,No,Yes,Yes,Two Year,Yes,Credit card (automatic),50.65,1905.4,No
6728-CZFEI,m,0,y,,15.0,Yes,No,Dsl,No,No,No,No,Yes,No,month to month,No,Mailed check,56.15,931.9,No
5748-RNCJT,f,0,NO,No,69.0,Yes,Yes,dsl,No,No,Yes,Yes,Yes,Yes,1 year,Yes,Bank transfer (automatic),106.5,7348.8,Yes
3653-NCRDJ,Female,0,No,Yes,43.0,Yes,No,dsl,No internet service,No internet service,No internet service,No internet service,No internet service,No internet service,Two Year,Yes,Mailed check,19.2,776.25,No
6121-TNHBO,Male,1,YES,No,63.0,Yes,Yes,fiber optic,Yes,Yes,Yes,Yes,Yes,No,month to month,No,Bank transfer (automatic),83.0,5243.05,No
5119-NZPTV,FEMALE,1,NO,No,2.0,Yes,No,fiber optic,No,No,No,No,No,No,month to month,No,Electronic check,70.1,141.65,No
6519-ZHPXP,fe male,0,Yes,Yes,72.0,Yes,No,DSL,Yes,Yes,Yes,Yes,Yes,Yes,One Year,Yes,Bank transfer (automatic),108.3,7679.65,No
7739-LAXOG,Female,0,YES,Yes,32.0,Yes,Yes,Dsl,No,No,Yes,No,No,Yes,2 Year,Yes,Bank transfer (automatic),91.05,2954.5,Yes
3472-QPRCH,Female,0,no,Yes,40.0,Yes,Yes,fiber optic,No internet service,No internet service,No internet service,No internet service,No internet service,No internet service,month to month,No,Credit card (automatic),25.25,1006.9,No
8224-UAXBZ,Female,0,Yes,No,,No,No phone service,DSL,Yes,Yes,No,No,Yes,No,2 Year,,Electronic check,45.35,2540.1,No
9610-WCESF,FEMALE,0,YES,No,67.0,No,No phone service,fiber,Yes,No,No,Yes,Yes,No,2 Year,No,Electronic check,43.9,3097.2,No
9776-CLUJA,Male,1,y,No,51.0,Yes,Yes,fiber optic,Yes,No,No,No,No,No,Two Year,Yes,Electronic check,77.5,3807.35,Yes
2486-WYVVE,Female,0,NO,,31.0,Yes,Yes,fiber optic,No,No,Yes,Yes,Yes,Yes,2 Year,Yes,Mailed check,79.3,2484,No
3865-ZYKAD,Male,1,NO,No,69.0,Yes,Yes,Fiber Optic,Yes,Yes,No,No,No,No,month to month,Yes,Credit card (automatic),84.9,5785.65,No
1422-DGUBX,fe male,0,No,No,32.0,Yes,Yes,fiber,No,No,No,Yes,No,No,2 Year,Yes,Electronic check,79.25,2619.15,No
2999-AANRQ,Male,0,No,No,21.0,Yes,No,Fiber Optic,Yes,Yes,No,Yes,Yes,No,Month-to-Month,No,Credit card (automatic),71.05,1524.85,No
8668-KNZTI,m,0,no,No,,Yes,No,dsl,Yes,No,Yes,No,No,No,Month-to-Month,No,Electronic check,53.75,2790.65,No
0480-KYJVA,Female,0,no,Yes,72.0,Yes,Yes,Dsl,No internet service,No internet service,No internet service,No internet service,No internet service,No internet service,1 year,,Credit card (automatic),24.25,1784.5,No
6034-ZRYCV,f,0,No,No,72.0,No,No phone service,Fiber Optic,No,Yes,Yes,No,Yes,Yes,1 year,Yes,Electronic check,54.2,3937.45,Yes
9746-YKGXB,Male,0,Yes,Yes,52.0,No,No phone service,fiber,Yes,No,Yes,No,No,Yes,One Year,No,Bank transfer (automatic),44.25,2276.1,No
3926-YZVVX,FEMALE,0,y,No,41.0,Yes,No,Fiber Optic,No,No,No,Yes,No,No,One Year,No,Bank transfer (automatic),50.05,2029.05,No
6000-UKLWI,Female,0,Yes,No,41.0,Yes,No,Fiber Optic,No internet service,No internet service,No internet service,No internet service,No internet service,No internet service,One Year,No,Mailed check,20.15,802.35,No
2079-FBMZK,Male,0,YES,No,6.0,Yes,No,Fiber Optic,No,No,No,No,No,No,1 year,Yes,Mailed check,69.25,418.4,Yes
6332-FBZRI,Male,0,Yes,Yes,67.0,Yes,Yes,fiber optic,Yes,Yes,Yes,Yes,No,No,2 Year,,Credit card (automatic),69.35,4653.25,No
2096-XOTMO,Male,0,Yes,Yes,16.0,Yes,No,dsl,No internet service,No internet service,No internet service,No internet service,No internet service,No internet service,1 Year,No,Mailed check,19.35,275.9,No
3266-FTKHB,FEMALE,0,YES,No,17.0,Yes,No,dsl,No internet service,No internet service,No internet service,No internet service,No internet service,No internet service,One Year,No,Mailed check,19.15,343.45,No
8221-EQDGL,FEMALE,0,Yes,No,35.0,Yes,No,DSL,Yes,Yes,Yes,No,No,No,Month-to-Month,No,Mailed check,61.0,2130.45,No
2346-LOCWC,f,0,no,Yes,58.0,Yes,No,Fiberoptic,No internet service,No internet service,No internet service,No internet service,No internet service,No internet service,1 year,No,Credit card (automatic),20.5,1191.4,No
6608-QQLVK,m,0,Yes,No,1.0,Yes,No,dsl,No,No,Yes,No,No,No,1 year,Yes,Electronic check,50.5,,Yes
0298-XACET,Male,0,No,Yes,52.0,No,No phone service,dsl,No,Yes,Yes,Yes,Yes,No,2 Year,No,Mailed check,50.2,2554,No
7560-QJAVJ,Female,0,Yes,No,70.0,Yes,No,fiber,Yes,No,Yes,Yes,Yes,Yes,Two Year,No,Bank transfer (automatic),79.6,5589.45,No
2995-YWTCD,FEMALE,0,No,Yes,19.0,Yes,Yes,Dsl,No internet service,No internet service,No internet service,No internet service,No internet service,No internet service,2 year,Yes,Bank transfer (automatic),24.9,467.7,No
3551-HUAZH,Male,1,Yes,No,1.0,Yes,Yes,dsl,No,No,No,No,No,No,1 Year,Yes,Electronic check,74.4,74.4,Yes
9137-UIYPG,Male,0,Yes,Yes,35.0,Yes,No,Fiber Optic,Yes,No,Yes,Yes,Yes,Yes,2 year,,Electronic check,106.9,3756.45,No
2809-ZMYOQ,m,0,Yes,No,32.0,Yes,Yes,Dsl,No,No,Yes,No,Yes,Yes,One Year,Yes,Electronic check,101.35,3334.9,No
5084-OOVCJ,Male,0,No,Yes,17.0,Yes,No,dsl,Yes,No,No,Yes,No,No,2 year,Yes,Credit card (automatic),55.35,920.5,No
0254-WWRKD,fe male,0,n,Yes,67.0,Yes,No,Fiberoptic,No,Yes,No,No,No,No,month to month,No,Credit card (automatic),50.55,3431.75,No
7727-SHVZV,f,0,Yes,No,9.0,Yes,No,Fiber Optic,No internet service,No internet service,No internet service,No internet service,No internet service,No internet service,Two Year,No,Bank transfer (automatic),19.5,150.35,No
6302-JGYRJ,fe male,0,Yes,Yes,31.0,Yes,Yes,Fiber Optic,No,Yes,No,Yes,Yes,Yes,2 Year,,Mailed check,79.45,2587.7,Yes
5339-PXDVH,fe male,0,y,No,4.0,Yes,Yes,fiber optic,Yes,No,No,No,Yes,No,One Year,No,Electronic check,90.65,367.95,No
2205-LPVGL,f,1,Yes,Yes,58.0,Yes,Yes,DSL,Yes,Yes,No,Yes,No,No,One Year,Yes,Bank transfer (automatic),89.85,5125.75,No
8782-NUUOL,m,0,YES,,60.0,Yes,No,Dsl,Yes,No,Yes,Yes,Yes,Yes,2 Year,,Mailed check,79.0,4801.1,No
3685-YLCMQ,FEMALE,0,Yes,No,58.0,Yes,Yes,Dsl,No,No,Yes,Yes,Yes,Yes,Two Year,Yes,Electronic check,104.65,6219.6,Yes
7601-WFVZV,Male,0,Yes,No,1.0,Yes,No,Dsl,No internet service,No internet service,No internet service,No internet service,No internet service,No internet service,1 Year,No,Mailed check,19.55,19.55,No
4609-KNNWG,Male,0,Yes,Yes,,Yes,No,DSL,No internet service,No internet service,No internet service,No internet service,No internet service,No internet service,Month-to-Month,No,Mailed check,19.9,550.1,No
4868-AADLV,FEMALE,1,No,Yes,66.0,Yes,Yes,fiber optic,Yes,Yes,Yes,Yes,Yes,Yes,Two Year,Yes,Electronic check,116.25,7862.25,No
9529-OFXHY,Male,0,Yes,No,15.0,Yes,Yes,fiber optic,Yes,No,No,No,Yes,No,Month-to-Month,,Bank transfer (automatic),87.75,1242.2,No
8634-MPHTR,Female,1,NO,No,47.0,Yes,Yes,Dsl,No,No,Yes,No,Yes,Yes,month to month,Yes,Electronic check,100.05,4871.05,Yes
2669-QVCRG,fe male,0,Yes,No,41.0,Yes,Yes,Fiberoptic,Yes,No,No,No,No,No,Two Year,Yes,Credit card (automatic),81.3,3190.65,No
2478-EEWWM,FEMALE,0,YES,No,59.0,No,No phone service,Dsl,No,No,No,No,Yes,Yes,month to month,Yes,Electronic check,44.3,2666.75,No
9174-IHETN,Female,0,No,Yes,50.0,Yes,No,DSL,No,No,No,No,No,No,month to month,No,Credit card (automatic),70.35,,No
2233-TXSIU,f,0,NO,,17.0,No,No phone service,fiber,Yes,No,Yes,No,Yes,No,Two Year,No,Credit card (automatic),44.45,792.15,No
9644-UMGQA,Female,0,Yes,Yes,6.0,Yes,No,Fiberoptic,Yes,No,No,No,No,No,One Year,Yes,Electronic check,49.15,,No
3256-EZDBI,f,1,n,No,51.0,No,No phone service,fiber optic,No,Yes,No,No,No,No,month to month,Yes,Credit card (automatic),29.45,1459.35,No
8761-NSOBC,Male,0,YES,No,44.0,Yes,No,Fiberoptic,No,Yes,No,Yes,Yes,Yes,Month-to-Month,No,Electronic check,100.55,4398.15,Yes
0419-YAAPX,Male,0,Yes,No,49.0,Yes,No,Dsl,No,Yes,No,No,Yes,No,Month-to-Month,Yes,Credit card (automatic),85.3,4297.95,No
8413-VONUO,m,0,Yes,No,2.0,Yes,No,Dsl,No,Yes,No,No,Yes,Yes,Two Year,No,Electronic check,95.65,167.3,Yes
0872-CASZJ,FEMALE,0,no,No,59.0,Yes,Yes,dsl,Yes,No,No,Yes,No,Yes,month to month,Yes,Mailed check,69.1,4096.9,No
4726-DLWQN,m,1,no,No,50.0,Yes,Yes,fiber optic,Yes,Yes,No,No,Yes,No,1 year,Yes,Bank transfer (automatic),70.35,3454.6,No
8164-OCKUJ,Male,0,NO,Yes,59.0,Yes,No,Fiberoptic,No internet service,No internet service,No internet service,No internet service,No internet service,No internet service,2 Year,No,Mailed check,20.6,1286,No
3094-JOJAI,f,0,n,No,,Yes,Yes,fiber,No,No,No,No,No,No,Month-to-Month,No,Mailed check,74.15,1387,No
9494-MRNYX,Male,0,no,No,10.0,Yes,Yes,Fiberoptic,No,No,No,No,No,No,One Year,No,Electronic check,75.05,786.3,No
2599-CZABP,f,0,Yes,No,14.0,Yes,No,dsl,No,No,No,No,No,No,One Year,No,Electronic check,44.6,,No
7945-PRBVF,Male,0,no,No,35.0,Yes,No,Dsl,No internet service,No internet service,No internet service,No internet service,No internet service,No internet service,1 Year,No,Bank transfer (automatic),21.45,705.45,No
4544-RXFMG,Male,0,n,Yes,8.0,Yes,No,Fiber Optic,No,No,No,No,No,No,One Year,,Mailed check,43.45,345.5,No
0859-YGKFW,m,0,No,Yes,18.0,Yes,No,Fiberoptic,No internet service,No internet service,No internet service,No internet service,No internet service,No internet service,2 year,No,Bank transfer (automatic),20.05,345.9,No
1150-FTQGN,FEMALE,0,NO,Yes,60.0,Yes,Yes,Fiber Optic,Yes,Yes,No,No,Yes,No,1 Year,No,Bank transfer (automatic),94.15,5811.8,No
9223-UCPVT,m,0,No,No,1.0,Yes,No,dsl,No,No,Yes,No,Yes,Yes,One Year,No,Electronic check,94.4,94.4,Yes
7196-LIWRH,Female,0,no,No,6.0,Yes,No,fiber optic,No internet service,No internet service,No internet service,No internet service,No internet service,No internet service,2 year,No,Mailed check,19.55,124.45,No
5448-VWNAM,FEMALE,0,YES,Yes,19.0,Yes,Yes,DSL,Yes,Yes,No,Yes,Yes,No,Two Year,Yes,Mailed check,75.9,1375.6,No
1177-XZBJL,m,0,No,Yes,,Yes,Yes,DSL,Yes,Yes,No,Yes,No,No,month to month,No,Bank transfer (automatic),64.15,3491.55,No
3518-FSTWG,Male,1,YES,No,72.0,Yes,Yes,Fiberoptic,Yes,Yes,Yes,No,Yes,Yes,1 year,,Bank transfer (automatic),109.55,7920.7,No
9330-VOFSZ,f,0,NO,No,60.0,Yes,Yes,Fiber Optic,No,Yes,Yes,Yes,Yes,Yes,2 Year,Yes,Credit card (automatic),110.8,6640.7,No
4351-QLCSU,m,0,YES,No,1.0,Yes,No,Fiber Optic,No,No,No,No,Yes,No,2 Year,Yes,Credit card (automatic),55.0,55,Yes
0939-EREMR,Male,0,no,Yes,13.0,Yes,No,fiber,No,No,Yes,Yes,No,No,2 Year,No,Mailed check,53.45,718.1,No
9389-ACWBI,Male,0,n,Yes,5.0,Yes,No,Dsl,No,No,No,No,No,No,One Year,No,Credit card (automatic),69.95,320.4,No
5419-JPRRN,f,0,y,No,1.0,Yes,Yes,fiber optic,No,No,Yes,No,Yes,Yes,month to month,Yes,Electronic check,101.45,101.45,Yes
3644-QXEHN,Male,0,YES,Yes,13.0,Yes,No,DSL,No,No,Yes,No,Yes,Yes,1 Year,No,Electronic check,97.0,1334.45,No
2911-IJORQ,Male,0,Yes,,37.0,Yes,Yes,DSL,Yes,Yes,Yes,Yes,Yes,Yes,Month-to-Month,Yes,Bank transfer (automatic),90.6,3358.65,No
5921-NGYRH,fe male,0,no,No,64.0,Yes,No,Fiberoptic,Yes,No,No,No,No,No,One Year,Yes,Mailed check,73.55,4764,No
2100-BDNSN,Female,0,y,No,5.0,Yes,Yes,dsl,No,No,Yes,Yes,Yes,No,2 year,No,Bank transfer (automatic),67.95,350.3,Yes
5998-DZLYR,f,0,Yes,No,61.0,Yes,Yes,DSL,No,Yes,No,Yes,No,Yes,Month-to-Month,Yes,Bank transfer (automatic),94.35,5703,No
0488-GSLFR,Male,0,Yes,No,1.0,Yes,No,fiber optic,No,No,No,No,No,No,month to month,Yes,Electronic check,69.5,69.5,Yes
9318-NKNFC,fe male,0,Yes,No,1.0,Yes,No,DSL,No internet service,No internet service,No internet service,No internet service,No internet service,No internet service,2 year,Yes,Mailed check,18.85,,Yes
3985-HOYPM,FEMALE,0,No,No,26.0,Yes,No,Dsl,No internet service,No internet service,No internet service,No internet service,No internet service,No internet service,Month-to-Month,No,Mailed check,19.4,525.55,No
9728-FTTVZ,FEMALE,0,n,No,1.0,Yes,No,DSL,No,No,No,No,No,No,1 Year,Yes,Electronic check,69.2,69.2,Yes
9548-LERKT,m,0,NO,No,24.0,Yes,No,DSL,No internet service,No internet service,No internet service,No internet service,No internet service,No internet service,One Year,No,Mailed check,,483.15,No
6576-FBXOJ,Male,0,Yes,No,17.0,No,No phone service,fiber,No,No,Yes,Yes,Yes,Yes,Two Year,No,Electronic check,54.6,934.8,No
4310-KEDTB,fe male,0,Yes,Yes,26.0,No,No phone service,fiber optic,No,No,Yes,No,No,No,2 Year,Yes,Mailed check,29.8,786.5,No
7254-IQWOZ,FEMALE,0,YES,No,1.0,Yes,No,fiber,No,No,No,No,No,No,One Year,Yes,Electronic check,69.65,69.65,Yes
2474-BRUCM,m,1,Yes,No,40.0,Yes,Yes,DSL,Yes,No,No,No,Yes,Yes,2 Year,No,Electronic check,101.85,4086.3,Yes
4062-HBMOS,Male,0,y,No,52.0,Yes,Yes,fiber,No,Yes,Yes,No,Yes,Yes,Two Year,,Electronic check,,5364.8,No
0742-NXBGR,Male,0,Yes,No,1.0,Yes,No,fiber optic,No,Yes,Yes,No,No,No,1 year,,Electronic check,82.3,82.3,Yes
2676-ISHSF,FEMALE,0,Yes,No,1.0,Yes,No,fiber optic,No internet service,No internet service,No internet service,No internet service,No internet service,No internet service,Two Year,No,Mailed check,20.3,20.3,No
9236-NDUCW,Male,0,no,,21.0,No,No phone service,DSL,Yes,No,No,Yes,No,No,One Year,No,Mailed check,35.1,770.4,No
4753-PADAS,fe male,0,No,No,67.0,Yes,Yes,Fiberoptic,No,Yes,Yes,No,Yes,Yes,One Year,,Bank transfer (automatic),105.7,6816.95,No
6103-QCKFX,FEMALE,0,NO,,44.0,Yes,No,Dsl,Yes,No,No,Yes,No,No,Two Year,,Bank transfer (automatic),56.25,2419.55,No
7781-EWARA,f,0,Yes,Yes,70.0,No,No phone service,dsl,No,Yes,Yes,Yes,Yes,Yes,month to month,,Electronic check,60.35,4138.7,No
6110-OHIHY,FEMALE,0,no,No,,Yes,No,DSL,No,No,No,No,Yes,No,month to month,No,Electronic check,79.25,267.6,Yes
7018-FPXHH,Male,0,n,Yes,56.0,Yes,No,fiber optic,Yes,Yes,Yes,No,No,No,2 Year,Yes,Bank transfer (automatic),59.8,3457.45,No
5889-LFOLL,f,0,YES,No,13.0,Yes,Yes,fiber optic,No,No,No,No,No,Yes,Month-to-Month,Yes,Electronic check,84.6,1115.2,Yes
5708-EVONK,FEMALE,0,y,Yes,58.0,Yes,Yes,fiber,Yes,Yes,No,No,No,Yes,Two Year,Yes,Bank transfer (automatic),93.4,5435.6,Yes
8708-XPXHZ,Male,0,Yes,Yes,42.0,Yes,Yes,fiber,No,No,No,No,Yes,Yes,1 Year,Yes,Electronic check,94.2,4186.3,Yes
0616-ATFGB,f,1,no,No,1.0,No,No phone service,Fiberoptic,No,No,No,No,No,No,2 year,No,Electronic check,25.05,25.05,Yes
0572-ZJKLT,m,0,no,Yes,46.0,Yes,Yes,fiber,Yes,No,Yes,Yes,No,Yes,2 year,No,Mailed check,99.65,4630.2,No
5135-RDDQL,Male,0,no,Yes,63.0,Yes,No,fiber,Yes,No,No,No,No,No,month to month,Yes,Bank transfer (automatic),50.65,3221.25,No
1353-LJWEM,f,0,n,No,11.0,Yes,No,Fiber Optic,No,Yes,Yes,Yes,No,No,Two Year,Yes,Electronic check,60.9,688.5,No
1794-SWWKL,Male,0,No,Yes,15.0,Yes,Yes,dsl,No,No,Yes,Yes,No,No,Month-to-Month,Yes,Bank transfer (automatic),59.65,867.1,No
6166-YIPFO,Male,0,y,No,72.0,No,No phone service,dsl,Yes,Yes,Yes,Yes,Yes,Yes,One Year,Yes,Electronic check,64.7,4746.05,No
7016-BPGEU,Male,0,NO,No,29.0,No,No phone service,Fiber Optic,No,No,No,No,No,No,1 year,Yes,Credit card (automatic),25.1,712.85,Yes
6876-ADESB,f,0,YES,Yes,1.0,Yes,No,Dsl,No,No,Yes,No,No,No,1 year,No,Electronic check,48.95,48.95,Yes
9332-GYWLO,Male,0,n,Yes,6.0,Yes,No,Fiber Optic,No,No,No,No,Yes,No,Month-to-Month,No,Electronic check,54.85,355.1,No
1963-SVUCV,f,0,y,No,1.0,Yes,No,fiber,No,No,No,No,No,No,Two Year,No,Electronic check,45.3,45.3,Yes
4184-VODJZ,Male,0,YES,Yes,63.0,Yes,Yes,fiber,No,Yes,No,No,No,Yes,2 Year,Yes,Electronic check,91.35,5764.7,No
0220-EBGCE,Male,0,no,No,2.0,Yes,No,fiber optic,No,No,Yes,No,No,Yes,month to month,Yes,Electronic check,85.85,167.3,Yes
1092-WPIVQ,Female,0,y,Yes,,Yes,Yes,fiber optic,No internet service,No internet service,No internet service,No internet service,No internet service,No internet service,One Year,No,Mailed check,25.1,428.45,No
7233-IOQNP,Male,0,No,No,43.0,No,No phone service,fiber,Yes,No,No,Yes,No,No,month to month,No,Bank transfer (automatic),34.0,1505.35,No
2834-JKOOW,m,0,no,No,15.0,No,No phone service,Fiberoptic,Yes,Yes,Yes,Yes,No,No,Month-to-Month,No,Mailed check,45.9,693.45,No
2754-VDLTR,Female,0,No,Yes,10.0,Yes,Yes,fiber,No,No,No,No,Yes,Yes,One Year,No,Electronic check,95.2,930.4,Yes
2400-FEQME,f,0,Yes,Yes,,Yes,No,fiber optic,No internet service,No internet service,No internet service,No internet service,No internet service,No internet service,2 Year,No,Mailed check,20.5,1177.95,No
3190-XFANI,Male,0,No,Yes,49.0,Yes,Yes,Fiberoptic,No,No,No,Yes,Yes,Yes,Month-to-Month,Yes,Bank transfer (automatic),100.6,,Yes
7551-DACSP,Male,0,y,Yes,6.0,Yes,No,Dsl,No,Yes,Yes,No,No,No,month to month,Yes,Mailed check,55.3,,Yes
4957-SREEC,Male,0,Yes,Yes,70.0,Yes,No,fiber optic,No internet service,No internet service,No internet service,No internet service,No internet service,No internet service,One Year,No,Credit card (automatic),20.35,1458.1,No
7235-NXZCP,f,1,Yes,No,2.0,Yes,Yes,Fiberoptic,No,No,No,No,No,No,month to month,Yes,Mailed check,74.85,156.4,Yes
0230-UBYPQ,fe male,1,YES,No,63.0,No,No phone service,Dsl,Yes,No,No,Yes,No,No,month to month,No,Bank transfer (automatic),36.1,2298.9,No
4923-ADWXJ,FEMALE,0,y,No,25.0,Yes,No,Dsl,No,Yes,No,Yes,No,Yes,1 year,Yes,Bank transfer (automatic),65.8,1679.65,No
1763-KUAAW,fe male,1,No,No,18.0,Yes,No,Fiberoptic,No internet service,No internet service,No internet service,No internet service,No internet service,No internet service,1 Year,No,Bank transfer (automatic),20.35,369.6,No
1104-TNLZA,f,1,Yes,No,28.0,Yes,Yes,fiber,No,Yes,No,Yes,Yes,Yes,Two Year,Yes,Electronic check,105.8,2998,No
5195-KPUNQ,FEMALE,1,NO,No,53.0,Yes,No,DSL,Yes,Yes,No,Yes,No,Yes,2 year,Yes,Mailed check,96.75,5206.55,No
0520-FDVVT,f,0,YES,No,35.0,Yes,No,fiber optic,No,Yes,Yes,No,Yes,Yes,Month-to-Month,Yes,Bank transfer (automatic),102.35,3626.1,Yes
3439-GVUSX,Male,0,YES,No,1.0,No,No phone service,DSL,No,No,No,No,No,No,1 Year,No,Mailed check,24.4,24.4,No
1444-VVSGW,f,0,No,No,70.0,Yes,Yes,Dsl,Yes,Yes,Yes,Yes,Yes,Yes,month to month,No,Credit card (automatic),115.65,7968.85,Yes
5712-PTIWW,Female,0,Yes,No,2.0,Yes,No,dsl,No,No,Yes,Yes,No,No,2 year,Yes,Electronic check,79.85,,Yes
5949-HGVJL,Male,0,No,No,26.0,Yes,No,dsl,No,Yes,No,Yes,Yes,Yes,1 year,Yes,Electronic check,73.05,1959.5,No
5203-XEHAX,m,0,y,No,34.0,Yes,No,DSL,Yes,Yes,No,No,No,Yes,1 year,,Electronic check,64.35,2053.05,No
1635-HDGFT,Male,0,No,,,Yes,No,DSL,No internet service,No internet service,No internet service,No internet service,No internet service,No internet service,1 year,No,Mailed check,20.5,398.55,No
3315-TOTBP,m,0,No,No,15.0,Yes,Yes,Fiberoptic,No,No,No,No,No,No,month to month,,Mailed check,76.0,1130.85,Yes
8050-XGRVL,Male,0,YES,Yes,62.0,Yes,No,fiber,Yes,No,Yes,No,No,No,2 Year,No,Credit card (automatic),54.75,3425.35,No
6661-HBGWL,Male,1,no,,42.0,Yes,Yes,Fiber Optic,No,Yes,Yes,No,Yes,Yes,2 Year,Yes,Bank transfer (automatic),104.75,,Yes
1518-VOWAV,Female,0,YES,No,9.0,Yes,No,fiber optic,Yes,Yes,No,No,Yes,Yes,2 Year,Yes,Electronic check,74.65,703.55,Yes
9828-QHFBK,FEMALE,0,Yes,No,24.0,Yes,No,fiber optic,Yes,No,No,No,No,No,Month-to-Month,Yes,Electronic check,51.15,1275.7,No
3908-MKIMJ,fe male,1,NO,No,68.0,No,No phone service,fiber,Yes,Yes,Yes,No,No,No,month to month,Yes,Electronic check,41.95,2965.75,No
5012-YSPJJ,Male,0,Yes,Yes,31.0,Yes,No,dsl,No,No,Yes,Yes,No,No,Two Year,No,Mailed check,54.35,,No
5909-ECHUI,Male,0,y,,1.0,Yes,No,Dsl,No,No,No,No,No,Yes,2 year,Yes,Electronic check,56.25,56.25,Yes
1309-BXVOQ,Male,0,no,No,21.0,Yes,Yes,fiber optic,No,No,Yes,Yes,Yes,Yes,1 Year,Yes,Electronic check,106.1,2249.95,Yes
6728-VOIFY,m,0,NO,No,63.0,Yes,No,Fiberoptic,No,Yes,No,No,Yes,Yes,Month-to-Month,Yes,Electronic check,96.0,6109.75,No
9317-WZPGV,m,1,No,No,2.0,Yes,No,Fiber Optic,No,No,No,No,No,Yes,One Year,Yes,Bank transfer (automatic),79.75,159.4,Yes
4891-NLUBA,m,0,y,Yes,61.0,No,No phone service,Fiberoptic,No,Yes,Yes,Yes,Yes,Yes,Month-to-Month,Yes,Bank transfer (automatic),61.45,3751.15,No
2856-HYAPG,m,0,no,No,,Yes,No,fiber optic,No,No,No,No,No,No,One Year,No,Electronic check,68.65,68.65,Yes
8969-PRHFK,Female,0,Yes,No,18.0,Yes,No,Dsl,No internet service,No internet service,No internet service,No internet service,No internet service,No internet service,1 year,No,Mailed check,19.65,411.25,No
0661-KQHNK,fe male,0,NO,,6.0,Yes,No,dsl,No internet service,No internet service,No internet service,No internet service,No internet service,No internet service,Two Year,No,Credit card (automatic),19.0,105.5,No
8709-KRDVL,fe male,0,YES,No,33.0,Yes,Yes,Fiber Optic,No,Yes,No,No,Yes,Yes,Month-to-Month,Yes,Electronic check,100.0,3320.6,No
4488-PSYCG,fe male,0,YES,No,16.0,Yes,No,Fiberoptic,No internet service,No internet service,No internet service,No internet service,No internet service,No internet service,One Year,No,Bank transfer (automatic),20.25,327.45,Yes
1427-VERSM,Male,0,y,No,56.0,Yes,No,dsl,No,No,Yes,Yes,Yes,Yes,2 year,Yes,Electronic check,98.7,5669.5,No
9801-NOSHQ,f,0,n,Yes,23.0,Yes,No,dsl,No internet service,No internet service,No internet service,No internet service,No internet service,No internet service,1 Year,No,Mailed check,19.8,465.45,No
6339-YPSAH,FEMALE,0,y,No,9.0,Yes,No,Fiberoptic,No,No,Yes,No,No,No,1 year,Yes,Electronic check,73.8,704.3,No
3621-CEOVK,FEMALE,1,no,No,14.0,Yes,Yes,Fiberoptic,No,Yes,No,No,Yes,Yes,1 year,Yes,Electronic check,100.2,1369.8,Yes
6906-ANDWJ,f,0,No,Yes,,Yes,Yes,Fiber Optic,No,No,No,No,No,No,1 Year,Yes,Bank transfer (automatic),74.9,1107.25,Yes
2159-TURXX,fe male,0,n,No,,Yes,No,Fiber Optic,No internet service,No internet service,No internet service,No internet service,No internet service,No internet service,1 Year,No,Credit card (automatic),20.05,95.55,No
1548-FEHVL,m,0,y,No,61.0,Yes,Yes,dsl,Yes,Yes,No,No,Yes,Yes,2 year,Yes,Electronic check,106.2,6375.2,No
3795-CAWEX,FEMALE,0,No,Yes,70.0,Yes,Yes,Dsl,Yes,Yes,Yes,Yes,Yes,Yes,Month-to-Month,Yes,Credit card (automatic),116.55,8152.3,No
6215-NQCPY,Male,0,y,No,15.0,Yes,Yes,Fiberoptic,Yes,No,No,No,Yes,Yes,2 Year,Yes,Electronic check,99.7,1566.75,No
5647-URDKA,Male,0,y,Yes,8.0,Yes,No,dsl,No internet service,No internet service,No internet service,No internet service,No internet service,No internet service,month to month,No,Mailed check,19.7,130.25,No
2229-DPMBI,Male,0,Yes,Yes,8.0,Yes,No,dsl,No internet service,No internet service,No internet service,No internet service,No internet service,No internet service,Month-to-Month,No,Mailed check,,162.15,No
9626-WEQRM,f,0,Yes,No,4.0,No,No phone service,DSL,Yes,No,No,No,No,No,2 year,Yes,Mailed check,29.15,110.05,No
2188-SXWVT,Male,0,y,No,34.0,Yes,No,Dsl,Yes,Yes,No,No,No,No,2 Year,No,Mailed check,55.0,1885.15,No
6258-PVZWJ,m,0,YES,,68.0,Yes,Yes,dsl,Yes,Yes,Yes,Yes,Yes,Yes,2 Year,Yes,Credit card (automatic),90.8,6302.85,No
1094-BKOSX,f,0,Yes,Yes,45.0,No,No phone service,DSL,No,Yes,Yes,Yes,No,Yes,2 Year,No,Bank transfer (automatic),51.0,2264.5,No
6969-MVBAI,FEMALE,1,no,,9.0,Yes,Yes,Dsl,No,No,Yes,No,Yes,No,1 Year,Yes,Electronic check,90.1,816.8,No
2978-XXSOG,m,0,y,,,Yes,Yes,DSL,Yes,No,No,Yes,No,No,2 Year,Yes,Mailed check,59.05,1253.5,No
2342-CKIAO,Female,0,NO,No,2.0,Yes,No,DSL,No internet service,No internet service,No internet service,No internet service,No internet service,No internet service,1 year,No,Mailed check,20.3,41.2,No
6953-PBDIN,FEMALE,0,y,No,70.0,Yes,Yes,Fiberoptic,No,Yes,Yes,Yes,Yes,No,Two Year,No,Bank transfer (automatic),72.95,5265.55,No
3898-BSJYF,f,0,Yes,Yes,10.0,Yes,Yes,Fiberoptic,Yes,No,Yes,Yes,No,Yes,1 Year,No,Credit card (automatic),73.55,693.3,No
3938-YFPXD,fe male,0,NO,No,72.0,Yes,Yes,Fiberoptic,Yes,No,Yes,Yes,Yes,Yes,2 Year,No,Credit card (automatic),84.3,5997.1,No
7696-AMHOD,Male,0,YES,Yes,49.0,Yes,No,Dsl,No,Yes,Yes,No,Yes,Yes,Two Year,No,Credit card (automatic),78.0,3824.2,No
2453-SAFNS,Male,1,Yes,No,54.0,Yes,Yes,DSL,No,Yes,No,Yes,Yes,No,1 year,No,Mailed check,72.1,3886.05,No
9558-IHEZX,FEMALE,0,n,No,71.0,Yes,Yes,dsl,Yes,Yes,Yes,No,Yes,Yes,2 year,Yes,Credit card (automatic),,7283.25,No
9617-UDPEU,Male,0,n,No,22.0,Yes,No,fiber optic,No internet service,No internet service,No internet service,No internet service,No internet service,No internet service,month to month,Yes,Mailed check,19.25,412.55,No
6340-DACFT,fe male,0,y,Yes,50.0,Yes,No,DSL,No internet service,No internet service,No internet service,No internet service,No internet service,No internet service,2 Year,No,Credit card (automatic),20.55,,No
4955-VCWBI,Female,0,No,Yes,43.0,Yes,No,dsl,No internet service,No internet service,No internet service,No internet service,No internet service,No internet service,Two Year,No,Mailed check,20.0,817.95,No
6813-GZQCG,Female,0,n,Yes,45.0,Yes,Yes,Fiber Optic,No internet service,No internet service,No internet service,No internet service,No internet service,No internet service,1 Year,Yes,Credit card (automatic),24.65,1171.3,No
7426-GSWPO,Female,1,Yes,No,64.0,Yes,Yes,Fiberoptic,Yes,Yes,No,No,Yes,Yes,2 year,Yes,Bank transfer (automatic),103.5,6548.65,No
3389-KTRXV,Male,0,No,Yes,23.0,Yes,Yes,fiber,No internet service,No internet service,No internet service,No internet service,No internet service,No internet service,2 year,No,Mailed check,23.85,625.65,No
3118-UHVVQ,f,0,n,No,68.0,Yes,Yes,Dsl,No internet service,No internet service,No internet service,No internet service,No internet service,No internet service,2 Year,No,Credit card (automatic),25.8,1911.5,No
1031-IIDEO,f,0,Yes,No,1.0,Yes,No,Fiberoptic,No,No,No,No,No,No,2 Year,Yes,Electronic check,70.85,,Yes
5832-XKAES,f,0,no,No,2.0,Yes,No,Dsl,No,No,No,No,No,No,One Year,Yes,Credit card (automatic),69.8,134.7,Yes
3205-MXZRA,fe male,0,Yes,No,26.0,Yes,No,fiber optic,No,No,No,Yes,Yes,No,1 Year,No,Credit card (automatic),59.45,1507,No
4701-AHWMW,fe male,0,No,No,55.0,No,No phone service,fiber,No,No,Yes,Yes,Yes,Yes,One Year,Yes,Bank transfer (automatic),54.55,,Yes
8317-BVKSO,f,0,Yes,No,14.0,Yes,No,DSL,No internet service,No internet service,No internet service,No internet service,No internet service,No internet service,2 year,Yes,Electronic check,20.05,299.3,No
5702-KVQRD,Male,0,Yes,No,71.0,Yes,No,DSL,Yes,No,Yes,Yes,Yes,Yes,1 Year,Yes,Electronic check,82.55,5832.65,No
0083-PIVIK,f,0,No,No,64.0,Yes,Yes,Fiber Optic,Yes,Yes,Yes,Yes,Yes,No,2 Year,No,Electronic check,81.25,5567.55,No
9210-IAHGH,Male,0,y,No,7.0,Yes,No,fiber optic,No,No,No,Yes,Yes,Yes,Month-to-Month,Yes,Credit card (automatic),70.75,450.8,Yes
6169-PGNCD,f,0,YES,No,57.0,Yes,No,dsl,Yes,Yes,Yes,Yes,Yes,No,2 year,Yes,Credit card (automatic),74.3,,No
0023-XUOPT,m,0,Yes,No,13.0,Yes,Yes,Dsl,No,Yes,Yes,No,Yes,No,2 Year,No,Electronic check,94.1,1215.6,Yes
4592-IWTJI,FEMALE,0,NO,Yes,3.0,No,No phone service,Dsl,Yes,No,No,No,No,No,month to month,No,Credit card (automatic),29.7,91.7,Yes
4909-JOUPP,m,1,No,No,72.0,Yes,Yes,Dsl,No,Yes,Yes,Yes,Yes,Yes,month to month,,Credit card (automatic),109.7,7898.45,No
4657-FWVFY,f,0,YES,,40.0,Yes,Yes,dsl,No,Yes,Yes,No,Yes,No,One Year,Yes,Credit card (automatic),96.35,3915.4,No
2257-BOVXD,Male,0,No,No,14.0,Yes,Yes,fiber,No,No,No,Yes,Yes,No,2 Year,Yes,Credit card (automatic),66.6,979.5,No
7729-JTEEC,f,0,NO,Yes,2.0,Yes,No,DSL,No,No,No,No,No,No,Two Year,Yes,Electronic check,44.5,,No
7632-MNYOY,m,1,no,No,66.0,Yes,Yes,Dsl,No,Yes,Yes,Yes,Yes,Yes,2 year,No,Credit card (automatic),110.9,7432.05,Yes
6518-LGAOV,fe male,0,Yes,No,38.0,Yes,Yes,Fiberoptic,No,No,Yes,Yes,Yes,Yes,2 year,Yes,Electronic check,105.0,4026.4,Yes
7242-QZLXF,f,0,YES,Yes,1.0,No,No phone service,fiber optic,No,No,No,No,No,No,Month-to-Month,Yes,Electronic check,25.3,25.3,Yes
4576-CSAJH,m,0,NO,No,22.0,Yes,No,dsl,No,Yes,No,Yes,No,No,One Year,Yes,Credit card (automatic),55.15,1193.05,Yes
1000-AJSLD,m,0,Yes,No,1.0,Yes,No,dsl,No internet service,No internet service,No internet service,No internet service,No internet service,No internet service,Month-to-Month,Yes,Mailed check,20.1,20.1,Yes
9696-RMYBA,f,0,YES,No,5.0,Yes,No,Dsl,No,No,No,No,Yes,No,2 year,Yes,Mailed check,80.1,398.55,No
8690-UPCZI,f,0,y,Yes,29.0,Yes,Yes,Fiberoptic,Yes,No,No,Yes,Yes,No,month to month,No,Bank transfer (automatic),69.05,1958.45,No
1062-LHZOD,Male,0,No,Yes,1.0,Yes,No,fiber,No,No,No,No,No,No,month to month,Yes,Mailed check,69.9,69.9,Yes
9770-LXDBK,FEMALE,0,Yes,No,,Yes,No,Fiber Optic,No internet service,No internet service,No internet service,No internet service,No internet service,No internet service,1 Year,No,Mailed check,20.4,63.15,No
4086-WITJG,m,0,n,Yes,71.0,Yes,No,dsl,No internet service,No internet service,No internet service,No internet service,No internet service,No internet service,Month-to-Month,No,Credit card (automatic),19.7,1301.1,No
8344-WFMFH,f,0,n,Yes,9.0,Yes,No,Fiberoptic,No,Yes,No,No,No,No,2 Year,Yes,Electronic check,50.1,484.05,No
9600-NAXZN,Female,0,n,No,43.0,Yes,Yes,Fiber Optic,No,Yes,No,No,Yes,Yes,1 Year,Yes,Electronic check,101.4,4528,Yes
8822-KNBHV,Male,0,NO,No,48.0,Yes,Yes,DSL,Yes,Yes,Yes,No,Yes,Yes,One Year,Yes,Credit card (automatic),83.45,3887.85,No
8404-FYDIB,fe male,0,Yes,No,26.0,Yes,Yes,dsl,Yes,Yes,No,No,No,No,Two Year,Yes,Credit card (automatic),86.65,2208.75,No
2791-SFVEW,Male,0,No,No,9.0,Yes,No,DSL,No internet service,No internet service,No internet service,No internet service,No internet service,No internet service,2 year,No,Bank transfer (automatic),20.15,238.15,No
6457-USBER,f,0,No,,1.0,Yes,No,fiber,No,No,No,No,No,Yes,Month-to-Month,Yes,Electronic check,80.8,80.8,Yes
6762-NSODU,f,0,y,Yes,46.0,Yes,No,fiber optic,No internet service,No internet service,No internet service,No internet service,No internet service,No internet service,2 year,No,Credit card (automatic),19.4,958.15,No
4662-EKDPQ,Male,0,no,No,2.0,Yes,Yes,DSL,No,No,No,No,No,Yes,One Year,No,Bank transfer (automatic),62.05,118.3,Yes
9248-OJYKK,FEMALE,1,no,No,1.0,Yes,Yes,Fiber Optic,No,No,No,No,No,No,2 Year,Yes,Electronic check,76.45,76.45,Yes
9888-ZCUMM,Female,0,No,Yes,64.0,No,No phone service,Fiber Optic,Yes,No,Yes,Yes,Yes,Yes,Month-to-Month,Yes,Bank transfer (automatic),60.05,3845.45,No
3398-FSHON,f,1,No,No,12.0,Yes,Yes,Dsl,No,Yes,No,No,Yes,No,2 Year,Yes,Electronic check,91.3,1094.5,Yes
3319-DWOEP,Male,1,YES,No,6.0,Yes,No,Fiber Optic,No,No,Yes,No,Yes,Yes,Month-to-Month,,Electronic check,95.75,,Yes
1074-WVEVG,Male,0,n,No,59.0,Yes,No,Fiber Optic,No internet service,No internet service,No internet service,No internet service,No internet service,No internet service,One Year,No,Mailed check,20.35,1267,No
9979-RGMZT,f,0,n,No,7.0,Yes,No,fiber optic,No,Yes,No,No,Yes,Yes,One Year,Yes,Mailed check,94.05,633.45,No
6437-UDQJM,m,1,NO,No,72.0,Yes,Yes,dsl,Yes,Yes,Yes,No,Yes,Yes,2 year,Yes,Credit card (automatic),84.1,6129.65,No
1226-IENZN,Male,1,YES,No,16.0,Yes,No,Dsl,No,No,No,No,No,Yes,1 Year,Yes,Electronic check,78.75,1218.25,No
2108-GLPQB,Female,0,NO,No,25.0,Yes,Yes,fiber,No,No,Yes,No,No,No,1 Year,No,Credit card (automatic),55.55,1405.3,No
9259-PACGQ,Male,0,No,No,34.0,Yes,Yes,Dsl,Yes,Yes,No,Yes,No,No,month to month,No,Electronic check,62.65,,Yes
4415-IJZTP,m,0,Yes,No,,Yes,Yes,Dsl,No,No,No,No,No,No,2 year,Yes,Electronic check,74.5,74.5,Yes
1465-VINDH,m,0,no,Yes,10.0,Yes,Yes,Fiberoptic,No,Yes,Yes,No,Yes,Yes,month to month,Yes,Credit card (automatic),102.1,1068.85,Yes
5474-LAMUQ,Male,0,y,No,,Yes,No,Dsl,No internet service,No internet service,No internet service,No internet service,No internet service,No internet service,2 year,No,Mailed check,20.1,533.9,No
3468-DRVQJ,FEMALE,0,Yes,Yes,10.0,Yes,Yes,DSL,Yes,Yes,No,No,Yes,No,Two Year,No,Electronic check,70.3,676.15,No
1122-YJBCS,Male,0,YES,No,69.0,Yes,No,fiber optic,Yes,Yes,No,No,No,No,Month-to-Month,Yes,Credit card (automatic),53.65,3804.4,No
4990-ALDGW,fe male,0,No,No,57.0,Yes,No,dsl,No internet service,No internet service,No internet service,No internet service,No internet service,No internet service,1 year,No,Mailed check,20.75,1118.8,No
4816-OKWNX,Male,0,YES,Yes,50.0,Yes,No,dsl,No,Yes,Yes,Yes,Yes,Yes,One Year,Yes,Bank transfer (automatic),103.4,5236.4,No
3315-IKYZQ,fe male,0,NO,Yes,28.0,No,No phone service,fiber optic,Yes,No,Yes,Yes,Yes,No,2 Year,No,Mailed check,50.8,1386.8,No
2810-FTLEM,f,0,NO,No,16.0,Yes,No,Fiberoptic,Yes,No,No,No,No,No,Month-to-Month,Yes,Electronic check,50.15,762.25,Yes
4747-LCAQL,Female,0,n,No,25.0,Yes,No,Fiberoptic,Yes,Yes,No,Yes,Yes,Yes,Month-to-Month,Yes,Mailed check,79.0,1902,No
3411-WLRSQ,Male,1,NO,No,3.0,Yes,No,Fiberoptic,No,Yes,No,No,No,No,Month-to-Month,Yes,Bank transfer (automatic),74.6,239.05,No
0898-XCGTF,Male,0,YES,No,61.0,Yes,Yes,Fiberoptic,No,No,No,No,Yes,Yes,2 Year,Yes,Bank transfer (automatic),96.5,5673.7,No
8006-PYCSW,m,0,No,No,2.0,Yes,No,Dsl,No internet service,No internet service,No internet service,No internet service,No internet service,No internet service,Month-to-Month,No,Mailed check,,39.8,No
8249-THVEC,FEMALE,0,YES,Yes,51.0,Yes,No,Fiberoptic,No internet service,No internet service,No internet service,No internet service,No internet service,No internet service,month to month,No,Mailed check,19.4,997.75,No
8722-PRFDV,FEMALE,0,y,,71.0,Yes,No,fiber,Yes,No,Yes,No,Yes,Yes,Month-to-Month,No,Credit card (automatic),77.55,5574.35,No
2164-SOQXL,Female,0,Yes,Yes,20.0,Yes,No,Fiber Optic,No internet service,No internet service,No internet service,No internet service,No internet service,No internet service,Two Year,No,Mailed check,20.05,406.05,No
4020-KIUDI,f,0,YES,Yes,6.0,Yes,No,fiber optic,No internet service,No internet service,No internet service,No internet service,No internet service,No internet service,2 year,No,Credit card (automatic),19.85,138.85,No
5850-BDWCY,Male,0,YES,No,6.0,Yes,No,Fiber Optic,No internet service,No internet service,No internet service,No internet service,No internet service,No internet service,One Year,No,Mailed check,20.2,123.65,No
2038-YSEZE,fe male,0,NO,No,29.0,Yes,Yes,Dsl,Yes,Yes,No,Yes,No,No,month to month,No,Mailed check,67.45,1801.1,No
0827-ITJPH,f,0,Yes,No,36.0,Yes,No,dsl,No internet service,No internet service,No internet service,No internet service,No internet service,No internet service,month to month,Yes,Credit card (automatic),18.55,689,No
8799-OXZMD,f,0,no,No,28.0,No,No phone service,Fiberoptic,No,No,Yes,No,No,No,1 year,Yes,Mailed check,29.75,790.7,No
1925-TIBLE,Male,0,No,No,7.0,Yes,Yes,DSL,No,No,No,No,Yes,No,1 year,Yes,Electronic check,86.5,582.5,Yes
1705-GUHPV,Male,0,Yes,No,63.0,Yes,Yes,DSL,No internet service,No internet service,No internet service,No internet service,No internet service,No internet service,2 Year,No,Mailed check,24.2,1618.2,No
4779-ZGICK,Male,0,YES,,48.0,Yes,Yes,Fiberoptic,No internet service,No internet service,No internet service,No internet service,No internet service,No internet service,month to month,No,Mailed check,23.55,1173.35,No
0048-PIHNL,FEMALE,0,y,No,49.0,Yes,No,Dsl,No internet service,No internet service,No internet service,No internet service,No internet service,No internet service,Month-to-Month,No,Bank transfer (automatic),20.45,900.9,No
0818-OCPZO,m,1,NO,No,27.0,Yes,Yes,fiber,No,Yes,No,No,No,No,1 year,Yes,Electronic check,81.45,2122.05,Yes
3967-KXAPS,Male,0,NO,No,72.0,Yes,Yes,fiber optic,Yes,Yes,Yes,Yes,Yes,Yes,1 year,No,Credit card (automatic),92.3,6719.9,No
1447-GIQMR,fe male,0,no,No,1.0,Yes,No,Fiber Optic,No,No,No,No,No,No,1 year,Yes,Electronic check,69.15,69.15,Yes
3704-IEAXF,m,0,NO,Yes,,No,No phone service,fiber,No,Yes,No,Yes,Yes,Yes,2 Year,No,Credit card (automatic),53.65,3784,No
6810-VCAEX,fe male,0,NO,No,47.0,No,No phone service,Fiberoptic,Yes,Yes,No,Yes,No,No,One Year,No,Credit card (automatic),39.65,1798.65,No
0674-EYYZV,fe male,0,Yes,No,1.0,Yes,No,Fiberoptic,No,No,No,No,Yes,No,1 year,Yes,Electronic check,54.65,54.65,No
4480-MBMLB,m,0,No,No,36.0,Yes,Yes,Fiber Optic,No,Yes,Yes,No,Yes,Yes,2 year,Yes,Bank transfer (automatic),104.8,3886.45,No
1395-OFUWC,Female,0,Yes,Yes,43.0,No,No phone service,fiber optic,No,Yes,No,No,No,No,One Year,No,Credit card (automatic),29.3,,No
0822-QGCXA,Male,1,Yes,No,27.0,Yes,Yes,fiber,No,Yes,Yes,Yes,Yes,Yes,2 year,No,Electronic check,83.85,2310.2,No
0872-NXJYS,Male,0,NO,No,9.0,Yes,No,Fiberoptic,No,No,No,No,No,Yes,1 year,,Electronic check,79.55,723.4,Yes
2832-KJCRD,Male,0,no,No,38.0,Yes,Yes,Fiber Optic,No,No,Yes,Yes,Yes,Yes,2 Year,,Electronic check,103.65,3988.5,No
3588-WSTTJ,Female,1,NO,No,35.0,Yes,Yes,Fiberoptic,Yes,No,No,No,Yes,Yes,1 Year,Yes,Electronic check,99.05,3554.6,No
4075-WKNIU,Male,0,Yes,Yes,0.0,Yes,Yes,DSL,No,Yes,Yes,Yes,Yes,No,Month-to-Month,No,Mailed check,73.35, ,No
5090-EMGTC,Male,0,n,No,59.0,Yes,No,Fiber Optic,No,Yes,No,Yes,Yes,Yes,1 Year,Yes,Mailed check,100.05,6034.85,No
2346-CZYIL,f,0,no,No,27.0,Yes,No,fiber,No internet service,No internet service,No internet service,No internet service,No internet service,No internet service,2 year,No,Credit card (automatic),20.35,531.6,No
3798-EPWRR,Male,1,n,No,2.0,Yes,No,fiber,No,No,No,No,No,No,Two Year,No,Electronic check,43.95,85.1,No
6258-NGCNG,fe male,0,Yes,No,7.0,Yes,Yes,Fiberoptic,No internet service,No internet service,No internet service,No internet service,No internet service,No internet service,Month-to-Month,No,Mailed check,23.5,173,No
4186-ZBUEW,FEMALE,0,no,No,36.0,Yes,Yes,Fiber Optic,No,Yes,No,Yes,No,Yes,month to month,Yes,Mailed check,70.7,2511.95,No
5274-XHAKY,f,0,No,Yes,41.0,Yes,Yes,Fiberoptic,Yes,Yes,No,No,Yes,No,1 year,Yes,Bank transfer (automatic),94.3,3893.6,No
1442-BQPVU,Female,0,No,No,13.0,No,No phone service,Fiber Optic,No,Yes,No,No,No,No,2 year,No,Electronic check,29.15,357.15,No
3978-YNKDD,Female,0,Yes,,19.0,Yes,No,DSL,No internet service,No internet service,No internet service,No internet service,No internet service,No internet service,1 Year,No,Credit card (automatic),20.85,467.5,No
4940-KHCWD,fe male,0,Yes,No,60.0,No,No phone service,fiber,Yes,Yes,No,Yes,No,No,Two Year,No,Bank transfer (automatic),37.7,2288.7,No
9412-ARGBX,m,0,y,Yes,48.0,Yes,No,Fiber Optic,No,Yes,Yes,Yes,Yes,No,month to month,Yes,Mailed check,95.5,4627.85,Yes
1389-CXMLU,m,1,Yes,No,3.0,Yes,Yes,fiber,No,No,Yes,No,Yes,No,2 Year,No,Electronic check,91.05,289.1,Yes
9589-ABEPT,Male,0,NO,No,69.0,Yes,Yes,DSL,No,Yes,No,Yes,Yes,No,Two Year,Yes,Mailed check,92.45,6460.55,No
9388-ZEYVT,fe male,0,No,No,43.0,No,No phone service,Fiberoptic,No,No,Yes,Yes,No,Yes,1 year,No,Electronic check,44.15,1931.3,No
0305-SQECB,Male,0,y,Yes,11.0,No,No phone service,Fiber Optic,Yes,No,No,Yes,No,No,One Year,Yes,Mailed check,36.05,402.6,No
7605-SNLQG,Male,0,Yes,No,45.0,Yes,No,fiber,No,No,Yes,No,No,No,Month-to-Month,,Credit card (automatic),50.25,,No
4670-TABXH,Female,0,y,No,72.0,Yes,Yes,fiber optic,No,Yes,Yes,Yes,Yes,Yes,Month-to-Month,Yes,Credit card (automatic),109.75,7758.9,No
5561-NWEVX,FEMALE,1,NO,No,,Yes,Yes,fiber,No,No,Yes,No,No,No,Month-to-Month,No,Electronic check,79.2,172.85,Yes
0064-SUDOG,Male,0,no,Yes,12.0,Yes,No,Fiberoptic,No internet service,No internet service,No internet service,No internet service,No internet service,No internet service,1 year,No,Bank transfer (automatic),,224.5,No
8561-NMTBD,FEMALE,0,Yes,Yes,67.0,Yes,Yes,fiber,No,Yes,Yes,Yes,Yes,Yes,Two Year,Yes,Credit card (automatic),,7388.45,No
5161-XEUVX,Male,0,no,No,,Yes,Yes,DSL,No,No,Yes,Yes,Yes,No,1 Year,No,Mailed check,94.3,3460.95,No
8292-FRFZQ,fe male,0,Yes,No,39.0,No,No phone service,dsl,Yes,Yes,No,Yes,No,No,1 year,No,Bank transfer (automatic),41.15,1700.9,No
8591-NXRCV,Male,0,y,No,41.0,Yes,Yes,dsl,Yes,No,Yes,Yes,No,Yes,month to month,Yes,Bank transfer (automatic),74.65,3090.65,No
7895-VONWT,Male,0,Yes,No,25.0,No,No phone service,fiber,No,No,Yes,No,Yes,Yes,One Year,Yes,Electronic check,48.25,,No
4526-RMTLL,f,0,NO,Yes,8.0,Yes,Yes,Dsl,Yes,Yes,No,Yes,No,Yes,1 year,Yes,Credit card (automatic),,645.8,No
6253-GNHWH,Male,0,no,Yes,71.0,Yes,Yes,Fiber Optic,Yes,Yes,Yes,Yes,No,No,2 Year,No,Mailed check,71.1,5224.95,No
4566-NECEV,fe male,0,y,No,5.0,Yes,Yes,Fiberoptic,No,Yes,Yes,No,No,Yes,One Year,,Electronic check,96.55,,No
8080-POTJR,m,0,Yes,No,30.0,Yes,Yes,fiber,Yes,No,Yes,No,Yes,Yes,1 Year,Yes,Credit card (automatic),79.3,,No
6906-MPARY,fe male,0,YES,No,40.0,Yes,No,fiber optic,No,Yes,No,Yes,No,Yes,month to month,Yes,Credit card (automatic),89.6,3488.15,No
3662-FXJFO,FEMALE,0,Yes,No,54.0,Yes,No,fiber optic,No internet service,No internet service,No internet service,No internet service,No internet service,No internet service,Month-to-Month,Yes,Mailed check,20.5,1035.7,No
8107-RZLNV,f,0,Yes,No,72.0,Yes,Yes,fiber,No,Yes,Yes,No,Yes,Yes,1 year,Yes,Bank transfer (automatic),106.3,7565.35,No
0516-OOHAR,Male,0,y,Yes,28.0,Yes,No,fiber,No,Yes,Yes,No,Yes,Yes,1 Year,No,Bank transfer (automatic),100.35,2799,No
2027-CWDNU,Male,0,Yes,Yes,18.0,Yes,No,Fiberoptic,No,No,No,Yes,No,Yes,Month-to-Month,Yes,Electronic check,85.6,1601.5,No
2737-WFVYW,fe male,0,NO,No,2.0,No,No phone service,fiber optic,No,No,No,No,Yes,Yes,1 Year,Yes,Electronic check,45.25,85.5,Yes
9912-OMZDS,m,0,Yes,Yes,59.0,Yes,Yes,fiber optic,No,Yes,Yes,No,Yes,Yes,2 year,Yes,Electronic check,106.15,6256.2,No
3733-ZEECP,FEMALE,0,Yes,Yes,22.0,Yes,No,Dsl,No,No,No,Yes,No,No,Month-to-Month,Yes,Electronic check,51.1,1232.9,No
7878-RTCZG,Female,0,y,No,1.0,Yes,No,Fiber Optic,No internet service,No internet service,No internet service,No internet service,No internet service,No internet service,One Year,No,Mailed check,19.9,,No
2452-MRMZF,FEMALE,1,YES,No,72.0,Yes,Yes,dsl,No internet service,No internet service,No internet service,No internet service,No internet service,No internet service,Month-to-Month,Yes,Credit card (automatic),,1937.4,No
2272-QAGFO,FEMALE,1,No,No,14.0,Yes,Yes,fiber,No,No,No,No,No,No,2 year,,Electronic check,74.3,,Yes
7103-IPXPJ,m,0,n,No,50.0,Yes,Yes,fiber,No,No,No,Yes,Yes,Yes,month to month,No,Electronic check,99.4,5059.75,No
4342-HFXWS,m,0,NO,Yes,48.0,Yes,No,fiber optic,Yes,No,Yes,Yes,Yes,No,1 Year,No,Bank transfer (automatic),69.7,3023.65,No
3545-CNWRG,f,0,No,Yes,49.0,Yes,Yes,fiber optic,No,Yes,No,No,Yes,Yes,One Year,Yes,Electronic check,98.35,4889.2,No
1785-BPHTP,FEMALE,0,n,Yes,28.0,Yes,No,fiber,No,No,Yes,No,Yes,No,Two Year,No,Electronic check,85.45,2289.9,No
4989-LIXVT,FEMALE,1,YES,No,68.0,Yes,Yes,Dsl,No,Yes,Yes,No,No,Yes,1 year,,Electronic check,95.9,6503.2,No
7315-WYOAW,fe male,0,Yes,,13.0,Yes,Yes,Fiberoptic,No,No,No,Yes,Yes,Yes,Two Year,No,Electronic check,100.75,1313.25,No
1173-XZPYF,m,0,Yes,No,11.0,Yes,Yes,fiber optic,No,No,Yes,No,Yes,No,Two Year,Yes,Electronic check,89.2,990.3,No
9850-OWRHQ,FEMALE,0,NO,No,3.0,Yes,Yes,DSL,No,No,No,No,No,No,2 year,Yes,Credit card (automatic),74.1,228,Yes
3768-NLUBH,Male,1,n,,57.0,Yes,Yes,Fiberoptic,No,No,Yes,No,Yes,Yes,2 year,,Electronic check,100.6,5746.15,Yes
8676-TRMJS,FEMALE,0,Yes,No,3.0,Yes,Yes,fiber optic,No,No,No,No,No,No,1 Year,No,Mailed check,75.0,209.1,Yes
2509-TFPJU,Male,0,Yes,,72.0,Yes,Yes,Dsl,No internet service,No internet service,No internet service,No internet service,No internet service,No internet service,2 Year,No,Credit card (automatic),25.75,1864.2,No
9530-GRMJG,Female,0,Yes,,70.0,Yes,Yes,dsl,No,Yes,Yes,Yes,Yes,Yes,1 year,Yes,Electronic check,84.1,5979.7,No
6898-RBTLU,FEMALE,0,n,Yes,49.0,Yes,Yes,Fiberoptic,No,Yes,No,Yes,Yes,Yes,One Year,No,Bank transfer (automatic),79.3,3902.45,No
5481-NTDOH,Male,1,y,No,67.0,Yes,Yes,Fiber Optic,Yes,No,Yes,No,Yes,Yes,2 Year,Yes,Credit card (automatic),107.05,7142.5,No
2068-WWXQZ,Male,0,YES,No,46.0,Yes,No,Fiberoptic,No internet service,No internet service,No internet service,No internet service,No internet service,No internet service,2 Year,No,Bank transfer (automatic),20.05,902,No
7359-SSBJK,FEMALE,1,No,No,64.0,Yes,No,DSL,Yes,Yes,No,Yes,Yes,No,2 year,,Credit card (automatic),70.2,,Yes
2061-VVFST,f,0,y,No,37.0,Yes,No,fiber,No internet service,No internet service,No internet service,No internet service,No internet service,No internet service,month to month,No,Bank transfer (automatic),19.5,805.2,No
0685-MLYYM,Male,1,y,No,2.0,Yes,No,Fiber Optic,No,No,No,No,No,No,1 year,No,Electronic check,70.75,154.85,Yes
0749-IRGQE,Male,1,y,No,13.0,No,No phone service,fiber,No,No,No,No,Yes,Yes,Two Year,No,Electronic check,45.3,528.45,No
2380-DAMQP,FEMALE,0,No,No,,Yes,Yes,Fiberoptic,Yes,Yes,Yes,Yes,Yes,Yes,Two Year,,Electronic check,115.15,8349.7,No
2256-YLYLP,Male,0,No,Yes,68.0,Yes,No,dsl,No,No,Yes,Yes,Yes,Yes,1 year,Yes,Bank transfer (automatic),72.95,4953.25,No
1272-ILHFG,fe male,0,NO,Yes,15.0,Yes,No,Dsl,No internet service,No internet service,No internet service,No internet service,No internet service,No internet service,2 Year,No,Mailed check,19.65,332.65,No
0164-XAIRP,Male,0,No,No,24.0,Yes,No,dsl,No internet service,No internet service,No internet service,No internet service,No internet service,No internet service,2 year,Yes,Bank transfer (automatic),19.55,470.2,No
5666-CYCYZ,Male,0,n,No,24.0,Yes,Yes,fiber optic,No,No,No,Yes,No,Yes,2 year,Yes,Electronic check,,2259.35,No
4011-ARPHK,fe male,0,NO,No,27.0,Yes,No,Fiber Optic,Yes,No,No,No,No,No,2 year,,Mailed check,50.35,1411.35,No
8182-PNAGI,Male,0,NO,No,12.0,Yes,No,fiber,No,No,No,Yes,No,No,2 Year,No,Bank transfer (automatic),50.25,593.75,Yes
6365-HITVU,Female,0,NO,Yes,71.0,Yes,No,DSL,Yes,Yes,Yes,Yes,Yes,Yes,month to month,No,Credit card (automatic),87.25,6328.7,No
7558-IMLMT,Male,0,n,,67.0,Yes,No,dsl,No internet service,No internet service,No internet service,No internet service,No internet service,No internet service,1 year,Yes,Mailed check,20.8,1411.9,No
9488-FYQAU,f,0,Yes,No,63.0,Yes,Yes,Fiber Optic,No,Yes,Yes,Yes,Yes,Yes,2 Year,Yes,Bank transfer (automatic),109.25,6841.4,No
3590-TCXTB,Male,0,no,No,1.0,Yes,No,Fiber Optic,No internet service,No internet service,No internet service,No internet service,No internet service,No internet service,month to month,,Mailed check,20.35,,No
6994-KERXL,fe male,0,Yes,No,4.0,Yes,No,fiber,No,No,No,No,No,Yes,month to month,Yes,Electronic check,55.9,,No
7957-RYHQD,fe male,1,n,No,40.0,Yes,No,Fiberoptic,Yes,Yes,No,No,No,No,2 Year,Yes,Credit card (automatic),79.2,3233.85,Yes
2180-DXNEG,Female,0,Yes,No,12.0,Yes,No,dsl,No,No,Yes,No,Yes,Yes,2 Year,Yes,Electronic check,96.0,1062.1,Yes
1960-UOTYM,Female,0,no,Yes,52.0,Yes,No,Fiber Optic,Yes,Yes,Yes,No,Yes,Yes,2 Year,No,Electronic check,79.2,4016.3,No
2740-JFBOK,Female,0,Yes,,10.0,Yes,Yes,Fiberoptic,No internet service,No internet service,No internet service,No internet service,No internet service,No internet service,1 year,Yes,Electronic check,24.0,226.55,No
6500-JVEGC,Male,0,No,No,68.0,Yes,Yes,dsl,Yes,Yes,Yes,No,Yes,No,1 Year,,Bank transfer (automatic),101.35,7110.75,No
5515-AKOAJ,fe male,0,Yes,No,54.0,Yes,Yes,fiber,No,No,No,Yes,Yes,Yes,2 Year,Yes,Electronic check,100.1,5440.9,Yes
8976-OQHGT,FEMALE,0,n,Yes,4.0,Yes,No,fiber,No,Yes,No,Yes,No,No,month to month,No,Mailed check,56.5,235.1,Yes
5245-VDBUR,f,0,YES,No,52.0,No,No phone service,Fiberoptic,Yes,No,Yes,No,No,No,month to month,No,Mailed check,35.45,1958.95,No
6230-BSUXY,Male,1,y,No,1.0,Yes,No,Dsl,No,No,Yes,No,No,Yes,1 Year,Yes,Electronic check,85.0,,Yes
8469-SNFFH,Male,0,no,No,70.0,Yes,Yes,Fiber Optic,Yes,Yes,Yes,Yes,Yes,No,1 Year,No,Bank transfer (automatic),79.4,5528.9,No
2144-ESWKO,Male,0,no,No,43.0,No,No phone service,DSL,Yes,No,Yes,No,No,No,2 year,Yes,Credit card (automatic),35.2,1463.7,No
1241-FPMOF,FEMALE,0,No,No,52.0,Yes,No,DSL,No internet service,No internet service,No internet service,No internet service,No internet service,No internet service,2 Year,No,Mailed check,19.65,1025.05,No
9928-BZVLZ,Female,0,NO,No,12.0,No,No phone service,Dsl,Yes,No,Yes,Yes,No,Yes,Month-to-Month,No,Mailed check,49.85,552.1,No
4114-QMKVN,fe male,0,Yes,Yes,56.0,Yes,Yes,Fiberoptic,Yes,Yes,No,No,No,Yes,One Year,No,Bank transfer (automatic),68.75,3815.4,No
2775-SEFEE,Male,0,YES,Yes,0.0,Yes,Yes,Fiberoptic,Yes,Yes,No,Yes,No,No,Month-to-Month,Yes,Bank transfer (automatic),61.9, ,No
9003-CPATH,m,0,y,No,42.0,Yes,Yes,Fiber Optic,No,No,Yes,No,No,No,2 Year,No,Electronic check,79.9,3313.4,No
1754-GKYPY,fe male,1,No,No,22.0,Yes,No,Dsl,No,No,No,No,Yes,Yes,2 Year,Yes,Bank transfer (automatic),89.75,1938.9,No
5294-CDGWY,Female,0,No,Yes,51.0,No,No phone service,Fiberoptic,Yes,Yes,Yes,No,Yes,Yes,One Year,No,Electronic check,59.3,3014.65,Yes
7956-XQWGU,Female,0,YES,No,27.0,Yes,No,Dsl,No internet service,No internet service,No internet service,No internet service,No internet service,No internet service,One Year,Yes,Credit card (automatic),19.4,460.25,No
1591-MQJTP,m,1,Yes,No,51.0,Yes,Yes,Dsl,Yes,No,Yes,No,No,Yes,2 Year,Yes,Bank transfer (automatic),93.65,4839.15,No
5295-PCJOO,Male,0,No,Yes,4.0,Yes,No,Fiberoptic,Yes,No,No,No,No,No,2 Year,Yes,Electronic check,,184.4,Yes
2369-FEVNO,Male,0,no,No,1.0,Yes,No,fiber optic,No internet service,No internet service,No internet service,No internet service,No internet service,No internet service,1 year,Yes,Mailed check,19.9,19.9,No
9863-JZAIC,Female,0,Yes,No,35.0,Yes,No,dsl,No,No,No,No,Yes,No,1 year,No,Mailed check,55.0,2010.55,Yes
7471-MQPOS,Female,1,Yes,Yes,71.0,Yes,Yes,Fiber Optic,No,Yes,Yes,Yes,No,Yes,1 year,Yes,Bank transfer (automatic),72.9,5139.65,No
7660-HDPJV,f,0,NO,No,1.0,Yes,No,DSL,No,No,No,No,No,No,1 Year,Yes,Electronic check,69.2,69.2,Yes
5115-SQAAU,Male,0,y,Yes,69.0,Yes,Yes,fiber optic,No internet service,No internet service,No internet service,No internet service,No internet service,No internet service,1 Year,Yes,Bank transfer (automatic),25.6,1673.4,No
9845-QOMAD,fe male,0,no,Yes,14.0,Yes,No,fiber optic,No internet service,No internet service,No internet service,No internet service,No internet service,No internet service,month to month,No,Mailed check,19.75,309.35,No
7672-VFMXZ,fe male,0,no,No,57.0,Yes,No,Fiber Optic,Yes,No,No,Yes,No,No,Two Year,No,Electronic check,55.7,3171.6,No
9739-JLPQJ,f,0,y,Yes,72.0,Yes,Yes,dsl,Yes,Yes,Yes,Yes,Yes,Yes,2 Year,No,Credit card (automatic),117.5,8670.1,No
9916-AYHTC,Male,0,Yes,No,48.0,Yes,No,fiber,No internet service,No internet service,No internet service,No internet service,No internet service,No internet service,2 Year,No,Credit card (automatic),19.85,916,No
3855-ONCAR,FEMALE,0,Yes,Yes,4.0,Yes,No,DSL,No,No,No,No,Yes,No,1 Year,Yes,Mailed check,78.9,299.75,No
1488-SYSFC,m,0,y,Yes,31.0,Yes,No,fiber,No internet service,No internet service,No internet service,No internet service,No internet service,No internet service,2 year,Yes,Electronic check,20.65,702.05,No
7931-PXHFC,Female,0,no,,38.0,Yes,No,Fiberoptic,No,No,Yes,Yes,No,Yes,Two Year,Yes,Mailed check,62.3,2354.8,Yes
3990-QYKBE,m,1,no,No,37.0,Yes,Yes,fiber optic,No,No,No,No,Yes,Yes,Month-to-Month,Yes,Electronic check,92.5,3473.4,Yes
0970-QXPXW,Female,0,No,No,1.0,Yes,No,dsl,No internet service,No internet service,No internet service,No internet service,No internet service,No internet service,Month-to-Month,No,Mailed check,19.65,19.65,No
3259-KNMRR,f,1,Yes,No,57.0,Yes,Yes,Fiberoptic,No,Yes,Yes,No,Yes,Yes,2 year,Yes,Bank transfer (automatic),79.75,,No
6120-RJKLU,f,1,Yes,No,62.0,Yes,No,Fiber Optic,Yes,No,Yes,Yes,Yes,Yes,month to month,Yes,Credit card (automatic),79.95,4819.75,No
9572-WUKSB,FEMALE,0,Yes,No,3.0,No,No phone service,dsl,No,No,No,Yes,No,No,1 Year,Yes,Electronic check,29.9,92.25,No
5893-KCLGT,Female,0,Yes,Yes,72.0,Yes,No,DSL,No internet service,No internet service,No internet service,No internet service,No internet service,No internet service,month to month,Yes,Mailed check,19.75,,No
0076-LVEPS,f,0,Yes,,,No,No phone service,DSL,Yes,Yes,Yes,Yes,No,No,2 Year,Yes,Mailed check,45.0,1242.45,No
3640-JQGJG,m,0,YES,Yes,13.0,Yes,No,Fiberoptic,No,No,No,No,No,No,Two Year,No,Bank transfer (automatic),,559.2,No
4919-MOAVT,fe male,0,YES,Yes,3.0,Yes,No,Dsl,No,No,No,No,No,No,Two Year,,Electronic check,69.65,220.1,Yes
1596-OQSPS,Female,0,Yes,No,11.0,Yes,No,fiber optic,No,Yes,No,No,No,No,Month-to-Month,No,Electronic check,51.1,531.15,No
9867-XOBQA,Male,0,no,Yes,21.0,No,No phone service,Dsl,Yes,Yes,Yes,Yes,Yes,No,One Year,No,Mailed check,53.15,1183.2,No
9546-KDTRB,f,0,YES,No,19.0,Yes,Yes,Fiber Optic,No internet service,No internet service,No internet service,No internet service,No internet service,No internet service,1 Year,No,Bank transfer (automatic),24.7,465.85,No
3090-HAWSU,fe male,0,no,No,61.0,Yes,Yes,fiber,Yes,No,Yes,Yes,Yes,Yes,month to month,Yes,Credit card (automatic),111.6,6876.05,Yes
9820-RMCQV,FEMALE,0,n,No,11.0,Yes,No,Dsl,Yes,No,No,No,No,No,One Year,No,Credit card (automatic),48.55,501,Yes
3174-RKMOW,m,0,n,Yes,35.0,Yes,Yes,fiber optic,No,Yes,Yes,Yes,Yes,Yes,One Year,Yes,Electronic check,109.95,3782.4,No
1760-CAZHT,m,0,n,Yes,,Yes,No,Dsl,No internet service,No internet service,No internet service,No internet service,No internet service,No internet service,2 Year,No,Mailed check,20.8,460.2,No
7839-QRKXN,f,0,y,No,1.0,Yes,No,DSL,No internet service,No internet service,No internet service,No internet service,No internet service,No internet service,1 Year,,Mailed check,20.2,20.2,Yes
8441-SHIPE,FEMALE,0,y,No,67.0,Yes,Yes,DSL,No internet service,No internet service,No internet service,No internet service,No internet service,No internet service,month to month,Yes,Bank transfer (automatic),25.6,1790.35,No
5204-QZXPU,f,0,no,No,19.0,No,No phone service,Dsl,No,No,Yes,No,Yes,No,2 Year,Yes,Electronic check,39.65,733.35,Yes
4597-ELFTS,fe male,0,y,No,56.0,Yes,Yes,dsl,No internet service,No internet service,No internet service,No internet service,No internet service,No internet service,Month-to-Month,No,Electronic check,24.9,,Yes
1320-GVNHT,FEMALE,0,No,Yes,72.0,Yes,Yes,Dsl,Yes,Yes,Yes,No,Yes,Yes,Two Year,,Credit card (automatic),108.4,7767.25,No
1047-RNXZV,m,0,Yes,No,43.0,Yes,No,Fiberoptic,No internet service,No internet service,No internet service,No internet service,No internet service,No internet service,One Year,No,Mailed check,19.55,876.15,No
3541-ZNUHK,Female,0,NO,Yes,55.0,Yes,Yes,Fiberoptic,Yes,Yes,No,No,No,No,1 year,Yes,Electronic check,,4600.95,No
8450-JOVAH,m,0,Yes,Yes,2.0,Yes,Yes,dsl,Yes,No,No,No,No,No,One Year,No,Mailed check,56.7,113.55,Yes
8725-JEDFD,m,0,y,No,27.0,Yes,No,Dsl,No,No,No,No,No,No,2 year,Yes,Mailed check,69.05,1793.25,No
7562-UXTPG,Male,0,No,No,13.0,Yes,No,DSL,No,No,No,No,No,No,month to month,Yes,Mailed check,70.15,886.7,No
8071-SBTRN,Male,0,n,No,70.0,Yes,Yes,Dsl,Yes,Yes,Yes,No,Yes,Yes,1 year,Yes,Mailed check,111.15,7737.55,No
1113-IUJYX,Male,0,YES,No,14.0,Yes,No,fiber,Yes,Yes,No,Yes,Yes,Yes,1 Year,,Mailed check,105.95,,Yes
6668-CNMFP,Female,0,no,Yes,19.0,Yes,Yes,dsl,No,No,No,Yes,No,Yes,1 Year,Yes,Bank transfer (automatic),89.35,,No
5626-MGTUK,Male,0,No,No,20.0,Yes,Yes,fiber optic,Yes,No,No,No,Yes,No,One Year,Yes,Bank transfer (automatic),89.1,1879.25,No
5681-LLOEI,FEMALE,0,n,Yes,,Yes,Yes,Fiberoptic,Yes,No,Yes,Yes,No,No,Two Year,Yes,Credit card (automatic),91.25,4013.8,No
8212-DJRCH,Female,0,no,Yes,5.0,Yes,No,Dsl,Yes,No,Yes,No,No,Yes,2 year,Yes,Mailed check,90.35,434.5,No
4323-OHFOW,Female,1,Yes,No,70.0,Yes,Yes,Fiberoptic,No,Yes,No,Yes,Yes,Yes,Month-to-Month,Yes,Bank transfer (automatic),105.55,7195.35,No
4933-BSAIP,m,0,Yes,No,40.0,Yes,No,Fiberoptic,No internet service,No internet service,No internet service,No internet service,No internet service,No internet service,1 year,No,Mailed check,19.1,780.1,No
2030-BTZRO,fe male,0,Yes,Yes,6.0,Yes,No,Fiberoptic,No internet service,No internet service,No internet service,No internet service,No internet service,No internet service,month to month,Yes,Credit card (automatic),20.4,107.6,No
1116-DXXDF,Male,0,y,No,39.0,Yes,No,DSL,Yes,No,Yes,No,Yes,Yes,1 Year,Yes,Electronic check,100.45,3801.7,No
9274-CNFMO,f,1,Yes,No,4.0,Yes,Yes,fiber optic,No,No,No,No,No,No,Month-to-Month,No,Electronic check,74.95,,Yes
7758-XKCBS,f,0,NO,No,15.0,No,No phone service,Fiber Optic,No,No,No,Yes,No,No,2 Year,Yes,Electronic check,29.7,,Yes
8992-JQYUN,fe male,0,no,No,1.0,No,No phone service,fiber,No,No,Yes,No,Yes,Yes,One Year,Yes,Electronic check,,50.35,Yes
6563-VNPMN,fe male,1,n,No,45.0,Yes,No,fiber,Yes,Yes,No,Yes,No,No,Two Year,Yes,Bank transfer (automatic),85.7,3778.1,No
0617-AQNWT,Male,0,n,No,64.0,No,No phone service,Fiber Optic,Yes,No,Yes,Yes,No,Yes,1 year,No,Electronic check,47.85,,Yes
2267-WTPYD,FEMALE,1,YES,No,57.0,Yes,Yes,Fiberoptic,No,Yes,Yes,No,No,Yes,1 Year,No,Credit card (automatic),94.0,5438.95,No
0270-THENM,fe male,0,y,Yes,72.0,Yes,Yes,dsl,Yes,Yes,Yes,Yes,No,No,One Year,No,Bank transfer (automatic),69.85,5102.35,No
2446-PLQVO,Female,0,n,No,1.0,Yes,No,Dsl,No,No,No,No,No,No,month to month,Yes,Electronic check,70.3,70.3,Yes
4707-MAXGU,fe male,0,no,No,72.0,Yes,Yes,Dsl,No internet service,No internet service,No internet service,No internet service,No internet service,No internet service,Two Year,No,Credit card (automatic),25.85,1872.2,No
2710-WYVXG,Male,0,NO,No,3.0,Yes,No,Fiber Optic,Yes,Yes,No,Yes,No,Yes,1 year,No,Mailed check,71.1,213.35,No
3005-NFMTA,Male,1,y,No,55.0,Yes,Yes,Fiber Optic,Yes,No,No,No,Yes,Yes,1 year,,Electronic check,,5617.75,Yes
6300-BWMJX,Female,0,No,No,59.0,Yes,Yes,DSL,No,No,Yes,Yes,Yes,No,month to month,No,Electronic check,93.35,5386.5,No
8784-CGILN,Male,0,Yes,No,18.0,Yes,Yes,Fiber Optic,No,No,No,Yes,Yes,Yes,1 Year,Yes,Bank transfer (automatic),99.85,1776.95,Yes
5389-FFVKB,fe male,1,NO,No,32.0,Yes,No,Dsl,No,No,No,No,No,Yes,One Year,Yes,Credit card (automatic),80.3,2483.05,Yes
7009-LGECI,FEMALE,0,y,No,4.0,Yes,No,DSL,Yes,No,No,No,No,No,month to month,Yes,Bank transfer (automatic),50.55,235.65,No
8444-WRIDW,FEMALE,1,YES,No,66.0,Yes,Yes,Fiber Optic,No,Yes,No,No,No,No,One Year,Yes,Credit card (automatic),80.45,5224.35,Yes
5022-KVDQT,FEMALE,0,y,No,27.0,Yes,Yes,Dsl,No,No,Yes,No,No,No,Month-to-Month,Yes,Electronic check,,2272.8,No
7976-CICYS,fe male,0,NO,No,4.0,Yes,No,Fiber Optic,No internet service,No internet service,No internet service,No internet service,No internet service,No internet service,One Year,Yes,Credit card (automatic),20.7,83.75,No
1036-GUDCL,m,0,NO,Yes,60.0,Yes,No,fiber,Yes,Yes,No,Yes,Yes,Yes,One Year,Yes,Credit card (automatic),79.05,4663.4,No
2005-DWQZJ,fe male,0,no,Yes,8.0,Yes,No,Dsl,No internet service,No internet service,No internet service,No internet service,No internet service,No internet service,1 Year,No,Mailed check,19.05,201.7,No
8148-WOCMK,FEMALE,0,y,Yes,8.0,Yes,No,Dsl,No internet service,No internet service,No internet service,No internet service,No internet service,No internet service,1 year,No,Credit card (automatic),19.6,125,No
7815-PDTHL,Male,0,no,No,35.0,Yes,No,fiber,No internet service,No internet service,No internet service,No internet service,No internet service,No internet service,One Year,Yes,Mailed check,20.2,684.4,No
9451-LPGOO,fe male,0,No,No,,Yes,Yes,Dsl,No,No,No,No,No,Yes,One Year,Yes,Electronic check,86.8,620.35,Yes
9173-IVZVP,Female,0,n,Yes,53.0,Yes,No,dsl,No internet service,No internet service,No internet service,No internet service,No internet service,No internet service,1 year,,Mailed check,20.9,1146.05,No
9129-UXERG,f,1,Yes,No,18.0,Yes,Yes,DSL,No,Yes,No,Yes,Yes,Yes,One Year,Yes,Credit card (automatic),,1806.35,No
3635-JBPSG,m,0,n,No,15.0,No,No phone service,fiber optic,No,Yes,No,No,No,Yes,1 Year,Yes,Mailed check,38.8,603,No
7964-ZRKKG,f,0,Yes,No,67.0,Yes,Yes,Dsl,No,Yes,No,No,Yes,No,1 Year,Yes,Bank transfer (automatic),88.4,5798.3,No
5868-YWPDW,Male,1,y,No,6.0,Yes,No,Dsl,No,Yes,No,No,No,Yes,2 Year,Yes,Electronic check,84.2,519.15,Yes
6229-LSCKB,f,1,n,No,,Yes,No,fiber optic,No,No,No,No,Yes,No,2 year,Yes,Electronic check,79.7,497.6,No
2025-JKFWI,Male,0,YES,No,13.0,Yes,Yes,fiber,No,No,No,Yes,Yes,Yes,2 year,Yes,Mailed check,99.0,1301.7,Yes
4078-SAYYN,f,0,YES,No,11.0,Yes,Yes,fiber,No,No,Yes,No,Yes,Yes,1 Year,,Electronic check,100.75,1129.75,Yes
1724-IQWNM,fe male,0,n,,1.0,Yes,No,Fiberoptic,No internet service,No internet service,No internet service,No internet service,No internet service,No internet service,1 Year,Yes,Mailed check,19.3,19.3,No
8217-QYOHV,Male,0,YES,No,5.0,Yes,No,Fiber Optic,Yes,No,No,Yes,No,No,Two Year,Yes,Mailed check,55.75,266.95,No
5546-QUERU,Female,0,No,No,,Yes,No,fiber,No internet service,No internet service,No internet service,No internet service,No internet service,No internet service,One Year,Yes,Mailed check,19.95,257,No
9940-HPQPG,FEMALE,0,Yes,No,9.0,Yes,Yes,DSL,Yes,Yes,Yes,No,No,No,2 Year,No,Bank transfer (automatic),91.75,865.8,Yes
6897-UUBNU,fe male,0,No,No,29.0,Yes,No,dsl,No,Yes,No,Yes,Yes,No,month to month,No,Mailed check,89.65,2623.65,No
6127-IYJOZ,Male,1,no,No,1.0,Yes,No,Dsl,No,No,No,No,No,No,Two Year,Yes,Mailed check,45.85,,No
6618-RYATB,f,0,YES,No,1.0,Yes,Yes,DSL,No,No,Yes,No,No,No,1 Year,Yes,Mailed check,79.55,79.55,Yes
8930-XOTDP,Male,0,n,Yes,18.0,Yes,No,DSL,No,No,No,No,Yes,No,1 year,No,Mailed check,55.95,1082.8,No
5916-QEWPT,f,0,Yes,No,2.0,Yes,No,Dsl,No,No,Yes,No,Yes,Yes,Two Year,No,Credit card (automatic),69.0,147.8,No
5060-TQUQN,fe male,0,n,Yes,30.0,Yes,Yes,Fiberoptic,No,Yes,No,Yes,No,No,2 year,Yes,Bank transfer (automatic),,2570.2,No
0531-XBKMM,fe male,0,y,Yes,66.0,Yes,Yes,fiber optic,Yes,Yes,No,Yes,No,No,1 year,No,Bank transfer (automatic),65.7,4378.9,No
8465-SBRXP,FEMALE,0,y,Yes,38.0,Yes,Yes,Dsl,No,No,Yes,Yes,Yes,No,One Year,Yes,Bank transfer (automatic),94.9,3616.25,No
2408-PSJVE,Male,0,no,Yes,44.0,Yes,No,Fiber Optic,No,Yes,Yes,Yes,No,No,month to month,Yes,Mailed check,61.9,2924.05,No
9079-YEXQJ,FEMALE,0,Yes,,54.0,Yes,Yes,dsl,No,Yes,Yes,Yes,Yes,Yes,2 year,No,Electronic check,111.1,6014.85,Yes
9700-ZCLOT,FEMALE,0,No,No,,Yes,No,fiber optic,No internet service,No internet service,No internet service,No internet service,No internet service,No internet service,Month-to-Month,No,Mailed check,20.0,32.7,No
8738-JOKAR,Male,0,YES,No,,Yes,No,fiber optic,Yes,Yes,No,Yes,No,Yes,Month-to-Month,Yes,Mailed check,67.7,2882.25,No
4534-WGCIR,Male,0,Yes,Yes,58.0,Yes,Yes,dsl,No internet service,No internet service,No internet service,No internet service,No internet service,No internet service,month to month,No,Credit card (automatic),25.15,1509.9,No
1930-WNXSB,Female,0,NO,Yes,58.0,Yes,No,Dsl,No,Yes,No,No,Yes,Yes,1 Year,Yes,Electronic check,92.85,5305.05,No
2685-SREOM,Male,0,Yes,Yes,25.0,Yes,Yes,fiber optic,No,No,Yes,No,No,Yes,1 year,Yes,Electronic check,89.1,2368.4,Yes
3508-CFVZL,fe male,0,No,No,71.0,Yes,Yes,Fiber Optic,Yes,Yes,Yes,Yes,Yes,Yes,Month-to-Month,No,Mailed check,111.3,7985.9,No
0402-CQAJN,m,0,NO,No,37.0,Yes,Yes,Fiber Optic,No,Yes,Yes,No,Yes,Yes,Month-to-Month,Yes,Bank transfer (automatic),101.9,3545.35,Yes
6692-UDPJC,Male,0,y,Yes,14.0,Yes,Yes,dsl,No,No,No,Yes,Yes,No,2 Year,Yes,Electronic check,91.65,1301,Yes
1273-MTETI,fe male,1,NO,,4.0,Yes,Yes,fiber,No,No,Yes,No,No,Yes,One Year,,Electronic check,88.85,372.45,Yes
0657-DOGUM,FEMALE,0,YES,No,48.0,Yes,Yes,Dsl,Yes,No,No,Yes,No,No,Month-to-Month,Yes,Bank transfer (automatic),60.6,2985.25,No
5480-HPRRX,f,1,YES,No,3.0,No,No phone service,DSL,No,No,No,No,No,No,month to month,No,Electronic check,25.3,77.75,Yes
8792-AOROI,Male,0,YES,No,,Yes,No,Fiberoptic,Yes,No,No,Yes,No,Yes,One Year,No,Mailed check,65.5,564.35,No
0295-PPHDO,FEMALE,0,n,No,1.0,Yes,Yes,Dsl,No,No,No,No,Yes,Yes,2 Year,Yes,Electronic check,95.45,95.45,Yes
5146-YYFRZ,Male,0,No,No,67.0,Yes,No,fiber optic,No internet service,No internet service,No internet service,No internet service,No internet service,No internet service,2 Year,No,Bank transfer (automatic),19.95,1311.75,No
1195-OIYEJ,Female,0,No,No,13.0,Yes,No,Fiberoptic,No,No,No,No,Yes,Yes,2 year,Yes,Electronic check,91.1,1135.7,Yes
5906-CVLHP,FEMALE,0,no,Yes,45.0,Yes,No,Fiber Optic,No,Yes,No,Yes,No,No,1 year,Yes,Credit card (automatic),54.15,2319.8,Yes
3452-SRFEG,Female,0,Yes,No,49.0,Yes,Yes,fiber,No,No,No,No,No,No,2 Year,Yes,Bank transfer (automatic),74.6,3720.35,No
4070-OKWVH,Male,0,NO,No,52.0,Yes,Yes,Dsl,No,Yes,Yes,No,Yes,No,2 year,No,Bank transfer (automatic),94.6,5025.8,No
5297-MDOIR,fe male,0,No,No,63.0,Yes,No,fiber,Yes,No,Yes,No,No,No,month to month,Yes,Credit card (automatic),81.15,5224.5,No
6369-MCAKO,Female,0,n,Yes,68.0,Yes,Yes,Fiber Optic,Yes,Yes,Yes,Yes,Yes,Yes,2 year,Yes,Bank transfer (automatic),89.05,6185.8,No
4926-UMJZD,fe male,0,NO,No,31.0,Yes,No,DSL,No,No,No,Yes,No,No,1 Year,Yes,Mailed check,49.2,1498.55,No
6848-HJTXY,fe male,0,NO,No,64.0,Yes,No,fiber optic,No internet service,No internet service,No internet service,No internet service,No internet service,No internet service,1 Year,No,Credit card (automatic),19.45,1208.6,No
6341-AEVKX,m,0,YES,No,62.0,Yes,No,DSL,Yes,No,Yes,Yes,Yes,Yes,1 Year,Yes,Electronic check,104.3,6613.65,No
4501-EQDRN,FEMALE,0,YES,No,1.0,Yes,No,DSL,No,No,No,No,No,No,2 Year,No,Bank transfer (automatic),69.7,69.7,Yes
2990-HWIML,Male,0,Yes,No,6.0,Yes,No,fiber optic,No,No,No,No,Yes,Yes,Month-to-Month,Yes,Electronic check,89.5,573.3,Yes
0682-USIXD,Male,0,no,No,21.0,Yes,No,DSL,No,No,No,Yes,Yes,No,2 Year,Yes,Electronic check,86.05,1818.9,No
6976-BWGLQ,Female,0,Yes,Yes,72.0,Yes,Yes,DSL,No internet service,No internet service,No internet service,No internet service,No internet service,No internet service,1 Year,No,Bank transfer (automatic),25.2,1787.35,No
7078-NVFAM,m,0,no,Yes,32.0,No,No phone service,fiber,Yes,Yes,No,No,No,No,month to month,Yes,Electronic check,35.15,1051.05,No
8065-QBYTO,m,1,YES,No,71.0,Yes,Yes,dsl,Yes,Yes,No,Yes,Yes,No,Two Year,Yes,Credit card (automatic),99.65,7181.25,No
2133-TSRRM,Male,0,Yes,Yes,34.0,Yes,No,Dsl,Yes,Yes,Yes,No,Yes,Yes,Month-to-Month,Yes,Bank transfer (automatic),105.35,3688.6,No
7384-GHBPI,FEMALE,0,NO,No,3.0,No,No phone service,fiber,No,No,No,No,No,Yes,Two Year,,Electronic check,35.15,99.75,Yes
7603-USHJS,Male,0,Yes,Yes,12.0,Yes,Yes,Fiber Optic,No,No,No,No,No,No,1 Year,Yes,Credit card (automatic),73.75,871.4,Yes
7234-FECYN,f,1,y,No,8.0,Yes,Yes,dsl,No,No,Yes,No,Yes,Yes,1 Year,No,Electronic check,101.35,780.5,Yes
2511-ALLCS,Male,0,Yes,Yes,35.0,Yes,Yes,fiber,No internet service,No internet service,No internet service,No internet service,No internet service,No internet service,Month-to-Month,No,Bank transfer (automatic),,821.6,No
3191-CSNMG,Male,0,NO,Yes,3.0,Yes,No,fiber optic,No,No,No,No,Yes,No,Two Year,Yes,Electronic check,80.7,,No
7952-OBOYL,f,0,Yes,No,3.0,Yes,No,fiber,No,No,Yes,Yes,Yes,No,1 Year,Yes,Mailed check,89.85,244.45,No
7470-DYNOE,FEMALE,0,n,No,,Yes,No,Fiber Optic,No,No,Yes,No,No,Yes,month to month,Yes,Electronic check,61.1,3357.9,No
7853-OETYL,FEMALE,0,n,No,4.0,No,No phone service,Fiber Optic,Yes,No,No,No,No,No,1 Year,Yes,Electronic check,29.05,129.6,No
1545-ACTAS,FEMALE,0,Yes,Yes,48.0,Yes,No,fiber,Yes,No,Yes,No,Yes,Yes,2 year,Yes,Bank transfer (automatic),99.7,4977.2,No
5876-HZVZM,m,0,NO,Yes,6.0,Yes,No,DSL,Yes,Yes,No,No,No,No,One Year,No,Credit card (automatic),55.9,365.35,Yes
1400-MMYXY,f,1,YES,,3.0,Yes,Yes,Dsl,No,Yes,Yes,No,Yes,Yes,Month-to-Month,Yes,Electronic check,105.9,334.65,Yes
5126-RCXYW,m,0,n,,54.0,No,No phone service,fiber,No,No,Yes,Yes,No,Yes,2 Year,No,Credit card (automatic),46.0,2424.05,No
3085-QUOZK,f,0,no,No,,Yes,No,dsl,No,No,No,No,No,No,1 Year,No,Mailed check,43.95,43.95,Yes
2363-BJLSL,m,0,YES,No,62.0,Yes,No,DSL,No,Yes,Yes,Yes,Yes,Yes,1 Year,Yes,Bank transfer (automatic),80.4,4981.15,No
1956-YIFGE,m,0,n,Yes,,Yes,No,DSL,No,Yes,Yes,No,Yes,Yes,One Year,Yes,Mailed check,100.05,2090.25,No
3926-CUQZX,f,0,Yes,No,1.0,Yes,No,dsl,No,No,No,No,No,No,One Year,Yes,Bank transfer (automatic),45.1,45.1,Yes
7921-LMDFQ,Male,1,No,No,51.0,Yes,No,DSL,No,No,Yes,No,Yes,Yes,2 Year,Yes,Bank transfer (automatic),94.0,4905.75,No
2925-MXLSX,FEMALE,0,Yes,No,30.0,Yes,Yes,Fiberoptic,No,Yes,Yes,No,Yes,No,Two Year,Yes,Credit card (automatic),68.95,2038.7,No
5820-PTRYM,Male,1,NO,No,,Yes,Yes,Dsl,Yes,Yes,Yes,Yes,No,No,Month-to-Month,Yes,Credit card (automatic),68.45,4014,No
9609-BENEA,m,0,no,No,35.0,Yes,Yes,dsl,No,Yes,No,Yes,Yes,No,Month-to-Month,Yes,Electronic check,69.0,2441.7,No
6211-WHMYA,FEMALE,1,y,No,64.0,No,No phone service,dsl,No,Yes,No,Yes,Yes,No,2 Year,,Electronic check,43.85,2751,No
4459-BBGHE,f,0,No,Yes,30.0,No,No phone service,fiber optic,No,No,No,No,Yes,Yes,One Year,Yes,Electronic check,44.5,1307.8,No
9945-PSVIP,Female,0,No,Yes,,Yes,No,DSL,No internet service,No internet service,No internet service,No internet service,No internet service,No internet service,2 Year,Yes,Mailed check,18.7,383.65,No
1041-RXHRA,fe male,0,NO,No,41.0,Yes,No,dsl,No,No,No,No,No,No,2 Year,No,Bank transfer (automatic),70.25,2868.05,Yes
1750-CSKKM,FEMALE,0,No,Yes,,Yes,No,DSL,No,No,No,No,Yes,No,month to month,No,Electronic check,55.35,449.75,Yes
9108-EJFJP,Male,0,Yes,No,1.0,Yes,No,fiber optic,Yes,Yes,No,No,No,No,1 Year,Yes,Mailed check,53.55,53.55,No
0530-IJVDB,m,0,no,,70.0,Yes,Yes,Dsl,Yes,Yes,Yes,Yes,Yes,Yes,Month-to-Month,Yes,Electronic check,114.6,7882.5,No
0508-SQWPL,FEMALE,0,YES,Yes,57.0,Yes,No,Dsl,No internet service,No internet service,No internet service,No internet service,No internet service,No internet service,Month-to-Month,Yes,Bank transfer (automatic),20.1,1087.7,No
2215-ZAFGX,f,0,no,No,9.0,Yes,Yes,dsl,No,No,No,No,Yes,No,1 year,Yes,Electronic check,,791.7,No
8213-TAZPM,Male,0,no,Yes,69.0,Yes,Yes,fiber optic,No,Yes,Yes,Yes,Yes,Yes,month to month,Yes,Bank transfer (automatic),108.75,7493.05,No
7142-HVGBG,FEMALE,1,y,No,43.0,Yes,Yes,fiber optic,No,Yes,Yes,No,Yes,Yes,One Year,Yes,Electronic check,103.0,,Yes
1304-SEGFY,Female,0,y,No,72.0,Yes,Yes,Dsl,No,No,Yes,No,Yes,Yes,Two Year,Yes,Electronic check,97.85,6841.3,No
7242-EDTYC,FEMALE,0,Yes,Yes,,Yes,No,fiber,No internet service,No internet service,No internet service,No internet service,No internet service,No internet service,month to month,No,Bank transfer (automatic),19.55,819.95,No
2904-GGUAZ,Male,0,y,No,,Yes,Yes,Dsl,Yes,Yes,No,No,No,No,1 Year,Yes,Bank transfer (automatic),84.05,6052.25,No
8267-ZNYVZ,fe male,0,n,No,33.0,Yes,No,Dsl,Yes,No,Yes,Yes,Yes,Yes,One Year,Yes,Electronic check,103.75,3361.05,Yes
5136-GFPMB,Male,0,no,No,54.0,Yes,Yes,fiber,No,No,Yes,No,No,Yes,month to month,No,Credit card (automatic),89.4,4869.5,No
2595-KIWPV,m,0,Yes,Yes,27.0,Yes,No,Dsl,No internet service,No internet service,No internet service,No internet service,No internet service,No internet service,month to month,No,Credit card (automatic),19.7,,No
5243-SAOTC,Female,0,Yes,No,54.0,Yes,Yes,fiber optic,No,Yes,No,No,No,No,month to month,Yes,Bank transfer (automatic),79.85,4308.25,No
9398-MMQTO,FEMALE,0,Yes,No,3.0,Yes,No,fiber,No,Yes,No,No,No,No,2 year,No,Credit card (automatic),74.45,221.1,No
7619-PLRLP,m,0,NO,No,53.0,Yes,Yes,Fiberoptic,Yes,Yes,Yes,No,No,Yes,2 year,No,Bank transfer (automatic),74.1,3833.95,No
6457-GIRWB,FEMALE,0,No,No,1.0,Yes,No,dsl,No,No,No,No,No,No,month to month,Yes,Electronic check,69.35,,Yes
6508-NJYRO,Female,0,YES,No,15.0,Yes,No,Fiber Optic,No internet service,No internet service,No internet service,No internet service,No internet service,No internet service,month to month,No,Mailed check,18.8,294.95,No
1450-SKCVI,fe male,0,no,No,56.0,Yes,No,DSL,No,Yes,No,No,No,No,2 year,Yes,Electronic check,73.85,4092.85,Yes
4710-NKCAW,Female,0,Yes,Yes,5.0,Yes,Yes,fiber,Yes,Yes,No,Yes,No,No,Two Year,No,Credit card (automatic),64.4,316.9,No
5306-BVTKJ,m,0,no,Yes,48.0,Yes,No,Dsl,No,Yes,Yes,No,No,No,Month-to-Month,Yes,Credit card (automatic),55.8,2651.2,No
0357-NVCRI,Male,0,n,Yes,25.0,Yes,No,Fiberoptic,No internet service,No internet service,No internet service,No internet service,No internet service,No internet service,1 Year,No,Credit card (automatic),20.05,471.7,No
5570-PTWEH,fe male,0,NO,No,3.0,Yes,Yes,DSL,No,No,No,No,No,No,1 year,Yes,Credit card (automatic),75.15,216.75,Yes
2371-KFUOG,FEMALE,0,No,No,58.0,Yes,No,dsl,Yes,Yes,No,No,Yes,Yes,One Year,No,Bank transfer (automatic),99.15,5720.95,No
0463-ZSDNT,Male,0,YES,No,10.0,Yes,No,Fiberoptic,No,No,No,No,No,Yes,2 year,Yes,Bank transfer (automatic),56.75,503.25,No
6502-MJQAE,f,0,y,No,1.0,Yes,No,fiber optic,No,No,No,No,No,No,2 Year,Yes,Electronic check,69.6,69.6,Yes
6257-DTAYD,FEMALE,0,no,No,71.0,Yes,Yes,DSL,No,Yes,No,Yes,Yes,Yes,2 Year,Yes,Credit card (automatic),104.15,7365.3,No
4616-ULAOA,Female,0,Yes,Yes,65.0,Yes,Yes,fiber,No,Yes,Yes,Yes,Yes,Yes,2 Year,Yes,Credit card (automatic),110.8,,No
7693-LCKZL,f,0,No,Yes,,Yes,Yes,Dsl,No,Yes,No,No,No,No,Two Year,Yes,Electronic check,80.15,385,Yes
7746-AWNQW,Male,0,YES,No,28.0,No,No phone service,fiber,No,No,Yes,Yes,No,No,1 year,Yes,Mailed check,35.75,961.4,No
5996-EBTKM,Male,0,No,Yes,67.0,Yes,Yes,dsl,No,No,Yes,Yes,No,Yes,month to month,Yes,Bank transfer (automatic),,4615.9,No
2758-RNWXS,m,0,y,No,35.0,Yes,No,Dsl,Yes,No,No,Yes,No,Yes,1 year,Yes,Electronic check,89.2,3251.3,No
2314-TNDJQ,FEMALE,0,NO,Yes,72.0,No,No phone service,fiber,Yes,Yes,Yes,Yes,No,Yes,Month-to-Month,No,Credit card (automatic),55.65,3880.05,No
2405-LBMUW,Male,0,NO,,61.0,No,No phone service,Fiberoptic,Yes,Yes,No,Yes,No,Yes,2 Year,Yes,Bank transfer (automatic),50.7,3088.75,No
3454-JFUBC,Male,1,n,No,68.0,Yes,No,Fiber Optic,No internet service,No internet service,No internet service,No internet service,No internet service,No internet service,month to month,Yes,Credit card (automatic),20.0,1396,No
0032-PGELS,Female,0,NO,Yes,1.0,No,No phone service,fiber optic,Yes,No,No,No,No,No,2 Year,No,Bank transfer (automatic),30.5,30.5,Yes
9039-ZVJDC,f,0,no,No,3.0,Yes,No,fiber optic,No internet service,No internet service,No internet service,No internet service,No internet service,No internet service,2 Year,Yes,Mailed check,19.1,53.05,No
6797-LNAQX,fe male,0,y,Yes,70.0,Yes,Yes,Fiber Optic,No,Yes,No,No,Yes,Yes,1 Year,No,Bank transfer (automatic),98.3,6859.5,Yes
9013-AQORL,Male,0,YES,Yes,48.0,No,No phone service,fiber,No,Yes,Yes,No,No,Yes,Month-to-Month,,Credit card (automatic),45.55,2108.35,No
2898-MRKPI,Female,0,NO,Yes,68.0,Yes,Yes,Dsl,No,Yes,No,No,Yes,Yes,2 Year,Yes,Credit card (automatic),101.05,6770.5,No
2750-BJLSB,Female,0,n,No,47.0,Yes,No,fiber optic,Yes,No,Yes,Yes,Yes,Yes,month to month,Yes,Electronic check,103.7,4730.6,No
3648-GZPHF,FEMALE,0,No,Yes,32.0,No,No phone service,Fiber Optic,No,No,Yes,Yes,No,No,Two Year,Yes,Mailed check,36.25,1151.05,No
2075-RMJIK,fe male,0,NO,Yes,5.0,Yes,No,DSL,Yes,No,No,No,No,No,1 year,Yes,Mailed check,49.4,232.55,No
9588-YRFHY,Male,0,Yes,No,,Yes,No,fiber,No internet service,No internet service,No internet service,No internet service,No internet service,No internet service,One Year,Yes,Credit card (automatic),19.9,1022.6,No
6394-MFYNG,FEMALE,0,Yes,No,48.0,Yes,Yes,fiber optic,No,Yes,Yes,No,Yes,Yes,2 year,Yes,Bank transfer (automatic),107.4,5121.3,Yes
1564-NTYXF,FEMALE,1,No,No,13.0,Yes,Yes,fiber optic,No,No,No,No,No,Yes,2 Year,,Electronic check,82.0,1127.2,Yes
9364-YKUVW,FEMALE,0,NO,No,15.0,Yes,No,fiber,No internet service,No internet service,No internet service,No internet service,No internet service,No internet service,1 Year,Yes,Mailed check,19.8,309.4,No
5392-AKEMH,Male,0,NO,No,12.0,Yes,No,Dsl,No,No,No,No,No,No,1 Year,Yes,Electronic check,45.05,523.1,No
2451-YMUXS,fe male,1,n,No,67.0,Yes,Yes,fiber,Yes,Yes,No,Yes,No,No,2 Year,Yes,Bank transfer (automatic),64.55,4250.1,No
3914-FDRHP,Male,0,Yes,No,9.0,Yes,No,fiber optic,No,No,No,Yes,Yes,No,2 Year,No,Electronic check,86.25,770.5,No
3078-ZKNTS,Male,0,YES,Yes,13.0,Yes,No,Fiber Optic,No internet service,No internet service,No internet service,No internet service,No internet service,No internet service,One Year,Yes,Bank transfer (automatic),19.75,246.7,No
1024-KPRBB,f,0,NO,No,38.0,Yes,No,Dsl,No,No,No,No,Yes,Yes,2 year,,Mailed check,89.1,3342,No
4690-PKDQG,Female,1,No,No,42.0,Yes,Yes,DSL,No,Yes,Yes,No,Yes,No,2 Year,Yes,Electronic check,95.55,3930.6,No
8155-IBNHG,f,0,y,No,,Yes,Yes,fiber,No,No,No,No,No,No,2 Year,Yes,Credit card (automatic),75.4,1747.85,Yes
0886-QGENL,FEMALE,1,no,No,27.0,Yes,No,DSL,Yes,No,Yes,No,Yes,Yes,2 Year,Yes,Electronic check,101.25,2754.45,Yes
9547-ITEFG,m,0,Yes,Yes,9.0,Yes,Yes,fiber,No,Yes,Yes,No,Yes,Yes,1 Year,Yes,Credit card (automatic),102.6,897.75,No
1264-FUHCX,FEMALE,0,No,No,49.0,No,No phone service,DSL,No,Yes,No,Yes,Yes,Yes,2 year,Yes,Credit card (automatic),56.3,2780.6,No
7789-CRUVC,Female,1,Yes,No,61.0,Yes,Yes,DSL,Yes,Yes,Yes,Yes,No,No,2 Year,Yes,Credit card (automatic),94.2,,No
6598-KELSS,Female,0,No,Yes,50.0,No,No phone service,Dsl,Yes,Yes,No,No,Yes,No,Month-to-Month,Yes,Bank transfer (automatic),43.05,2208.05,No
8739-WWKDU,fe male,1,Yes,No,25.0,Yes,Yes,dsl,No,Yes,No,No,Yes,No,month to month,Yes,Electronic check,89.5,2196.15,Yes
8685-WHQPW,Male,1,NO,No,22.0,Yes,Yes,fiber optic,No,No,No,No,No,No,Two Year,Yes,Bank transfer (automatic),74.4,,Yes
4745-LSPLO,fe male,0,n,No,1.0,Yes,No,Fiberoptic,No internet service,No internet service,No internet service,No internet service,No internet service,No internet service,1 Year,No,Mailed check,20.5,20.5,Yes
8083-YTZES,m,0,YES,No,4.0,Yes,Yes,DSL,No,No,No,No,No,No,Two Year,Yes,Electronic check,74.35,265.35,Yes
7240-FQLHE,m,1,n,No,18.0,Yes,Yes,dsl,No,No,No,Yes,Yes,Yes,Two Year,No,Bank transfer (automatic),99.75,1836.25,Yes
6664-FPDAC,m,1,y,No,,Yes,Yes,fiber,No,Yes,Yes,Yes,Yes,Yes,2 year,Yes,Electronic check,111.95,6418.9,Yes
9972-VAFJJ,FEMALE,1,NO,No,53.0,Yes,No,Fiberoptic,No,Yes,Yes,Yes,Yes,No,1 Year,Yes,Electronic check,94.0,4871.45,No
0422-UXFAP,Female,0,NO,No,51.0,Yes,Yes,DSL,No,No,Yes,No,Yes,Yes,1 Year,Yes,Electronic check,98.85,4947.55,No
1904-WAJAA,FEMALE,0,NO,,24.0,Yes,Yes,Fiber Optic,Yes,Yes,Yes,No,No,No,Two Year,No,Electronic check,,1558.65,No
5130-YPIRV,fe male,0,n,No,62.0,Yes,No,fiber,Yes,Yes,Yes,No,Yes,No,2 Year,Yes,Credit card (automatic),72.0,4284.2,No
2843-CQMEG,fe male,0,y,No,24.0,Yes,No,Fiber Optic,No,Yes,No,No,No,No,2 year,Yes,Mailed check,49.7,1218.25,No
6439-PKTRR,fe male,0,No,Yes,70.0,Yes,Yes,Fiberoptic,Yes,Yes,Yes,Yes,Yes,No,1 Year,No,Electronic check,80.7,5617.95,No
5351-QESIO,Female,0,n,Yes,1.0,No,No phone service,Dsl,No,No,No,No,No,No,2 Year,No,Mailed check,24.2,24.2,No
0786-VSSUD,m,1,NO,No,16.0,No,No phone service,fiber,No,Yes,No,No,Yes,No,Month-to-Month,Yes,Mailed check,39.0,679.85,Yes
5568-DMXZS,m,0,Yes,No,8.0,Yes,No,DSL,No,Yes,No,Yes,Yes,No,2 year,Yes,Electronic check,65.45,554.45,No
8468-FZTOE,Male,0,no,Yes,72.0,Yes,No,Fiberoptic,Yes,Yes,Yes,Yes,No,Yes,Two Year,Yes,Electronic check,74.35,5237.4,No
6633-SYEUS,fe male,0,no,No,23.0,Yes,No,fiber optic,No,Yes,Yes,Yes,No,No,Two Year,No,Bank transfer (automatic),83.2,2032.3,No
6447-GORXK,m,0,NO,Yes,31.0,No,No phone service,Fiber Optic,No,No,No,No,No,No,month to month,No,Credit card (automatic),25.0,789.2,No
6967-PEJLL,f,0,n,Yes,37.0,No,No phone service,dsl,Yes,No,Yes,Yes,No,No,Two Year,,Electronic check,40.2,1525.35,No
3976-BWUCK,f,0,n,,30.0,Yes,Yes,Fiber Optic,No,Yes,No,Yes,Yes,No,2 Year,Yes,Credit card (automatic),94.1,2804.45,Yes
5981-ZVXOT,fe male,1,YES,,,Yes,Yes,Fiber Optic,Yes,Yes,Yes,No,Yes,Yes,Month-to-Month,Yes,Electronic check,108.35,3726.15,No
1684-FLBGS,FEMALE,0,n,Yes,23.0,Yes,Yes,Dsl,No,Yes,No,Yes,Yes,No,1 Year,Yes,Credit card (automatic),69.5,,No
1389-WNUIB,m,0,no,,20.0,Yes,Yes,fiber optic,Yes,No,No,No,Yes,Yes,One Year,No,Bank transfer (automatic),76.0,1588.75,No
0376-OIWME,Male,0,Yes,No,36.0,Yes,No,fiber optic,Yes,No,No,No,Yes,Yes,2 Year,Yes,Electronic check,93.6,3366.05,No
3585-ISXZP,Female,0,no,No,8.0,Yes,Yes,Fiber Optic,No,No,No,No,Yes,Yes,1 Year,No,Bank transfer (automatic),95.65,778.1,Yes
0218-QNVAS,f,0,Yes,Yes,71.0,Yes,Yes,dsl,No,Yes,No,No,Yes,Yes,2 year,No,Bank transfer (automatic),100.55,7113.75,No
6583-QGCSI,Male,1,n,No,50.0,Yes,Yes,dsl,No,Yes,No,No,Yes,No,1 year,Yes,Electronic check,88.05,4367.35,Yes
0804-YGEQV,m,0,Yes,Yes,43.0,Yes,Yes,dsl,No internet service,No internet service,No internet service,No internet service,No internet service,No internet service,Two Year,Yes,Bank transfer (automatic),24.45,993.15,No
7164-BPTUT,Male,0,NO,Yes,57.0,Yes,Yes,fiber optic,Yes,Yes,Yes,Yes,Yes,Yes,month to month,No,Mailed check,89.55,5012.35,No
4174-LPGTI,Male,0,no,,41.0,Yes,No,dsl,No,Yes,No,Yes,No,Yes,2 year,Yes,Bank transfer (automatic),66.5,2728.6,Yes
2523-EWWZL,Male,0,No,No,27.0,Yes,No,fiber,No,Yes,No,No,No,No,One Year,Yes,Electronic check,76.1,2093.4,No
0928-XUTSN,Female,0,y,,13.0,Yes,No,dsl,No,No,No,No,No,Yes,One Year,Yes,Electronic check,80.5,1011.8,No
2108-XWMPY,FEMALE,0,Yes,,,No,No phone service,fiber,Yes,Yes,No,No,No,No,month to month,Yes,Mailed check,35.45,106.85,Yes
0052-YNYOT,FEMALE,0,Yes,No,67.0,Yes,No,fiber optic,No internet service,No internet service,No internet service,No internet service,No internet service,No internet service,month to month,No,Electronic check,20.55,1343.4,No
6304-IJFSQ,Female,0,Yes,No,3.0,Yes,No,Fiberoptic,No,Yes,No,No,No,No,Two Year,Yes,Mailed check,49.9,130.1,Yes
9586-JGQKH,FEMALE,0,NO,No,64.0,Yes,Yes,Dsl,No,Yes,No,Yes,Yes,Yes,Two Year,Yes,Bank transfer (automatic),105.4,,No
4501-VCPFK,Male,0,n,No,26.0,No,No phone service,fiber,No,No,Yes,Yes,No,No,2 year,No,Electronic check,35.75,1022.5,No
6075-SLNIL,fe male,0,Yes,No,38.0,Yes,Yes,Dsl,No,Yes,Yes,No,No,Yes,month to month,Yes,Credit card (automatic),95.1,3691.2,No
9347-AERRL,m,0,Yes,No,23.0,Yes,No,Fiber Optic,No internet service,No internet service,No internet service,No internet service,No internet service,No internet service,2 Year,No,Credit card (automatic),19.3,,No
0093-XWZFY,m,0,Yes,No,40.0,Yes,Yes,DSL,No,Yes,Yes,No,Yes,Yes,2 Year,Yes,Credit card (automatic),104.5,4036.85,Yes
2274-XUATA,f,1,n,No,72.0,No,No phone service,Fiber Optic,Yes,Yes,Yes,Yes,Yes,Yes,Month-to-Month,Yes,Bank transfer (automatic),63.1,4685.55,No
1980-KXVPM,Male,1,YES,No,3.0,Yes,Yes,Dsl,No,No,No,No,No,No,One Year,,Credit card (automatic),75.05,256.25,Yes
7703-ZEKEF,FEMALE,0,YES,No,23.0,Yes,Yes,fiber,No,No,Yes,No,No,No,Two Year,Yes,Electronic check,81.0,1917.1,Yes
0723-DRCLG,Male,1,No,,1.0,Yes,Yes,Fiberoptic,No,No,No,No,No,No,2 year,Yes,Electronic check,74.45,74.45,Yes
5482-NUPNA,FEMALE,0,YES,No,4.0,Yes,No,fiber,Yes,Yes,No,Yes,No,No,1 year,Yes,Mailed check,60.4,272.15,Yes
6691-CCIHA,m,0,No,No,62.0,Yes,Yes,fiber,Yes,Yes,No,Yes,Yes,Yes,1 year,Yes,Electronic check,84.95,5150.55,No
1685-BQULA,m,0,YES,No,40.0,Yes,Yes,Dsl,No,Yes,Yes,No,Yes,No,Month-to-Month,Yes,Bank transfer (automatic),93.4,3756.4,No
9053-EJUNL,FEMALE,0,Yes,No,41.0,Yes,Yes,Fiberoptic,No,Yes,No,No,Yes,No,2 Year,Yes,Electronic check,89.2,3645.75,No
0666-UXTJO,m,1,No,No,34.0,Yes,No,Fiberoptic,No,No,Yes,No,Yes,No,month to month,Yes,Credit card (automatic),85.2,2874.45,No
1471-GIQKQ,fe male,0,n,No,1.0,Yes,No,Dsl,No,Yes,No,No,No,No,Two Year,No,Electronic check,49.95,49.95,No
4807-IZYOZ,m,0,y,No,51.0,Yes,No,Fiber Optic,No internet service,No internet service,No internet service,No internet service,No internet service,No internet service,One Year,No,Bank transfer (automatic),20.65,1020.75,No
1122-JWTJW,fe male,0,no,Yes,1.0,Yes,No,dsl,No,No,No,No,No,No,1 Year,Yes,Mailed check,,70.65,Yes
9710-NJERN,Female,0,NO,No,39.0,Yes,No,DSL,No internet service,No internet service,No internet service,No internet service,No internet service,No internet service,2 Year,No,Mailed check,20.15,826,No
9837-FWLCH,Female,0,Yes,Yes,12.0,Yes,No,dsl,No internet service,No internet service,No internet service,No internet service,No internet service,No internet service,2 year,,Electronic check,19.2,239,No
1699-HPSBG,fe male,0,n,No,12.0,Yes,No,fiber,No,No,No,Yes,Yes,No,Two Year,Yes,Electronic check,59.8,727.8,Yes
7203-OYKCT,m,0,NO,No,,Yes,Yes,fiber,No,Yes,Yes,No,Yes,Yes,month to month,Yes,Electronic check,104.95,7544.3,No
1035-IPQPU,fe male,1,Yes,No,63.0,Yes,Yes,Fiberoptic,No,Yes,Yes,No,Yes,Yes,One Year,Yes,Electronic check,103.5,6479.4,No
7398-LXGYX,f,0,Yes,No,44.0,Yes,Yes,Fiber Optic,Yes,No,Yes,No,No,No,month to month,Yes,Credit card (automatic),84.8,3626.35,No
2823-LKABH,f,0,NO,No,18.0,Yes,Yes,Dsl,No,No,Yes,Yes,No,Yes,Two Year,Yes,Bank transfer (automatic),,1679.4,No
8775-CEBBJ,Male,0,Yes,No,9.0,Yes,No,fiber optic,No,No,No,No,No,No,1 Year,Yes,Bank transfer (automatic),44.2,403.35,Yes
0550-DCXLH,fe male,0,no,No,13.0,Yes,No,DSL,No,Yes,No,Yes,Yes,Yes,month to month,No,Mailed check,73.35,931.55,No
9281-CEDRU,FEMALE,0,Yes,No,68.0,Yes,No,Dsl,No,Yes,No,Yes,Yes,No,One Year,No,Bank transfer (automatic),64.1,4326.25,No
2235-DWLJU,FEMALE,1,NO,No,6.0,No,No phone service,DSL,No,No,No,No,Yes,Yes,2 Year,Yes,Electronic check,44.4,,No
0871-OPBXW,fe male,0,No,No,2.0,Yes,No,Fiberoptic,No internet service,No internet service,No internet service,No internet service,No internet service,No internet service,1 year,Yes,Mailed check,,39.25,No
3605-JISKB,f,1,YES,No,55.0,Yes,Yes,Fiberoptic,Yes,Yes,No,No,No,No,2 Year,No,Credit card (automatic),,3316.1,No
6894-LFHLY,m,1,Yes,,1.0,Yes,Yes,Fiberoptic,No,No,No,No,No,No,One Year,,Electronic check,75.75,75.75,Yes
9767-FFLEM,Male,0,No,No,38.0,Yes,No,Dsl,No,No,No,No,No,No,2 year,,Credit card (automatic),69.5,2625.25,No
0639-TSIQW,m,0,NO,No,67.0,Yes,Yes,Dsl,Yes,Yes,Yes,No,Yes,No,Month-to-Month,Yes,Credit card (automatic),102.95,6886.25,Yes
8456-QDAVC,Male,0,NO,No,19.0,Yes,No,DSL,No,No,No,No,Yes,No,Month-to-Month,Yes,Bank transfer (automatic),78.7,1495.1,No
7750-EYXWZ,Female,0,y,No,12.0,No,No phone service,Fiber Optic,No,Yes,Yes,Yes,Yes,Yes,1 Year,No,Electronic check,60.65,743.3,No
2569-WGERO,Male,0,no,No,72.0,Yes,No,fiber optic,No internet service,No internet service,No internet service,No internet service,No internet service,No internet service,2 Year,Yes,Bank transfer (automatic),21.15,1419.4,No
6840-RESVB,Female,0,Yes,Yes,24.0,Yes,Yes,fiber,Yes,No,Yes,Yes,Yes,Yes,2 year,Yes,Mailed check,84.8,1990.5,No
2234-XADUH,Male,0,n,Yes,72.0,Yes,Yes,dsl,No,Yes,Yes,No,Yes,Yes,1 year,,Credit card (automatic),103.2,7362.9,No
4801-JZAZL,FEMALE,0,No,Yes,11.0,No,No phone service,dsl,Yes,No,No,No,No,No,1 Year,Yes,Electronic check,29.6,346.45,No
8361-LTMKD,FEMALE,1,YES,No,,Yes,Yes,DSL,No,No,No,No,No,No,1 year,Yes,Mailed check,74.4,306.6,Yes
3186-AJIEK,f,0,Yes,No,66.0,Yes,No,Fiberoptic,Yes,No,Yes,Yes,Yes,Yes,2 Year,Yes,Bank transfer (automatic),105.65,6844.5,No
